region_id,hour_of_day,day_of_week,is_weekend,predicted_orders
86,0,0,True,25.9
86,0,0,False,21.1
86,0,1,True,25.3
86,0,1,False,20.5
86,0,2,True,16.3
86,0,2,False,5.5
86,0,3,True,16.8
86,0,3,False,6.2
86,0,4,True,20.3
86,0,4,False,14.1
86,0,5,True,23.0
86,0,5,False,16.9
86,0,6,True,32.6
86,0,6,False,28.2
86,1,0,True,25.9
86,1,0,False,21.1
86,1,1,True,25.3
86,1,1,False,20.5
86,1,2,True,16.3
86,1,2,False,5.5
86,1,3,True,16.8
86,1,3,False,6.2
86,1,4,True,20.3
86,1,4,False,14.1
86,1,5,True,23.0
86,1,5,False,16.9
86,1,6,True,32.6
86,1,6,False,28.2
86,2,0,True,25.9
86,2,0,False,21.1
86,2,1,True,25.3
86,2,1,False,20.5
86,2,2,True,16.3
86,2,2,False,5.5
86,2,3,True,16.8
86,2,3,False,6.2
86,2,4,True,20.3
86,2,4,False,14.1
86,2,5,True,23.0
86,2,5,False,16.9
86,2,6,True,32.6
86,2,6,False,28.2
86,3,0,True,25.9
86,3,0,False,21.1
86,3,1,True,25.3
86,3,1,False,20.5
86,3,2,True,16.3
86,3,2,False,5.5
86,3,3,True,16.8
86,3,3,False,6.2
86,3,4,True,20.3
86,3,4,False,14.1
86,3,5,True,23.0
86,3,5,False,16.9
86,3,6,True,32.6
86,3,6,False,28.2
86,4,0,True,25.9
86,4,0,False,21.1
86,4,1,True,25.3
86,4,1,False,20.5
86,4,2,True,16.3
86,4,2,False,5.5
86,4,3,True,16.8
86,4,3,False,6.2
86,4,4,True,20.3
86,4,4,False,14.1
86,4,5,True,23.0
86,4,5,False,16.9
86,4,6,True,32.6
86,4,6,False,28.2
86,5,0,True,25.9
86,5,0,False,21.1
86,5,1,True,25.3
86,5,1,False,20.5
86,5,2,True,16.3
86,5,2,False,5.5
86,5,3,True,16.8
86,5,3,False,6.2
86,5,4,True,20.3
86,5,4,False,14.1
86,5,5,True,23.0
86,5,5,False,16.9
86,5,6,True,32.6
86,5,6,False,28.2
86,6,0,True,33.7
86,6,0,False,30.6
86,6,1,True,32.2
86,6,1,False,29.9
86,6,2,True,19.3
86,6,2,False,8.6
86,6,3,True,19.7
86,6,3,False,7.2
86,6,4,True,23.3
86,6,4,False,15.5
86,6,5,True,25.8
86,6,5,False,18.0
86,6,6,True,34.3
86,6,6,False,29.5
86,7,0,True,159.2
86,7,0,False,109.0
86,7,1,True,159.5
86,7,1,False,108.0
86,7,2,True,122.9
86,7,2,False,32.7
86,7,3,True,124.4
86,7,3,False,36.3
86,7,4,True,162.1
86,7,4,False,88.8
86,7,5,True,194.5
86,7,5,False,121.2
86,7,6,True,192.1
86,7,6,False,129.5
86,8,0,True,1232.0
86,8,0,False,1212.7
86,8,1,True,1140.4
86,8,1,False,1110.1
86,8,2,True,1050.4
86,8,2,False,983.1
86,8,3,True,1019.9
86,8,3,False,938.0
86,8,4,True,1020.3
86,8,4,False,935.5
86,8,5,True,1035.8
86,8,5,False,950.9
86,8,6,True,1066.9
86,8,6,False,981.0
86,9,0,True,1334.0
86,9,0,False,1341.2
86,9,1,True,1291.6
86,9,1,False,1298.0
86,9,2,True,1439.1
86,9,2,False,1469.1
86,9,3,True,1457.4
86,9,3,False,1483.3
86,9,4,True,1453.1
86,9,4,False,1483.2
86,9,5,True,1437.3
86,9,5,False,1467.4
86,9,6,True,1434.3
86,9,6,False,1463.4
86,10,0,True,290.1
86,10,0,False,290.1
86,10,1,True,295.0
86,10,1,False,295.0
86,10,2,True,306.9
86,10,2,False,308.0
86,10,3,True,355.5
86,10,3,False,356.6
86,10,4,True,286.4
86,10,4,False,287.0
86,10,5,True,285.1
86,10,5,False,285.7
86,10,6,True,285.1
86,10,6,False,285.7
86,11,0,True,88.8
86,11,0,False,100.3
86,11,1,True,91.0
86,11,1,False,102.8
86,11,2,True,80.4
86,11,2,False,89.4
86,11,3,True,92.5
86,11,3,False,104.5
86,11,4,True,89.0
86,11,4,False,97.6
86,11,5,True,87.7
86,11,5,False,96.3
86,11,6,True,63.3
86,11,6,False,73.1
86,12,0,True,114.2
86,12,0,False,116.6
86,12,1,True,117.0
86,12,1,False,119.5
86,12,2,True,91.0
86,12,2,False,92.3
86,12,3,True,84.8
86,12,3,False,85.7
86,12,4,True,95.1
86,12,4,False,96.6
86,12,5,True,95.7
86,12,5,False,97.2
86,12,6,True,95.4
86,12,6,False,97.4
86,13,0,True,90.3
86,13,0,False,80.3
86,13,1,True,91.6
86,13,1,False,81.8
86,13,2,True,106.6
86,13,2,False,99.6
86,13,3,True,108.6
86,13,3,False,100.3
86,13,4,True,109.4
86,13,4,False,101.1
86,13,5,True,112.2
86,13,5,False,103.9
86,13,6,True,112.2
86,13,6,False,103.9
86,14,0,True,97.9
86,14,0,False,86.3
86,14,1,True,82.1
86,14,1,False,60.0
86,14,2,True,97.0
86,14,2,False,75.4
86,14,3,True,102.7
86,14,3,False,81.4
86,14,4,True,104.6
86,14,4,False,83.3
86,14,5,True,112.3
86,14,5,False,91.0
86,14,6,True,112.3
86,14,6,False,91.0
86,15,0,True,44.1
86,15,0,False,34.6
86,15,1,True,53.3
86,15,1,False,46.2
86,15,2,True,53.3
86,15,2,False,42.9
86,15,3,True,49.5
86,15,3,False,35.0
86,15,4,True,51.0
86,15,4,False,36.2
86,15,5,True,58.6
86,15,5,False,43.8
86,15,6,True,66.2
86,15,6,False,51.8
86,16,0,True,25.3
86,16,0,False,12.6
86,16,1,True,25.3
86,16,1,False,12.5
86,16,2,True,26.4
86,16,2,False,14.3
86,16,3,True,24.7
86,16,3,False,7.2
86,16,4,True,31.2
86,16,4,False,14.6
86,16,5,True,39.4
86,16,5,False,22.8
86,16,6,True,35.8
86,16,6,False,22.8
86,17,0,True,17.4
86,17,0,False,8.4
86,17,1,True,17.6
86,17,1,False,8.7
86,17,2,True,16.2
86,17,2,False,6.8
86,17,3,True,16.1
86,17,3,False,4.8
86,17,4,True,23.9
86,17,4,False,13.6
86,17,5,True,28.9
86,17,5,False,18.5
86,17,6,True,23.0
86,17,6,False,16.8
86,18,0,True,16.4
86,18,0,False,9.5
86,18,1,True,16.2
86,18,1,False,9.1
86,18,2,True,14.8
86,18,2,False,6.9
86,18,3,True,14.4
86,18,3,False,5.8
86,18,4,True,26.5
86,18,4,False,19.3
86,18,5,True,30.7
86,18,5,False,23.5
86,18,6,True,24.8
86,18,6,False,21.7
86,19,0,True,4.7
86,19,0,False,3.7
86,19,1,True,4.6
86,19,1,False,3.4
86,19,2,True,5.0
86,19,2,False,3.9
86,19,3,True,4.3
86,19,3,False,3.2
86,19,4,True,5.5
86,19,4,False,5.0
86,19,5,True,5.4
86,19,5,False,4.9
86,19,6,True,6.2
86,19,6,False,6.0
86,20,0,True,1.9
86,20,0,False,2.0
86,20,1,True,1.8
86,20,1,False,1.8
86,20,2,True,1.7
86,20,2,False,1.7
86,20,3,True,2.8
86,20,3,False,3.4
86,20,4,True,3.2
86,20,4,False,4.2
86,20,5,True,2.8
86,20,5,False,3.8
86,20,6,True,6.6
86,20,6,False,6.6
86,21,0,True,1.2
86,21,0,False,1.2
86,21,1,True,1.2
86,21,1,False,1.1
86,21,2,True,1.4
86,21,2,False,1.3
86,21,3,True,2.1
86,21,3,False,2.3
86,21,4,True,2.1
86,21,4,False,2.4
86,21,5,True,2.0
86,21,5,False,2.3
86,21,6,True,3.5
86,21,6,False,3.4
86,22,0,True,1.2
86,22,0,False,1.2
86,22,1,True,1.2
86,22,1,False,1.1
86,22,2,True,1.3
86,22,2,False,1.3
86,22,3,True,1.9
86,22,3,False,2.0
86,22,4,True,1.9
86,22,4,False,2.2
86,22,5,True,1.8
86,22,5,False,2.1
86,22,6,True,2.6
86,22,6,False,2.5
86,23,0,True,1.2
86,23,0,False,1.2
86,23,1,True,1.2
86,23,1,False,1.1
86,23,2,True,1.3
86,23,2,False,1.3
86,23,3,True,1.9
86,23,3,False,2.0
86,23,4,True,1.9
86,23,4,False,2.2
86,23,5,True,1.8
86,23,5,False,2.1
86,23,6,True,2.6
86,23,6,False,2.5
95,0,0,True,26.8
95,0,0,False,23.2
95,0,1,True,26.7
95,0,1,False,23.2
95,0,2,True,21.8
95,0,2,False,18.0
95,0,3,True,20.6
95,0,3,False,16.8
95,0,4,True,19.9
95,0,4,False,16.2
95,0,5,True,22.6
95,0,5,False,19.0
95,0,6,True,20.9
95,0,6,False,20.1
95,1,0,True,26.8
95,1,0,False,23.2
95,1,1,True,26.7
95,1,1,False,23.2
95,1,2,True,21.8
95,1,2,False,18.0
95,1,3,True,20.6
95,1,3,False,16.8
95,1,4,True,19.9
95,1,4,False,16.2
95,1,5,True,22.6
95,1,5,False,19.0
95,1,6,True,20.9
95,1,6,False,20.1
95,2,0,True,26.8
95,2,0,False,23.2
95,2,1,True,26.7
95,2,1,False,23.2
95,2,2,True,21.8
95,2,2,False,18.0
95,2,3,True,20.6
95,2,3,False,16.8
95,2,4,True,19.9
95,2,4,False,16.2
95,2,5,True,22.6
95,2,5,False,19.0
95,2,6,True,20.9
95,2,6,False,20.1
95,3,0,True,26.8
95,3,0,False,23.2
95,3,1,True,26.7
95,3,1,False,23.2
95,3,2,True,21.8
95,3,2,False,18.0
95,3,3,True,20.6
95,3,3,False,16.8
95,3,4,True,19.9
95,3,4,False,16.2
95,3,5,True,22.6
95,3,5,False,19.0
95,3,6,True,20.9
95,3,6,False,20.1
95,4,0,True,26.8
95,4,0,False,23.2
95,4,1,True,26.7
95,4,1,False,23.2
95,4,2,True,21.8
95,4,2,False,18.0
95,4,3,True,20.6
95,4,3,False,16.8
95,4,4,True,19.9
95,4,4,False,16.2
95,4,5,True,22.6
95,4,5,False,19.0
95,4,6,True,20.9
95,4,6,False,20.1
95,5,0,True,26.8
95,5,0,False,23.2
95,5,1,True,26.7
95,5,1,False,23.2
95,5,2,True,21.8
95,5,2,False,18.0
95,5,3,True,20.6
95,5,3,False,16.8
95,5,4,True,19.9
95,5,4,False,16.2
95,5,5,True,22.6
95,5,5,False,19.0
95,5,6,True,20.9
95,5,6,False,20.1
95,6,0,True,37.3
95,6,0,False,34.8
95,6,1,True,37.3
95,6,1,False,35.7
95,6,2,True,28.0
95,6,2,False,23.6
95,6,3,True,25.6
95,6,3,False,18.6
95,6,4,True,25.5
95,6,4,False,18.6
95,6,5,True,27.6
95,6,5,False,20.8
95,6,6,True,24.2
95,6,6,False,22.1
95,7,0,True,78.8
95,7,0,False,71.0
95,7,1,True,73.5
95,7,1,False,66.6
95,7,2,True,65.0
95,7,2,False,49.0
95,7,3,True,65.4
95,7,3,False,51.7
95,7,4,True,71.4
95,7,4,False,54.0
95,7,5,True,83.9
95,7,5,False,66.5
95,7,6,True,74.1
95,7,6,False,65.6
95,8,0,True,231.0
95,8,0,False,234.2
95,8,1,True,254.7
95,8,1,False,258.1
95,8,2,True,243.1
95,8,2,False,247.0
95,8,3,True,201.0
95,8,3,False,203.9
95,8,4,True,196.0
95,8,4,False,196.4
95,8,5,True,197.2
95,8,5,False,197.7
95,8,6,True,184.4
95,8,6,False,187.9
95,9,0,True,154.8
95,9,0,False,154.3
95,9,1,True,151.5
95,9,1,False,149.4
95,9,2,True,140.0
95,9,2,False,137.8
95,9,3,True,140.2
95,9,3,False,137.5
95,9,4,True,136.9
95,9,4,False,133.6
95,9,5,True,137.7
95,9,5,False,134.4
95,9,6,True,145.0
95,9,6,False,141.6
95,10,0,True,123.3
95,10,0,False,110.5
95,10,1,True,105.1
95,10,1,False,92.1
95,10,2,True,96.5
95,10,2,False,86.6
95,10,3,True,112.6
95,10,3,False,102.8
95,10,4,True,101.1
95,10,4,False,87.9
95,10,5,True,108.5
95,10,5,False,95.2
95,10,6,True,93.9
95,10,6,False,87.2
95,11,0,True,29.0
95,11,0,False,23.8
95,11,1,True,27.5
95,11,1,False,22.3
95,11,2,True,27.5
95,11,2,False,24.5
95,11,3,True,29.0
95,11,3,False,27.5
95,11,4,True,34.0
95,11,4,False,34.0
95,11,5,True,33.3
95,11,5,False,33.3
95,11,6,True,39.5
95,11,6,False,38.4
95,12,0,True,17.3
95,12,0,False,14.4
95,12,1,True,18.3
95,12,1,False,16.2
95,12,2,True,16.5
95,12,2,False,14.1
95,12,3,True,11.7
95,12,3,False,8.9
95,12,4,True,25.5
95,12,4,False,26.2
95,12,5,True,26.1
95,12,5,False,26.8
95,12,6,True,27.3
95,12,6,False,29.6
95,13,0,True,14.8
95,13,0,False,14.3
95,13,1,True,8.1
95,13,1,False,7.2
95,13,2,True,15.5
95,13,2,False,14.7
95,13,3,True,15.0
95,13,3,False,14.0
95,13,4,True,14.9
95,13,4,False,13.8
95,13,5,True,14.7
95,13,5,False,13.7
95,13,6,True,16.8
95,13,6,False,16.0
95,14,0,True,7.5
95,14,0,False,6.6
95,14,1,True,7.1
95,14,1,False,6.1
95,14,2,True,7.2
95,14,2,False,6.0
95,14,3,True,12.9
95,14,3,False,12.1
95,14,4,True,11.0
95,14,4,False,9.8
95,14,5,True,10.7
95,14,5,False,9.6
95,14,6,True,14.4
95,14,6,False,13.6
95,15,0,True,12.9
95,15,0,False,11.1
95,15,1,True,12.8
95,15,1,False,11.0
95,15,2,True,12.1
95,15,2,False,10.1
95,15,3,True,14.1
95,15,3,False,12.6
95,15,4,True,12.5
95,15,4,False,11.1
95,15,5,True,12.5
95,15,5,False,11.0
95,15,6,True,23.9
95,15,6,False,22.3
95,16,0,True,9.9
95,16,0,False,6.0
95,16,1,True,9.7
95,16,1,False,5.7
95,16,2,True,9.2
95,16,2,False,4.8
95,16,3,True,10.0
95,16,3,False,5.4
95,16,4,True,10.3
95,16,4,False,4.8
95,16,5,True,13.4
95,16,5,False,7.9
95,16,6,True,8.0
95,16,6,False,6.3
95,17,0,True,2.2
95,17,0,False,1.9
95,17,1,True,1.7
95,17,1,False,1.3
95,17,2,True,1.6
95,17,2,False,1.1
95,17,3,True,1.6
95,17,3,False,1.3
95,17,4,True,3.3
95,17,4,False,4.4
95,17,5,True,2.5
95,17,5,False,3.7
95,17,6,True,3.4
95,17,6,False,4.4
95,18,0,True,2.8
95,18,0,False,2.0
95,18,1,True,2.0
95,18,1,False,1.1
95,18,2,True,1.9
95,18,2,False,1.0
95,18,3,True,2.0
95,18,3,False,1.1
95,18,4,True,3.2
95,18,4,False,2.7
95,18,5,True,3.0
95,18,5,False,2.5
95,18,6,True,6.1
95,18,6,False,5.4
95,19,0,True,3.2
95,19,0,False,2.7
95,19,1,True,3.1
95,19,1,False,2.6
95,19,2,True,2.7
95,19,2,False,2.3
95,19,3,True,2.5
95,19,3,False,2.1
95,19,4,True,2.4
95,19,4,False,2.2
95,19,5,True,2.6
95,19,5,False,2.3
95,19,6,True,2.0
95,19,6,False,2.3
95,20,0,True,1.7
95,20,0,False,1.7
95,20,1,True,1.4
95,20,1,False,1.4
95,20,2,True,1.3
95,20,2,False,1.3
95,20,3,True,1.9
95,20,3,False,2.0
95,20,4,True,2.1
95,20,4,False,2.3
95,20,5,True,2.0
95,20,5,False,2.2
95,20,6,True,4.8
95,20,6,False,4.8
95,21,0,True,1.3
95,21,0,False,1.2
95,21,1,True,1.1
95,21,1,False,1.0
95,21,2,True,1.1
95,21,2,False,1.1
95,21,3,True,1.8
95,21,3,False,1.9
95,21,4,True,1.4
95,21,4,False,1.6
95,21,5,True,1.4
95,21,5,False,1.6
95,21,6,True,2.6
95,21,6,False,2.6
95,22,0,True,1.1
95,22,0,False,1.0
95,22,1,True,1.0
95,22,1,False,1.0
95,22,2,True,1.1
95,22,2,False,1.0
95,22,3,True,1.5
95,22,3,False,1.5
95,22,4,True,1.3
95,22,4,False,1.4
95,22,5,True,1.3
95,22,5,False,1.4
95,22,6,True,1.9
95,22,6,False,1.9
95,23,0,True,1.1
95,23,0,False,1.0
95,23,1,True,1.0
95,23,1,False,1.0
95,23,2,True,1.1
95,23,2,False,1.0
95,23,3,True,1.5
95,23,3,False,1.5
95,23,4,True,1.3
95,23,4,False,1.4
95,23,5,True,1.3
95,23,5,False,1.4
95,23,6,True,1.9
95,23,6,False,1.9
102,0,0,True,31.2
102,0,0,False,10.6
102,0,1,True,29.7
102,0,1,False,9.0
102,0,2,True,29.0
102,0,2,False,7.5
102,0,3,True,27.9
102,0,3,False,6.2
102,0,4,True,32.9
102,0,4,False,10.9
102,0,5,True,45.6
102,0,5,False,23.6
102,0,6,True,39.5
102,0,6,False,24.2
102,1,0,True,31.2
102,1,0,False,10.6
102,1,1,True,29.7
102,1,1,False,9.0
102,1,2,True,29.0
102,1,2,False,7.5
102,1,3,True,27.9
102,1,3,False,6.2
102,1,4,True,32.9
102,1,4,False,10.9
102,1,5,True,45.6
102,1,5,False,23.6
102,1,6,True,39.5
102,1,6,False,24.2
102,2,0,True,31.2
102,2,0,False,10.6
102,2,1,True,29.7
102,2,1,False,9.0
102,2,2,True,29.0
102,2,2,False,7.5
102,2,3,True,27.9
102,2,3,False,6.2
102,2,4,True,32.9
102,2,4,False,10.9
102,2,5,True,45.6
102,2,5,False,23.6
102,2,6,True,39.5
102,2,6,False,24.2
102,3,0,True,31.2
102,3,0,False,10.6
102,3,1,True,29.7
102,3,1,False,9.0
102,3,2,True,29.0
102,3,2,False,7.5
102,3,3,True,27.9
102,3,3,False,6.2
102,3,4,True,32.9
102,3,4,False,10.9
102,3,5,True,45.6
102,3,5,False,23.6
102,3,6,True,39.5
102,3,6,False,24.2
102,4,0,True,31.2
102,4,0,False,10.6
102,4,1,True,29.7
102,4,1,False,9.0
102,4,2,True,29.0
102,4,2,False,7.5
102,4,3,True,27.9
102,4,3,False,6.2
102,4,4,True,32.9
102,4,4,False,10.9
102,4,5,True,45.6
102,4,5,False,23.6
102,4,6,True,39.5
102,4,6,False,24.2
102,5,0,True,31.2
102,5,0,False,10.6
102,5,1,True,29.7
102,5,1,False,9.0
102,5,2,True,29.0
102,5,2,False,7.5
102,5,3,True,27.9
102,5,3,False,6.2
102,5,4,True,32.9
102,5,4,False,10.9
102,5,5,True,45.6
102,5,5,False,23.6
102,5,6,True,39.5
102,5,6,False,24.2
102,6,0,True,48.1
102,6,0,False,28.2
102,6,1,True,46.8
102,6,1,False,28.2
102,6,2,True,41.2
102,6,2,False,18.2
102,6,3,True,38.0
102,6,3,False,10.5
102,6,4,True,45.9
102,6,4,False,18.2
102,6,5,True,57.6
102,6,5,False,29.9
102,6,6,True,47.3
102,6,6,False,29.7
102,7,0,True,61.0
102,7,0,False,46.0
102,7,1,True,52.4
102,7,1,False,36.2
102,7,2,True,46.4
102,7,2,False,21.6
102,7,3,True,45.1
102,7,3,False,20.0
102,7,4,True,50.2
102,7,4,False,19.0
102,7,5,True,64.6
102,7,5,False,33.4
102,7,6,True,61.6
102,7,6,False,37.7
102,8,0,True,36.5
102,8,0,False,35.0
102,8,1,True,50.8
102,8,1,False,47.3
102,8,2,True,38.7
102,8,2,False,34.7
102,8,3,True,49.1
102,8,3,False,48.3
102,8,4,True,34.5
102,8,4,False,40.4
102,8,5,True,38.0
102,8,5,False,43.9
102,8,6,True,61.5
102,8,6,False,66.8
102,9,0,True,256.5
102,9,0,False,265.4
102,9,1,True,276.4
102,9,1,False,284.3
102,9,2,True,276.5
102,9,2,False,283.8
102,9,3,True,303.8
102,9,3,False,316.7
102,9,4,True,322.7
102,9,4,False,362.6
102,9,5,True,299.7
102,9,5,False,339.6
102,9,6,True,325.6
102,9,6,False,357.4
102,10,0,True,1040.2
102,10,0,False,1037.1
102,10,1,True,1028.3
102,10,1,False,1025.3
102,10,2,True,1000.7
102,10,2,False,993.9
102,10,3,True,1049.6
102,10,3,False,1051.9
102,10,4,True,998.3
102,10,4,False,1025.9
102,10,5,True,990.3
102,10,5,False,1017.9
102,10,6,True,986.6
102,10,6,False,1012.5
102,11,0,True,156.8
102,11,0,False,144.2
102,11,1,True,118.3
102,11,1,False,84.7
102,11,2,True,137.3
102,11,2,False,99.1
102,11,3,True,172.3
102,11,3,False,132.0
102,11,4,True,168.7
102,11,4,False,146.2
102,11,5,True,181.5
102,11,5,False,158.9
102,11,6,True,174.0
102,11,6,False,164.5
102,12,0,True,46.8
102,12,0,False,42.4
102,12,1,True,45.4
102,12,1,False,43.3
102,12,2,True,43.0
102,12,2,False,38.5
102,12,3,True,40.5
102,12,3,False,36.4
102,12,4,True,55.8
102,12,4,False,53.6
102,12,5,True,54.0
102,12,5,False,51.7
102,12,6,True,59.9
102,12,6,False,56.3
102,13,0,True,45.9
102,13,0,False,40.5
102,13,1,True,43.6
102,13,1,False,36.1
102,13,2,True,40.6
102,13,2,False,26.0
102,13,3,True,40.7
102,13,3,False,24.7
102,13,4,True,40.1
102,13,4,False,21.6
102,13,5,True,46.2
102,13,5,False,27.7
102,13,6,True,32.4
102,13,6,False,23.7
102,14,0,True,52.8
102,14,0,False,39.1
102,14,1,True,54.1
102,14,1,False,40.1
102,14,2,True,52.4
102,14,2,False,32.4
102,14,3,True,50.8
102,14,3,False,28.1
102,14,4,True,52.2
102,14,4,False,30.2
102,14,5,True,58.8
102,14,5,False,36.7
102,14,6,True,42.9
102,14,6,False,32.2
102,15,0,True,36.3
102,15,0,False,26.9
102,15,1,True,39.5
102,15,1,False,30.4
102,15,2,True,40.8
102,15,2,False,33.8
102,15,3,True,41.5
102,15,3,False,34.2
102,15,4,True,35.5
102,15,4,False,24.3
102,15,5,True,39.2
102,15,5,False,28.0
102,15,6,True,43.1
102,15,6,False,35.1
102,16,0,True,13.1
102,16,0,False,13.0
102,16,1,True,11.6
102,16,1,False,11.1
102,16,2,True,13.0
102,16,2,False,12.7
102,16,3,True,17.7
102,16,3,False,19.1
102,16,4,True,12.5
102,16,4,False,11.8
102,16,5,True,11.9
102,16,5,False,11.2
102,16,6,True,16.4
102,16,6,False,15.0
102,17,0,True,2.8
102,17,0,False,2.9
102,17,1,True,2.4
102,17,1,False,2.3
102,17,2,True,2.1
102,17,2,False,2.0
102,17,3,True,2.4
102,17,3,False,2.6
102,17,4,True,4.2
102,17,4,False,6.4
102,17,5,True,2.7
102,17,5,False,4.9
102,17,6,True,2.3
102,17,6,False,4.5
102,18,0,True,3.1
102,18,0,False,2.2
102,18,1,True,2.3
102,18,1,False,1.3
102,18,2,True,2.3
102,18,2,False,1.2
102,18,3,True,2.5
102,18,3,False,1.8
102,18,4,True,4.4
102,18,4,False,4.3
102,18,5,True,4.0
102,18,5,False,3.9
102,18,6,True,4.4
102,18,6,False,5.0
102,19,0,True,4.5
102,19,0,False,4.0
102,19,1,True,4.4
102,19,1,False,3.9
102,19,2,True,4.0
102,19,2,False,3.6
102,19,3,True,3.7
102,19,3,False,3.5
102,19,4,True,3.7
102,19,4,False,3.5
102,19,5,True,3.8
102,19,5,False,3.7
102,19,6,True,3.1
102,19,6,False,3.7
102,20,0,True,1.9
102,20,0,False,1.9
102,20,1,True,1.6
102,20,1,False,1.5
102,20,2,True,1.5
102,20,2,False,1.5
102,20,3,True,2.0
102,20,3,False,2.1
102,20,4,True,2.1
102,20,4,False,2.3
102,20,5,True,2.0
102,20,5,False,2.2
102,20,6,True,3.1
102,20,6,False,3.2
102,21,0,True,1.5
102,21,0,False,1.4
102,21,1,True,1.1
102,21,1,False,1.1
102,21,2,True,1.2
102,21,2,False,1.2
102,21,3,True,1.8
102,21,3,False,1.9
102,21,4,True,1.4
102,21,4,False,1.5
102,21,5,True,1.3
102,21,5,False,1.4
102,21,6,True,2.2
102,21,6,False,2.2
102,22,0,True,1.2
102,22,0,False,1.1
102,22,1,True,1.1
102,22,1,False,1.0
102,22,2,True,1.1
102,22,2,False,1.1
102,22,3,True,1.5
102,22,3,False,1.5
102,22,4,True,1.3
102,22,4,False,1.3
102,22,5,True,1.2
102,22,5,False,1.3
102,22,6,True,1.8
102,22,6,False,1.8
102,23,0,True,1.2
102,23,0,False,1.1
102,23,1,True,1.1
102,23,1,False,1.0
102,23,2,True,1.1
102,23,2,False,1.1
102,23,3,True,1.5
102,23,3,False,1.5
102,23,4,True,1.3
102,23,4,False,1.3
102,23,5,True,1.2
102,23,5,False,1.3
102,23,6,True,1.8
102,23,6,False,1.8
111,0,0,True,34.9
111,0,0,False,15.4
111,0,1,True,32.3
111,0,1,False,10.6
111,0,2,True,32.1
111,0,2,False,9.6
111,0,3,True,34.0
111,0,3,False,10.4
111,0,4,True,41.8
111,0,4,False,18.2
111,0,5,True,55.6
111,0,5,False,32.0
111,0,6,True,45.2
111,0,6,False,29.3
111,1,0,True,34.9
111,1,0,False,15.4
111,1,1,True,32.3
111,1,1,False,10.6
111,1,2,True,32.1
111,1,2,False,9.6
111,1,3,True,34.0
111,1,3,False,10.4
111,1,4,True,41.8
111,1,4,False,18.2
111,1,5,True,55.6
111,1,5,False,32.0
111,1,6,True,45.2
111,1,6,False,29.3
111,2,0,True,34.9
111,2,0,False,15.4
111,2,1,True,32.3
111,2,1,False,10.6
111,2,2,True,32.1
111,2,2,False,9.6
111,2,3,True,34.0
111,2,3,False,10.4
111,2,4,True,41.8
111,2,4,False,18.2
111,2,5,True,55.6
111,2,5,False,32.0
111,2,6,True,45.2
111,2,6,False,29.3
111,3,0,True,34.9
111,3,0,False,15.4
111,3,1,True,32.3
111,3,1,False,10.6
111,3,2,True,32.1
111,3,2,False,9.6
111,3,3,True,34.0
111,3,3,False,10.4
111,3,4,True,41.8
111,3,4,False,18.2
111,3,5,True,55.6
111,3,5,False,32.0
111,3,6,True,45.2
111,3,6,False,29.3
111,4,0,True,34.9
111,4,0,False,15.4
111,4,1,True,32.3
111,4,1,False,10.6
111,4,2,True,32.1
111,4,2,False,9.6
111,4,3,True,34.0
111,4,3,False,10.4
111,4,4,True,41.8
111,4,4,False,18.2
111,4,5,True,55.6
111,4,5,False,32.0
111,4,6,True,45.2
111,4,6,False,29.3
111,5,0,True,34.9
111,5,0,False,15.4
111,5,1,True,32.3
111,5,1,False,10.6
111,5,2,True,32.1
111,5,2,False,9.6
111,5,3,True,34.0
111,5,3,False,10.4
111,5,4,True,41.8
111,5,4,False,18.2
111,5,5,True,55.6
111,5,5,False,32.0
111,5,6,True,45.2
111,5,6,False,29.3
111,6,0,True,56.0
111,6,0,False,38.0
111,6,1,True,52.1
111,6,1,False,33.5
111,6,2,True,47.1
111,6,2,False,24.1
111,6,3,True,46.4
111,6,3,False,17.4
111,6,4,True,57.0
111,6,4,False,29.1
111,6,5,True,69.7
111,6,5,False,41.8
111,6,6,True,53.7
111,6,6,False,36.9
111,7,0,True,111.7
111,7,0,False,86.8
111,7,1,True,91.1
111,7,1,False,58.6
111,7,2,True,81.9
111,7,2,False,37.4
111,7,3,True,85.0
111,7,3,False,39.4
111,7,4,True,121.6
111,7,4,False,84.8
111,7,5,True,141.8
111,7,5,False,105.0
111,7,6,True,133.7
111,7,6,False,103.6
111,8,0,True,142.3
111,8,0,False,91.9
111,8,1,True,129.3
111,8,1,False,70.9
111,8,2,True,131.1
111,8,2,False,70.8
111,8,3,True,162.7
111,8,3,False,106.4
111,8,4,True,172.4
111,8,4,False,116.1
111,8,5,True,193.5
111,8,5,False,137.2
111,8,6,True,158.7
111,8,6,False,127.1
111,9,0,True,413.1
111,9,0,False,271.3
111,9,1,True,419.3
111,9,1,False,274.6
111,9,2,True,384.2
111,9,2,False,198.6
111,9,3,True,403.1
111,9,3,False,220.2
111,9,4,True,462.1
111,9,4,False,277.0
111,9,5,True,513.1
111,9,5,False,328.0
111,9,6,True,472.1
111,9,6,False,326.3
111,10,0,True,2939.4
111,10,0,False,2888.9
111,10,1,True,2983.0
111,10,1,False,2933.8
111,10,2,True,2746.5
111,10,2,False,2652.2
111,10,3,True,2650.7
111,10,3,False,2522.5
111,10,4,True,2580.8
111,10,4,False,2404.1
111,10,5,True,2644.3
111,10,5,False,2467.6
111,10,6,True,2631.0
111,10,6,False,2478.6
111,11,0,True,1394.8
111,11,0,False,1416.6
111,11,1,True,1285.2
111,11,1,False,1283.9
111,11,2,True,1271.5
111,11,2,False,1258.8
111,11,3,True,1416.5
111,11,3,False,1489.7
111,11,4,True,1454.9
111,11,4,False,1527.6
111,11,5,True,1354.0
111,11,5,False,1426.7
111,11,6,True,1608.8
111,11,6,False,1626.5
111,12,0,True,383.6
111,12,0,False,371.8
111,12,1,True,326.6
111,12,1,False,311.8
111,12,2,True,291.5
111,12,2,False,266.6
111,12,3,True,351.9
111,12,3,False,332.4
111,12,4,True,336.4
111,12,4,False,309.0
111,12,5,True,342.5
111,12,5,False,315.1
111,12,6,True,337.5
111,12,6,False,314.0
111,13,0,True,156.6
111,13,0,False,157.8
111,13,1,True,167.3
111,13,1,False,169.6
111,13,2,True,163.9
111,13,2,False,167.3
111,13,3,True,155.0
111,13,3,False,160.1
111,13,4,True,141.0
111,13,4,False,138.8
111,13,5,True,140.1
111,13,5,False,138.0
111,13,6,True,138.1
111,13,6,False,137.0
111,14,0,True,150.6
111,14,0,False,150.8
111,14,1,True,151.5
111,14,1,False,151.3
111,14,2,True,153.0
111,14,2,False,154.2
111,14,3,True,154.0
111,14,3,False,158.0
111,14,4,True,141.9
111,14,4,False,135.8
111,14,5,True,142.9
111,14,5,False,136.8
111,14,6,True,148.3
111,14,6,False,140.6
111,15,0,True,135.7
111,15,0,False,110.9
111,15,1,True,132.3
111,15,1,False,104.3
111,15,2,True,145.7
111,15,2,False,122.1
111,15,3,True,193.6
111,15,3,False,186.5
111,15,4,True,165.1
111,15,4,False,126.2
111,15,5,True,174.9
111,15,5,False,136.1
111,15,6,True,184.1
111,15,6,False,145.9
111,16,0,True,85.1
111,16,0,False,82.5
111,16,1,True,84.7
111,16,1,False,80.5
111,16,2,True,84.6
111,16,2,False,82.5
111,16,3,True,113.6
111,16,3,False,111.1
111,16,4,True,123.2
111,16,4,False,121.3
111,16,5,True,124.7
111,16,5,False,122.7
111,16,6,True,112.2
111,16,6,False,112.6
111,17,0,True,69.4
111,17,0,False,68.6
111,17,1,True,68.1
111,17,1,False,66.9
111,17,2,True,58.6
111,17,2,False,54.6
111,17,3,True,56.6
111,17,3,False,49.4
111,17,4,True,57.5
111,17,4,False,50.1
111,17,5,True,59.0
111,17,5,False,51.6
111,17,6,True,60.9
111,17,6,False,53.5
111,18,0,True,41.4
111,18,0,False,35.3
111,18,1,True,51.5
111,18,1,False,43.9
111,18,2,True,57.0
111,18,2,False,49.5
111,18,3,True,52.6
111,18,3,False,41.8
111,18,4,True,52.9
111,18,4,False,41.5
111,18,5,True,54.2
111,18,5,False,42.8
111,18,6,True,62.0
111,18,6,False,50.6
111,19,0,True,18.2
111,19,0,False,18.7
111,19,1,True,18.2
111,19,1,False,18.7
111,19,2,True,17.8
111,19,2,False,18.6
111,19,3,True,18.4
111,19,3,False,19.5
111,19,4,True,18.4
111,19,4,False,19.5
111,19,5,True,17.8
111,19,5,False,18.9
111,19,6,True,17.9
111,19,6,False,18.8
111,20,0,True,2.2
111,20,0,False,2.2
111,20,1,True,1.8
111,20,1,False,1.8
111,20,2,True,1.7
111,20,2,False,1.8
111,20,3,True,2.2
111,20,3,False,2.3
111,20,4,True,2.3
111,20,4,False,2.5
111,20,5,True,2.1
111,20,5,False,2.3
111,20,6,True,3.8
111,20,6,False,3.9
111,21,0,True,1.7
111,21,0,False,1.8
111,21,1,True,1.3
111,21,1,False,1.3
111,21,2,True,1.3
111,21,2,False,1.3
111,21,3,True,2.0
111,21,3,False,2.1
111,21,4,True,1.4
111,21,4,False,1.6
111,21,5,True,1.3
111,21,5,False,1.5
111,21,6,True,2.2
111,21,6,False,2.2
111,22,0,True,1.3
111,22,0,False,1.3
111,22,1,True,1.2
111,22,1,False,1.2
111,22,2,True,1.1
111,22,2,False,1.1
111,22,3,True,1.5
111,22,3,False,1.6
111,22,4,True,1.3
111,22,4,False,1.4
111,22,5,True,1.2
111,22,5,False,1.3
111,22,6,True,1.9
111,22,6,False,1.9
111,23,0,True,1.3
111,23,0,False,1.3
111,23,1,True,1.2
111,23,1,False,1.2
111,23,2,True,1.1
111,23,2,False,1.1
111,23,3,True,1.5
111,23,3,False,1.6
111,23,4,True,1.3
111,23,4,False,1.4
111,23,5,True,1.2
111,23,5,False,1.3
111,23,6,True,1.9
111,23,6,False,1.9
115,0,0,True,66.5
115,0,0,False,24.0
115,0,1,True,67.3
115,0,1,False,27.0
115,0,2,True,60.8
115,0,2,False,14.8
115,0,3,True,59.6
115,0,3,False,8.5
115,0,4,True,76.8
115,0,4,False,24.6
115,0,5,True,104.0
115,0,5,False,51.8
115,0,6,True,53.0
115,0,6,False,31.9
115,1,0,True,66.5
115,1,0,False,24.0
115,1,1,True,67.3
115,1,1,False,27.0
115,1,2,True,60.8
115,1,2,False,14.8
115,1,3,True,59.6
115,1,3,False,8.5
115,1,4,True,76.8
115,1,4,False,24.6
115,1,5,True,104.0
115,1,5,False,51.8
115,1,6,True,53.0
115,1,6,False,31.9
115,2,0,True,66.5
115,2,0,False,24.0
115,2,1,True,67.3
115,2,1,False,27.0
115,2,2,True,60.8
115,2,2,False,14.8
115,2,3,True,59.6
115,2,3,False,8.5
115,2,4,True,76.8
115,2,4,False,24.6
115,2,5,True,104.0
115,2,5,False,51.8
115,2,6,True,53.0
115,2,6,False,31.9
115,3,0,True,66.5
115,3,0,False,24.0
115,3,1,True,67.3
115,3,1,False,27.0
115,3,2,True,60.8
115,3,2,False,14.8
115,3,3,True,59.6
115,3,3,False,8.5
115,3,4,True,76.8
115,3,4,False,24.6
115,3,5,True,104.0
115,3,5,False,51.8
115,3,6,True,53.0
115,3,6,False,31.9
115,4,0,True,66.5
115,4,0,False,24.0
115,4,1,True,67.3
115,4,1,False,27.0
115,4,2,True,60.8
115,4,2,False,14.8
115,4,3,True,59.6
115,4,3,False,8.5
115,4,4,True,76.8
115,4,4,False,24.6
115,4,5,True,104.0
115,4,5,False,51.8
115,4,6,True,53.0
115,4,6,False,31.9
115,5,0,True,66.5
115,5,0,False,24.0
115,5,1,True,67.3
115,5,1,False,27.0
115,5,2,True,60.8
115,5,2,False,14.8
115,5,3,True,59.6
115,5,3,False,8.5
115,5,4,True,76.8
115,5,4,False,24.6
115,5,5,True,104.0
115,5,5,False,51.8
115,5,6,True,53.0
115,5,6,False,31.9
115,6,0,True,77.4
115,6,0,False,34.5
115,6,1,True,80.2
115,6,1,False,42.2
115,6,2,True,68.6
115,6,2,False,21.0
115,6,3,True,64.9
115,6,3,False,8.9
115,6,4,True,85.4
115,6,4,False,29.0
115,6,5,True,111.0
115,6,5,False,54.6
115,6,6,True,56.7
115,6,6,False,34.8
115,7,0,True,214.8
115,7,0,False,214.4
115,7,1,True,163.6
115,7,1,False,161.1
115,7,2,True,127.9
115,7,2,False,115.3
115,7,3,True,139.6
115,7,3,False,130.6
115,7,4,True,191.0
115,7,4,False,202.5
115,7,5,True,194.2
115,7,5,False,205.8
115,7,6,True,191.0
115,7,6,False,200.5
115,8,0,True,768.7
115,8,0,False,737.2
115,8,1,True,794.9
115,8,1,False,768.5
115,8,2,True,795.8
115,8,2,False,770.8
115,8,3,True,778.0
115,8,3,False,742.2
115,8,4,True,765.2
115,8,4,False,721.1
115,8,5,True,772.3
115,8,5,False,728.2
115,8,6,True,833.8
115,8,6,False,793.4
115,9,0,True,376.3
115,9,0,False,438.9
115,9,1,True,395.6
115,9,1,False,486.8
115,9,2,True,390.9
115,9,2,False,479.5
115,9,3,True,389.0
115,9,3,False,475.0
115,9,4,True,366.7
115,9,4,False,456.1
115,9,5,True,327.6
115,9,5,False,417.0
115,9,6,True,374.8
115,9,6,False,436.4
115,10,0,True,506.4
115,10,0,False,471.5
115,10,1,True,493.0
115,10,1,False,456.9
115,10,2,True,436.6
115,10,2,False,376.5
115,10,3,True,396.2
115,10,3,False,334.0
115,10,4,True,384.0
115,10,4,False,329.2
115,10,5,True,387.7
115,10,5,False,332.8
115,10,6,True,400.7
115,10,6,False,365.3
115,11,0,True,98.4
115,11,0,False,78.1
115,11,1,True,70.6
115,11,1,False,42.9
115,11,2,True,106.1
115,11,2,False,72.8
115,11,3,True,104.0
115,11,3,False,65.1
115,11,4,True,109.2
115,11,4,False,69.0
115,11,5,True,123.1
115,11,5,False,82.9
115,11,6,True,126.9
115,11,6,False,89.5
115,12,0,True,40.6
115,12,0,False,38.3
115,12,1,True,42.8
115,12,1,False,43.7
115,12,2,True,41.8
115,12,2,False,41.3
115,12,3,True,40.3
115,12,3,False,39.1
115,12,4,True,40.3
115,12,4,False,38.8
115,12,5,True,39.2
115,12,5,False,37.7
115,12,6,True,29.3
115,12,6,False,33.0
115,13,0,True,30.8
115,13,0,False,19.9
115,13,1,True,29.9
115,13,1,False,19.4
115,13,2,True,27.2
115,13,2,False,16.1
115,13,3,True,25.5
115,13,3,False,14.3
115,13,4,True,42.5
115,13,4,False,31.6
115,13,5,True,48.7
115,13,5,False,37.7
115,13,6,True,23.5
115,13,6,False,22.4
115,14,0,True,9.0
115,14,0,False,6.6
115,14,1,True,9.5
115,14,1,False,7.3
115,14,2,True,12.3
115,14,2,False,10.7
115,14,3,True,8.7
115,14,3,False,6.9
115,14,4,True,12.5
115,14,4,False,13.5
115,14,5,True,12.6
115,14,5,False,13.6
115,14,6,True,11.1
115,14,6,False,14.0
115,15,0,True,4.8
115,15,0,False,3.0
115,15,1,True,5.2
115,15,1,False,3.5
115,15,2,True,7.0
115,15,2,False,5.5
115,15,3,True,6.3
115,15,3,False,3.9
115,15,4,True,7.3
115,15,4,False,4.7
115,15,5,True,7.7
115,15,5,False,5.1
115,15,6,True,29.3
115,15,6,False,26.6
115,16,0,True,6.0
115,16,0,False,6.1
115,16,1,True,4.7
115,16,1,False,4.5
115,16,2,True,3.7
115,16,2,False,3.6
115,16,3,True,10.7
115,16,3,False,13.7
115,16,4,True,10.0
115,16,4,False,13.0
115,16,5,True,8.7
115,16,5,False,11.7
115,16,6,True,7.0
115,16,6,False,9.4
115,17,0,True,4.4
115,17,0,False,4.1
115,17,1,True,5.7
115,17,1,False,5.7
115,17,2,True,3.7
115,17,2,False,3.5
115,17,3,True,6.6
115,17,3,False,7.8
115,17,4,True,5.7
115,17,4,False,7.1
115,17,5,True,4.8
115,17,5,False,6.2
115,17,6,True,5.0
115,17,6,False,5.9
115,18,0,True,6.9
115,18,0,False,7.1
115,18,1,True,8.5
115,18,1,False,8.9
115,18,2,True,4.3
115,18,2,False,4.1
115,18,3,True,5.3
115,18,3,False,5.5
115,18,4,True,4.5
115,18,4,False,4.7
115,18,5,True,4.2
115,18,5,False,4.4
115,18,6,True,6.4
115,18,6,False,6.6
115,19,0,True,4.3
115,19,0,False,3.5
115,19,1,True,4.0
115,19,1,False,3.2
115,19,2,True,5.4
115,19,2,False,5.3
115,19,3,True,4.0
115,19,3,False,3.9
115,19,4,True,4.0
115,19,4,False,3.7
115,19,5,True,3.9
115,19,5,False,3.6
115,19,6,True,2.9
115,19,6,False,3.2
115,20,0,True,2.1
115,20,0,False,2.0
115,20,1,True,1.6
115,20,1,False,1.4
115,20,2,True,1.7
115,20,2,False,1.5
115,20,3,True,2.3
115,20,3,False,2.1
115,20,4,True,2.5
115,20,4,False,2.4
115,20,5,True,2.6
115,20,5,False,2.5
115,20,6,True,6.0
115,20,6,False,5.8
115,21,0,True,1.9
115,21,0,False,1.9
115,21,1,True,1.4
115,21,1,False,1.4
115,21,2,True,1.4
115,21,2,False,1.4
115,21,3,True,2.2
115,21,3,False,2.2
115,21,4,True,1.6
115,21,4,False,1.6
115,21,5,True,1.6
115,21,5,False,1.7
115,21,6,True,3.1
115,21,6,False,3.0
115,22,0,True,1.3
115,22,0,False,1.3
115,22,1,True,1.2
115,22,1,False,1.1
115,22,2,True,1.2
115,22,2,False,1.1
115,22,3,True,1.7
115,22,3,False,1.7
115,22,4,True,1.4
115,22,4,False,1.4
115,22,5,True,1.5
115,22,5,False,1.4
115,22,6,True,2.5
115,22,6,False,2.4
115,23,0,True,1.3
115,23,0,False,1.3
115,23,1,True,1.2
115,23,1,False,1.1
115,23,2,True,1.2
115,23,2,False,1.1
115,23,3,True,1.7
115,23,3,False,1.7
115,23,4,True,1.4
115,23,4,False,1.4
115,23,5,True,1.5
115,23,5,False,1.4
115,23,6,True,2.5
115,23,6,False,2.4
118,0,0,True,62.5
118,0,0,False,23.1
118,0,1,True,64.2
118,0,1,False,26.9
118,0,2,True,58.2
118,0,2,False,17.0
118,0,3,True,59.5
118,0,3,False,15.0
118,0,4,True,77.3
118,0,4,False,30.8
118,0,5,True,104.5
118,0,5,False,58.1
118,0,6,True,57.2
118,0,6,False,38.0
118,1,0,True,62.5
118,1,0,False,23.1
118,1,1,True,64.2
118,1,1,False,26.9
118,1,2,True,58.2
118,1,2,False,17.0
118,1,3,True,59.5
118,1,3,False,15.0
118,1,4,True,77.3
118,1,4,False,30.8
118,1,5,True,104.5
118,1,5,False,58.1
118,1,6,True,57.2
118,1,6,False,38.0
118,2,0,True,62.5
118,2,0,False,23.1
118,2,1,True,64.2
118,2,1,False,26.9
118,2,2,True,58.2
118,2,2,False,17.0
118,2,3,True,59.5
118,2,3,False,15.0
118,2,4,True,77.3
118,2,4,False,30.8
118,2,5,True,104.5
118,2,5,False,58.1
118,2,6,True,57.2
118,2,6,False,38.0
118,3,0,True,62.5
118,3,0,False,23.1
118,3,1,True,64.2
118,3,1,False,26.9
118,3,2,True,58.2
118,3,2,False,17.0
118,3,3,True,59.5
118,3,3,False,15.0
118,3,4,True,77.3
118,3,4,False,30.8
118,3,5,True,104.5
118,3,5,False,58.1
118,3,6,True,57.2
118,3,6,False,38.0
118,4,0,True,62.5
118,4,0,False,23.1
118,4,1,True,64.2
118,4,1,False,26.9
118,4,2,True,58.2
118,4,2,False,17.0
118,4,3,True,59.5
118,4,3,False,15.0
118,4,4,True,77.3
118,4,4,False,30.8
118,4,5,True,104.5
118,4,5,False,58.1
118,4,6,True,57.2
118,4,6,False,38.0
118,5,0,True,62.5
118,5,0,False,23.1
118,5,1,True,64.2
118,5,1,False,26.9
118,5,2,True,58.2
118,5,2,False,17.0
118,5,3,True,59.5
118,5,3,False,15.0
118,5,4,True,77.3
118,5,4,False,30.8
118,5,5,True,104.5
118,5,5,False,58.1
118,5,6,True,57.2
118,5,6,False,38.0
118,6,0,True,72.6
118,6,0,False,32.8
118,6,1,True,75.9
118,6,1,False,40.2
118,6,2,True,65.2
118,6,2,False,22.7
118,6,3,True,64.0
118,6,3,False,15.2
118,6,4,True,85.1
118,6,4,False,34.8
118,6,5,True,110.7
118,6,5,False,60.4
118,6,6,True,60.4
118,6,6,False,40.6
118,7,0,True,196.2
118,7,0,False,189.1
118,7,1,True,149.5
118,7,1,False,140.5
118,7,2,True,121.2
118,7,2,False,104.1
118,7,3,True,133.6
118,7,3,False,121.3
118,7,4,True,179.8
118,7,4,False,185.7
118,7,5,True,185.6
118,7,5,False,191.5
118,7,6,True,181.0
118,7,6,False,187.0
118,8,0,True,74.6
118,8,0,False,68.4
118,8,1,True,65.5
118,8,1,False,59.3
118,8,2,True,89.4
118,8,2,False,84.2
118,8,3,True,85.0
118,8,3,False,79.3
118,8,4,True,33.1
118,8,4,False,27.3
118,8,5,True,30.0
118,8,5,False,24.2
118,8,6,True,75.0
118,8,6,False,67.0
118,9,0,True,66.3
118,9,0,False,70.8
118,9,1,True,61.3
118,9,1,False,64.9
118,9,2,True,65.3
118,9,2,False,70.6
118,9,3,True,75.4
118,9,3,False,81.2
118,9,4,True,46.0
118,9,4,False,51.5
118,9,5,True,37.5
118,9,5,False,43.0
118,9,6,True,39.0
118,9,6,False,44.1
118,10,0,True,102.7
118,10,0,False,92.8
118,10,1,True,60.2
118,10,1,False,48.5
118,10,2,True,79.8
118,10,2,False,68.1
118,10,3,True,100.8
118,10,3,False,86.4
118,10,4,True,81.1
118,10,4,False,63.0
118,10,5,True,89.6
118,10,5,False,71.5
118,10,6,True,81.3
118,10,6,False,71.1
118,11,0,True,125.4
118,11,0,False,126.3
118,11,1,True,136.4
118,11,1,False,137.5
118,11,2,True,147.6
118,11,2,False,137.9
118,11,3,True,137.3
118,11,3,False,125.9
118,11,4,True,133.4
118,11,4,False,122.0
118,11,5,True,134.5
118,11,5,False,123.1
118,11,6,True,132.7
118,11,6,False,121.4
118,12,0,True,96.3
118,12,0,False,101.3
118,12,1,True,106.3
118,12,1,False,116.4
118,12,2,True,104.5
118,12,2,False,114.1
118,12,3,True,104.0
118,12,3,False,113.7
118,12,4,True,95.5
118,12,4,False,103.6
118,12,5,True,94.7
118,12,5,False,102.9
118,12,6,True,65.3
118,12,6,False,76.9
118,13,0,True,21.8
118,13,0,False,16.6
118,13,1,True,18.1
118,13,1,False,12.4
118,13,2,True,18.8
118,13,2,False,13.2
118,13,3,True,22.9
118,13,3,False,20.4
118,13,4,True,26.0
118,13,4,False,24.7
118,13,5,True,25.2
118,13,5,False,23.9
118,13,6,True,20.9
118,13,6,False,22.0
118,14,0,True,13.9
118,14,0,False,14.6
118,14,1,True,12.8
118,14,1,False,13.7
118,14,2,True,20.4
118,14,2,False,23.7
118,14,3,True,11.5
118,14,3,False,15.1
118,14,4,True,8.9
118,14,4,False,13.5
118,14,5,True,6.9
118,14,5,False,11.6
118,14,6,True,10.5
118,14,6,False,13.4
118,15,0,True,5.1
118,15,0,False,5.1
118,15,1,True,3.8
118,15,1,False,3.1
118,15,2,True,6.5
118,15,2,False,6.1
118,15,3,True,4.1
118,15,3,False,2.8
118,15,4,True,3.8
118,15,4,False,2.1
118,15,5,True,4.3
118,15,5,False,2.6
118,15,6,True,17.8
118,15,6,False,16.4
118,16,0,True,3.0
118,16,0,False,3.1
118,16,1,True,3.1
118,16,1,False,3.0
118,16,2,True,2.6
118,16,2,False,2.5
118,16,3,True,8.1
118,16,3,False,10.8
118,16,4,True,6.7
118,16,4,False,9.5
118,16,5,True,5.6
118,16,5,False,8.4
118,16,6,True,3.1
118,16,6,False,5.4
118,17,0,True,3.7
118,17,0,False,3.5
118,17,1,True,5.0
118,17,1,False,5.2
118,17,2,True,3.4
118,17,2,False,3.3
118,17,3,True,6.0
118,17,3,False,7.4
118,17,4,True,5.0
118,17,4,False,6.5
118,17,5,True,4.2
118,17,5,False,5.7
118,17,6,True,4.1
118,17,6,False,5.2
118,18,0,True,5.9
118,18,0,False,6.2
118,18,1,True,7.6
118,18,1,False,8.1
118,18,2,True,4.1
118,18,2,False,4.1
118,18,3,True,4.9
118,18,3,False,5.2
118,18,4,True,4.0
118,18,4,False,4.4
118,18,5,True,3.7
118,18,5,False,4.1
118,18,6,True,6.0
118,18,6,False,6.3
118,19,0,True,4.3
118,19,0,False,3.5
118,19,1,True,4.0
118,19,1,False,3.2
118,19,2,True,5.4
118,19,2,False,5.3
118,19,3,True,4.0
118,19,3,False,3.9
118,19,4,True,4.0
118,19,4,False,3.7
118,19,5,True,3.9
118,19,5,False,3.6
118,19,6,True,2.9
118,19,6,False,3.2
118,20,0,True,2.2
118,20,0,False,2.1
118,20,1,True,1.6
118,20,1,False,1.4
118,20,2,True,1.7
118,20,2,False,1.5
118,20,3,True,2.3
118,20,3,False,2.1
118,20,4,True,2.5
118,20,4,False,2.4
118,20,5,True,2.6
118,20,5,False,2.5
118,20,6,True,6.0
118,20,6,False,5.8
118,21,0,True,1.9
118,21,0,False,1.9
118,21,1,True,1.4
118,21,1,False,1.4
118,21,2,True,1.4
118,21,2,False,1.4
118,21,3,True,2.2
118,21,3,False,2.2
118,21,4,True,1.6
118,21,4,False,1.6
118,21,5,True,1.6
118,21,5,False,1.7
118,21,6,True,3.1
118,21,6,False,3.0
118,22,0,True,1.3
118,22,0,False,1.3
118,22,1,True,1.2
118,22,1,False,1.1
118,22,2,True,1.2
118,22,2,False,1.1
118,22,3,True,1.7
118,22,3,False,1.7
118,22,4,True,1.4
118,22,4,False,1.4
118,22,5,True,1.5
118,22,5,False,1.4
118,22,6,True,2.5
118,22,6,False,2.4
118,23,0,True,1.3
118,23,0,False,1.3
118,23,1,True,1.2
118,23,1,False,1.1
118,23,2,True,1.2
118,23,2,False,1.1
118,23,3,True,1.7
118,23,3,False,1.7
118,23,4,True,1.4
118,23,4,False,1.4
118,23,5,True,1.5
118,23,5,False,1.4
118,23,6,True,2.5
118,23,6,False,2.4
128,0,0,True,47.1
128,0,0,False,25.4
128,0,1,True,49.2
128,0,1,False,26.8
128,0,2,True,47.6
128,0,2,False,25.0
128,0,3,True,54.4
128,0,3,False,34.5
128,0,4,True,68.3
128,0,4,False,47.8
128,0,5,True,84.5
128,0,5,False,64.0
128,0,6,True,73.6
128,0,6,False,60.1
128,1,0,True,47.1
128,1,0,False,25.4
128,1,1,True,49.2
128,1,1,False,26.8
128,1,2,True,47.6
128,1,2,False,25.0
128,1,3,True,54.4
128,1,3,False,34.5
128,1,4,True,68.3
128,1,4,False,47.8
128,1,5,True,84.5
128,1,5,False,64.0
128,1,6,True,73.6
128,1,6,False,60.1
128,2,0,True,47.1
128,2,0,False,25.4
128,2,1,True,49.2
128,2,1,False,26.8
128,2,2,True,47.6
128,2,2,False,25.0
128,2,3,True,54.4
128,2,3,False,34.5
128,2,4,True,68.3
128,2,4,False,47.8
128,2,5,True,84.5
128,2,5,False,64.0
128,2,6,True,73.6
128,2,6,False,60.1
128,3,0,True,47.1
128,3,0,False,25.4
128,3,1,True,49.2
128,3,1,False,26.8
128,3,2,True,47.6
128,3,2,False,25.0
128,3,3,True,54.4
128,3,3,False,34.5
128,3,4,True,68.3
128,3,4,False,47.8
128,3,5,True,84.5
128,3,5,False,64.0
128,3,6,True,73.6
128,3,6,False,60.1
128,4,0,True,47.1
128,4,0,False,25.4
128,4,1,True,49.2
128,4,1,False,26.8
128,4,2,True,47.6
128,4,2,False,25.0
128,4,3,True,54.4
128,4,3,False,34.5
128,4,4,True,68.3
128,4,4,False,47.8
128,4,5,True,84.5
128,4,5,False,64.0
128,4,6,True,73.6
128,4,6,False,60.1
128,5,0,True,47.1
128,5,0,False,25.4
128,5,1,True,49.2
128,5,1,False,26.8
128,5,2,True,47.6
128,5,2,False,25.0
128,5,3,True,54.4
128,5,3,False,34.5
128,5,4,True,68.3
128,5,4,False,47.8
128,5,5,True,84.5
128,5,5,False,64.0
128,5,6,True,73.6
128,5,6,False,60.1
128,6,0,True,57.5
128,6,0,False,35.3
128,6,1,True,59.7
128,6,1,False,37.1
128,6,2,True,55.2
128,6,2,False,32.0
128,6,3,True,62.8
128,6,3,False,42.7
128,6,4,True,79.1
128,6,4,False,58.6
128,6,5,True,91.6
128,6,5,False,71.1
128,6,6,True,79.7
128,6,6,False,66.3
128,7,0,True,86.6
128,7,0,False,48.8
128,7,1,True,86.2
128,7,1,False,48.6
128,7,2,True,82.2
128,7,2,False,43.7
128,7,3,True,86.5
128,7,3,False,47.4
128,7,4,True,94.9
128,7,4,False,54.9
128,7,5,True,113.9
128,7,5,False,73.9
128,7,6,True,103.2
128,7,6,False,70.6
128,8,0,True,87.8
128,8,0,False,71.4
128,8,1,True,93.7
128,8,1,False,76.1
128,8,2,True,127.5
128,8,2,False,108.5
128,8,3,True,116.8
128,8,3,False,95.2
128,8,4,True,81.4
128,8,4,False,58.9
128,8,5,True,82.3
128,8,5,False,59.8
128,8,6,True,129.8
128,8,6,False,109.2
128,9,0,True,275.6
128,9,0,False,279.6
128,9,1,True,293.9
128,9,1,False,296.8
128,9,2,True,319.3
128,9,2,False,324.2
128,9,3,True,327.0
128,9,3,False,339.9
128,9,4,True,296.3
128,9,4,False,305.8
128,9,5,True,298.1
128,9,5,False,307.6
128,9,6,True,298.2
128,9,6,False,308.1
128,10,0,True,934.2
128,10,0,False,940.1
128,10,1,True,927.8
128,10,1,False,933.2
128,10,2,True,937.3
128,10,2,False,935.8
128,10,3,True,999.9
128,10,3,False,1004.1
128,10,4,True,988.4
128,10,4,False,987.2
128,10,5,True,982.6
128,10,5,False,981.4
128,10,6,True,999.2
128,10,6,False,998.0
128,11,0,True,472.0
128,11,0,False,474.2
128,11,1,True,417.0
128,11,1,False,419.2
128,11,2,True,446.6
128,11,2,False,448.3
128,11,3,True,576.1
128,11,3,False,587.6
128,11,4,True,528.8
128,11,4,False,545.6
128,11,5,True,513.6
128,11,5,False,530.5
128,11,6,True,509.6
128,11,6,False,526.4
128,12,0,True,182.0
128,12,0,False,195.0
128,12,1,True,185.0
128,12,1,False,198.2
128,12,2,True,186.3
128,12,2,False,199.6
128,12,3,True,168.1
128,12,3,False,177.1
128,12,4,True,182.2
128,12,4,False,203.7
128,12,5,True,179.8
128,12,5,False,201.3
128,12,6,True,161.8
128,12,6,False,184.3
128,13,0,True,52.8
128,13,0,False,47.7
128,13,1,True,58.0
128,13,1,False,52.2
128,13,2,True,57.0
128,13,2,False,51.2
128,13,3,True,89.4
128,13,3,False,83.0
128,13,4,True,76.8
128,13,4,False,66.9
128,13,5,True,77.2
128,13,5,False,67.3
128,13,6,True,85.2
128,13,6,False,74.7
128,14,0,True,96.2
128,14,0,False,97.1
128,14,1,True,111.1
128,14,1,False,112.8
128,14,2,True,83.8
128,14,2,False,83.4
128,14,3,True,91.7
128,14,3,False,90.9
128,14,4,True,90.1
128,14,4,False,95.5
128,14,5,True,89.1
128,14,5,False,94.5
128,14,6,True,93.0
128,14,6,False,96.6
128,15,0,True,72.4
128,15,0,False,64.5
128,15,1,True,75.3
128,15,1,False,67.3
128,15,2,True,71.7
128,15,2,False,63.3
128,15,3,True,91.4
128,15,3,False,83.5
128,15,4,True,93.9
128,15,4,False,85.3
128,15,5,True,94.8
128,15,5,False,86.1
128,15,6,True,108.2
128,15,6,False,99.4
128,16,0,True,26.3
128,16,0,False,26.4
128,16,1,True,26.1
128,16,1,False,26.2
128,16,2,True,19.4
128,16,2,False,19.3
128,16,3,True,51.6
128,16,3,False,53.5
128,16,4,True,38.7
128,16,4,False,37.5
128,16,5,True,38.2
128,16,5,False,37.1
128,16,6,True,38.7
128,16,6,False,37.7
128,17,0,True,19.1
128,17,0,False,20.2
128,17,1,True,18.7
128,17,1,False,19.4
128,17,2,True,17.7
128,17,2,False,18.1
128,17,3,True,16.1
128,17,3,False,16.3
128,17,4,True,15.8
128,17,4,False,15.2
128,17,5,True,15.5
128,17,5,False,14.9
128,17,6,True,14.0
128,17,6,False,14.1
128,18,0,True,13.8
128,18,0,False,14.7
128,18,1,True,10.9
128,18,1,False,11.7
128,18,2,True,9.9
128,18,2,False,10.6
128,18,3,True,8.9
128,18,3,False,9.5
128,18,4,True,8.6
128,18,4,False,9.1
128,18,5,True,8.3
128,18,5,False,8.8
128,18,6,True,16.7
128,18,6,False,16.1
128,19,0,True,4.3
128,19,0,False,4.0
128,19,1,True,3.3
128,19,1,False,2.9
128,19,2,True,5.9
128,19,2,False,6.2
128,19,3,True,3.5
128,19,3,False,3.4
128,19,4,True,3.5
128,19,4,False,3.1
128,19,5,True,3.5
128,19,5,False,3.2
128,19,6,True,2.5
128,19,6,False,3.0
128,20,0,True,2.3
128,20,0,False,2.3
128,20,1,True,1.4
128,20,1,False,1.3
128,20,2,True,1.5
128,20,2,False,1.4
128,20,3,True,1.7
128,20,3,False,1.6
128,20,4,True,2.3
128,20,4,False,2.3
128,20,5,True,2.3
128,20,5,False,2.3
128,20,6,True,4.4
128,20,6,False,4.3
128,21,0,True,2.4
128,21,0,False,2.5
128,21,1,True,1.5
128,21,1,False,1.6
128,21,2,True,1.6
128,21,2,False,1.7
128,21,3,True,2.3
128,21,3,False,2.3
128,21,4,True,1.5
128,21,4,False,1.6
128,21,5,True,1.5
128,21,5,False,1.6
128,21,6,True,2.2
128,21,6,False,2.2
128,22,0,True,1.3
128,22,0,False,1.3
128,22,1,True,1.2
128,22,1,False,1.2
128,22,2,True,1.2
128,22,2,False,1.2
128,22,3,True,1.6
128,22,3,False,1.6
128,22,4,True,1.3
128,22,4,False,1.3
128,22,5,True,1.3
128,22,5,False,1.3
128,22,6,True,1.4
128,22,6,False,1.4
128,23,0,True,1.3
128,23,0,False,1.3
128,23,1,True,1.2
128,23,1,False,1.2
128,23,2,True,1.2
128,23,2,False,1.2
128,23,3,True,1.6
128,23,3,False,1.6
128,23,4,True,1.3
128,23,4,False,1.3
128,23,5,True,1.3
128,23,5,False,1.3
128,23,6,True,1.4
128,23,6,False,1.4
137,0,0,True,19.2
137,0,0,False,18.1
137,0,1,True,20.0
137,0,1,False,19.6
137,0,2,True,18.7
137,0,2,False,19.1
137,0,3,True,14.9
137,0,3,False,16.1
137,0,4,True,18.0
137,0,4,False,21.1
137,0,5,True,18.0
137,0,5,False,21.2
137,0,6,True,16.2
137,0,6,False,22.8
137,1,0,True,19.2
137,1,0,False,18.1
137,1,1,True,20.0
137,1,1,False,19.6
137,1,2,True,18.7
137,1,2,False,19.1
137,1,3,True,14.9
137,1,3,False,16.1
137,1,4,True,18.0
137,1,4,False,21.1
137,1,5,True,18.0
137,1,5,False,21.2
137,1,6,True,16.2
137,1,6,False,22.8
137,2,0,True,19.2
137,2,0,False,18.1
137,2,1,True,20.0
137,2,1,False,19.6
137,2,2,True,18.7
137,2,2,False,19.1
137,2,3,True,14.9
137,2,3,False,16.1
137,2,4,True,18.0
137,2,4,False,21.1
137,2,5,True,18.0
137,2,5,False,21.2
137,2,6,True,16.2
137,2,6,False,22.8
137,3,0,True,19.2
137,3,0,False,18.1
137,3,1,True,20.0
137,3,1,False,19.6
137,3,2,True,18.7
137,3,2,False,19.1
137,3,3,True,14.9
137,3,3,False,16.1
137,3,4,True,18.0
137,3,4,False,21.1
137,3,5,True,18.0
137,3,5,False,21.2
137,3,6,True,16.2
137,3,6,False,22.8
137,4,0,True,19.2
137,4,0,False,18.1
137,4,1,True,20.0
137,4,1,False,19.6
137,4,2,True,18.7
137,4,2,False,19.1
137,4,3,True,14.9
137,4,3,False,16.1
137,4,4,True,18.0
137,4,4,False,21.1
137,4,5,True,18.0
137,4,5,False,21.2
137,4,6,True,16.2
137,4,6,False,22.8
137,5,0,True,19.2
137,5,0,False,18.1
137,5,1,True,20.0
137,5,1,False,19.6
137,5,2,True,18.7
137,5,2,False,19.1
137,5,3,True,14.9
137,5,3,False,16.1
137,5,4,True,18.0
137,5,4,False,21.1
137,5,5,True,18.0
137,5,5,False,21.2
137,5,6,True,16.2
137,5,6,False,22.8
137,6,0,True,25.2
137,6,0,False,25.1
137,6,1,True,28.4
137,6,1,False,29.9
137,6,2,True,24.0
137,6,2,False,25.0
137,6,3,True,18.9
137,6,3,False,20.7
137,6,4,True,22.6
137,6,4,False,27.0
137,6,5,True,18.5
137,6,5,False,22.8
137,6,6,True,16.7
137,6,6,False,24.2
137,7,0,True,89.0
137,7,0,False,65.5
137,7,1,True,88.2
137,7,1,False,61.8
137,7,2,True,88.2
137,7,2,False,61.8
137,7,3,True,73.8
137,7,3,False,38.2
137,7,4,True,81.0
137,7,4,False,43.2
137,7,5,True,101.6
137,7,5,False,63.7
137,7,6,True,93.1
137,7,6,False,65.1
137,8,0,True,485.9
137,8,0,False,475.3
137,8,1,True,472.0
137,8,1,False,459.0
137,8,2,True,479.5
137,8,2,False,477.6
137,8,3,True,492.2
137,8,3,False,488.4
137,8,4,True,447.1
137,8,4,False,450.3
137,8,5,True,447.3
137,8,5,False,450.5
137,8,6,True,542.5
137,8,6,False,543.1
137,9,0,True,75.7
137,9,0,False,82.4
137,9,1,True,110.5
137,9,1,False,118.7
137,9,2,True,89.1
137,9,2,False,102.4
137,9,3,True,120.5
137,9,3,False,133.7
137,9,4,True,115.8
137,9,4,False,140.7
137,9,5,True,118.5
137,9,5,False,143.5
137,9,6,True,110.9
137,9,6,False,130.0
137,10,0,True,308.4
137,10,0,False,312.4
137,10,1,True,292.1
137,10,1,False,296.7
137,10,2,True,283.8
137,10,2,False,288.3
137,10,3,True,299.5
137,10,3,False,304.5
137,10,4,True,286.5
137,10,4,False,303.9
137,10,5,True,287.3
137,10,5,False,304.7
137,10,6,True,321.1
137,10,6,False,331.6
137,11,0,True,272.0
137,11,0,False,276.6
137,11,1,True,290.8
137,11,1,False,295.4
137,11,2,True,275.6
137,11,2,False,280.6
137,11,3,True,265.9
137,11,3,False,271.1
137,11,4,True,257.9
137,11,4,False,263.0
137,11,5,True,252.7
137,11,5,False,257.8
137,11,6,True,244.1
137,11,6,False,248.7
137,12,0,True,135.5
137,12,0,False,124.4
137,12,1,True,138.1
137,12,1,False,127.1
137,12,2,True,134.5
137,12,2,False,122.0
137,12,3,True,133.7
137,12,3,False,121.1
137,12,4,True,146.4
137,12,4,False,136.9
137,12,5,True,148.2
137,12,5,False,138.7
137,12,6,True,138.2
137,12,6,False,131.4
137,13,0,True,67.2
137,13,0,False,64.5
137,13,1,True,62.1
137,13,1,False,58.5
137,13,2,True,64.6
137,13,2,False,61.1
137,13,3,True,95.4
137,13,3,False,95.9
137,13,4,True,81.5
137,13,4,False,79.6
137,13,5,True,80.5
137,13,5,False,78.6
137,13,6,True,85.5
137,13,6,False,82.3
137,14,0,True,93.1
137,14,0,False,95.5
137,14,1,True,91.7
137,14,1,False,94.5
137,14,2,True,77.7
137,14,2,False,79.5
137,14,3,True,86.5
137,14,3,False,92.6
137,14,4,True,88.9
137,14,4,False,105.9
137,14,5,True,82.7
137,14,5,False,99.7
137,14,6,True,86.9
137,14,6,False,100.3
137,15,0,True,64.1
137,15,0,False,60.3
137,15,1,True,61.4
137,15,1,False,57.0
137,15,2,True,66.9
137,15,2,False,65.1
137,15,3,True,78.5
137,15,3,False,80.4
137,15,4,True,75.9
137,15,4,False,77.1
137,15,5,True,73.9
137,15,5,False,75.1
137,15,6,True,94.9
137,15,6,False,92.9
137,16,0,True,19.7
137,16,0,False,18.5
137,16,1,True,18.0
137,16,1,False,16.7
137,16,2,True,14.3
137,16,2,False,12.9
137,16,3,True,29.6
137,16,3,False,28.0
137,16,4,True,31.7
137,16,4,False,30.2
137,16,5,True,32.8
137,16,5,False,31.3
137,16,6,True,34.5
137,16,6,False,32.8
137,17,0,True,18.8
137,17,0,False,18.1
137,17,1,True,18.1
137,17,1,False,17.2
137,17,2,True,16.6
137,17,2,False,14.4
137,17,3,True,15.9
137,17,3,False,13.5
137,17,4,True,16.8
137,17,4,False,14.2
137,17,5,True,17.9
137,17,5,False,15.3
137,17,6,True,17.3
137,17,6,False,15.6
137,18,0,True,10.8
137,18,0,False,10.5
137,18,1,True,9.7
137,18,1,False,9.5
137,18,2,True,9.6
137,18,2,False,9.0
137,18,3,True,9.7
137,18,3,False,9.1
137,18,4,True,11.0
137,18,4,False,10.8
137,18,5,True,10.9
137,18,5,False,10.7
137,18,6,True,15.6
137,18,6,False,15.0
137,19,0,True,5.1
137,19,0,False,4.8
137,19,1,True,4.4
137,19,1,False,3.8
137,19,2,True,3.8
137,19,2,False,2.9
137,19,3,True,3.1
137,19,3,False,1.9
137,19,4,True,3.3
137,19,4,False,2.1
137,19,5,True,3.7
137,19,5,False,2.5
137,19,6,True,3.1
137,19,6,False,2.6
137,20,0,True,2.7
137,20,0,False,2.7
137,20,1,True,1.6
137,20,1,False,1.5
137,20,2,True,1.6
137,20,2,False,1.5
137,20,3,True,1.5
137,20,3,False,1.4
137,20,4,True,2.1
137,20,4,False,2.1
137,20,5,True,2.1
137,20,5,False,2.1
137,20,6,True,4.4
137,20,6,False,4.3
137,21,0,True,2.8
137,21,0,False,2.9
137,21,1,True,1.5
137,21,1,False,1.6
137,21,2,True,1.6
137,21,2,False,1.6
137,21,3,True,1.9
137,21,3,False,2.0
137,21,4,True,1.4
137,21,4,False,1.5
137,21,5,True,1.3
137,21,5,False,1.4
137,21,6,True,2.1
137,21,6,False,2.1
137,22,0,True,1.5
137,22,0,False,1.5
137,22,1,True,1.2
137,22,1,False,1.2
137,22,2,True,1.2
137,22,2,False,1.3
137,22,3,True,1.5
137,22,3,False,1.5
137,22,4,True,1.2
137,22,4,False,1.2
137,22,5,True,1.2
137,22,5,False,1.2
137,22,6,True,1.4
137,22,6,False,1.4
137,23,0,True,1.5
137,23,0,False,1.5
137,23,1,True,1.2
137,23,1,False,1.2
137,23,2,True,1.2
137,23,2,False,1.3
137,23,3,True,1.4
137,23,3,False,1.5
137,23,4,True,1.2
137,23,4,False,1.2
137,23,5,True,1.2
137,23,5,False,1.2
137,23,6,True,1.4
137,23,6,False,1.4
140,0,0,True,18.7
140,0,0,False,18.2
140,0,1,True,19.5
140,0,1,False,20.1
140,0,2,True,18.2
140,0,2,False,18.7
140,0,3,True,14.0
140,0,3,False,15.1
140,0,4,True,16.7
140,0,4,False,19.8
140,0,5,True,17.1
140,0,5,False,20.3
140,0,6,True,14.2
140,0,6,False,21.0
140,1,0,True,18.7
140,1,0,False,18.2
140,1,1,True,19.5
140,1,1,False,20.1
140,1,2,True,18.2
140,1,2,False,18.7
140,1,3,True,14.0
140,1,3,False,15.1
140,1,4,True,16.7
140,1,4,False,19.8
140,1,5,True,17.1
140,1,5,False,20.3
140,1,6,True,14.2
140,1,6,False,21.0
140,2,0,True,18.7
140,2,0,False,18.2
140,2,1,True,19.5
140,2,1,False,20.1
140,2,2,True,18.2
140,2,2,False,18.7
140,2,3,True,14.0
140,2,3,False,15.1
140,2,4,True,16.7
140,2,4,False,19.8
140,2,5,True,17.1
140,2,5,False,20.3
140,2,6,True,14.2
140,2,6,False,21.0
140,3,0,True,18.7
140,3,0,False,18.2
140,3,1,True,19.5
140,3,1,False,20.1
140,3,2,True,18.2
140,3,2,False,18.7
140,3,3,True,14.0
140,3,3,False,15.1
140,3,4,True,16.7
140,3,4,False,19.8
140,3,5,True,17.1
140,3,5,False,20.3
140,3,6,True,14.2
140,3,6,False,21.0
140,4,0,True,18.7
140,4,0,False,18.2
140,4,1,True,19.5
140,4,1,False,20.1
140,4,2,True,18.2
140,4,2,False,18.7
140,4,3,True,14.0
140,4,3,False,15.1
140,4,4,True,16.7
140,4,4,False,19.8
140,4,5,True,17.1
140,4,5,False,20.3
140,4,6,True,14.2
140,4,6,False,21.0
140,5,0,True,18.7
140,5,0,False,18.2
140,5,1,True,19.5
140,5,1,False,20.1
140,5,2,True,18.2
140,5,2,False,18.7
140,5,3,True,14.0
140,5,3,False,15.1
140,5,4,True,16.7
140,5,4,False,19.8
140,5,5,True,17.1
140,5,5,False,20.3
140,5,6,True,14.2
140,5,6,False,21.0
140,6,0,True,23.9
140,6,0,False,24.6
140,6,1,True,29.0
140,6,1,False,31.8
140,6,2,True,23.6
140,6,2,False,24.7
140,6,3,True,16.9
140,6,3,False,18.6
140,6,4,True,20.0
140,6,4,False,24.4
140,6,5,True,17.6
140,6,5,False,22.0
140,6,6,True,14.7
140,6,6,False,22.4
140,7,0,True,88.4
140,7,0,False,65.5
140,7,1,True,87.7
140,7,1,False,61.8
140,7,2,True,87.7
140,7,2,False,61.8
140,7,3,True,73.2
140,7,3,False,38.2
140,7,4,True,80.5
140,7,4,False,43.2
140,7,5,True,99.5
140,7,5,False,62.2
140,7,6,True,91.5
140,7,6,False,63.8
140,8,0,True,1156.5
140,8,0,False,1118.3
140,8,1,True,1103.2
140,8,1,False,1047.1
140,8,2,True,1140.7
140,8,2,False,1096.0
140,8,3,True,1100.8
140,8,3,False,1054.4
140,8,4,True,1043.4
140,8,4,False,1005.4
140,8,5,True,1051.5
140,8,5,False,1013.5
140,8,6,True,1154.5
140,8,6,False,1114.3
140,9,0,True,529.6
140,9,0,False,522.9
140,9,1,True,530.3
140,9,1,False,518.1
140,9,2,True,616.1
140,9,2,False,609.3
140,9,3,True,622.0
140,9,3,False,606.5
140,9,4,True,635.9
140,9,4,False,634.5
140,9,5,True,657.2
140,9,5,False,655.8
140,9,6,True,689.0
140,9,6,False,685.6
140,10,0,True,213.1
140,10,0,False,214.3
140,10,1,True,161.8
140,10,1,False,165.5
140,10,2,True,168.8
140,10,2,False,169.4
140,10,3,True,177.7
140,10,3,False,169.5
140,10,4,True,200.8
140,10,4,False,207.0
140,10,5,True,203.9
140,10,5,False,210.1
140,10,6,True,191.5
140,10,6,False,202.8
140,11,0,True,76.9
140,11,0,False,82.4
140,11,1,True,77.3
140,11,1,False,81.4
140,11,2,True,78.1
140,11,2,False,89.4
140,11,3,True,70.1
140,11,3,False,83.8
140,11,4,True,77.1
140,11,4,False,93.3
140,11,5,True,67.5
140,11,5,False,83.7
140,11,6,True,53.0
140,11,6,False,69.5
140,12,0,True,55.5
140,12,0,False,48.2
140,12,1,True,49.9
140,12,1,False,38.6
140,12,2,True,49.2
140,12,2,False,37.3
140,12,3,True,41.7
140,12,3,False,25.6
140,12,4,True,51.7
140,12,4,False,39.7
140,12,5,True,57.5
140,12,5,False,45.5
140,12,6,True,44.0
140,12,6,False,39.6
140,13,0,True,37.3
140,13,0,False,36.9
140,13,1,True,35.1
140,13,1,False,34.7
140,13,2,True,35.0
140,13,2,False,34.5
140,13,3,True,48.3
140,13,3,False,49.8
140,13,4,True,49.5
140,13,4,False,53.7
140,13,5,True,46.6
140,13,5,False,50.8
140,13,6,True,46.8
140,13,6,False,51.0
140,14,0,True,41.4
140,14,0,False,40.8
140,14,1,True,35.7
140,14,1,False,35.2
140,14,2,True,29.8
140,14,2,False,28.7
140,14,3,True,35.7
140,14,3,False,35.7
140,14,4,True,39.9
140,14,4,False,41.6
140,14,5,True,38.1
140,14,5,False,39.8
140,14,6,True,36.3
140,14,6,False,37.8
140,15,0,True,42.6
140,15,0,False,40.5
140,15,1,True,48.5
140,15,1,False,47.3
140,15,2,True,38.7
140,15,2,False,33.7
140,15,3,True,39.5
140,15,3,False,34.2
140,15,4,True,42.9
140,15,4,False,39.3
140,15,5,True,43.0
140,15,5,False,39.4
140,15,6,True,49.7
140,15,6,False,46.3
140,16,0,True,22.9
140,16,0,False,21.9
140,16,1,True,23.1
140,16,1,False,22.1
140,16,2,True,23.5
140,16,2,False,22.5
140,16,3,True,33.0
140,16,3,False,31.6
140,16,4,True,39.9
140,16,4,False,41.8
140,16,5,True,40.4
140,16,5,False,42.3
140,16,6,True,40.3
140,16,6,False,42.1
140,17,0,True,18.1
140,17,0,False,15.5
140,17,1,True,17.6
140,17,1,False,14.5
140,17,2,True,15.8
140,17,2,False,11.6
140,17,3,True,17.9
140,17,3,False,13.3
140,17,4,True,17.2
140,17,4,False,12.2
140,17,5,True,20.0
140,17,5,False,14.9
140,17,6,True,21.8
140,17,6,False,17.4
140,18,0,True,9.1
140,18,0,False,8.6
140,18,1,True,8.3
140,18,1,False,7.8
140,18,2,True,8.7
140,18,2,False,7.9
140,18,3,True,8.8
140,18,3,False,7.9
140,18,4,True,10.1
140,18,4,False,9.4
140,18,5,True,10.2
140,18,5,False,9.5
140,18,6,True,16.0
140,18,6,False,14.7
140,19,0,True,5.2
140,19,0,False,4.7
140,19,1,True,4.5
140,19,1,False,3.6
140,19,2,True,3.8
140,19,2,False,2.6
140,19,3,True,3.6
140,19,3,False,2.3
140,19,4,True,3.7
140,19,4,False,2.4
140,19,5,True,4.1
140,19,5,False,2.8
140,19,6,True,4.0
140,19,6,False,3.3
140,20,0,True,2.8
140,20,0,False,2.8
140,20,1,True,1.7
140,20,1,False,1.6
140,20,2,True,1.7
140,20,2,False,1.5
140,20,3,True,1.5
140,20,3,False,1.4
140,20,4,True,2.2
140,20,4,False,2.0
140,20,5,True,2.2
140,20,5,False,2.1
140,20,6,True,6.5
140,20,6,False,6.4
140,21,0,True,2.8
140,21,0,False,2.9
140,21,1,True,1.6
140,21,1,False,1.6
140,21,2,True,1.6
140,21,2,False,1.6
140,21,3,True,1.8
140,21,3,False,1.8
140,21,4,True,1.3
140,21,4,False,1.3
140,21,5,True,1.3
140,21,5,False,1.3
140,21,6,True,2.5
140,21,6,False,2.6
140,22,0,True,1.5
140,22,0,False,1.5
140,22,1,True,1.2
140,22,1,False,1.2
140,22,2,True,1.3
140,22,2,False,1.3
140,22,3,True,1.4
140,22,3,False,1.4
140,22,4,True,1.1
140,22,4,False,1.1
140,22,5,True,1.1
140,22,5,False,1.1
140,22,6,True,1.6
140,22,6,False,1.6
140,23,0,True,1.5
140,23,0,False,1.5
140,23,1,True,1.2
140,23,1,False,1.2
140,23,2,True,1.3
140,23,2,False,1.3
140,23,3,True,1.4
140,23,3,False,1.3
140,23,4,True,1.1
140,23,4,False,1.1
140,23,5,True,1.1
140,23,5,False,1.1
140,23,6,True,1.6
140,23,6,False,1.6
143,0,0,True,15.8
143,0,0,False,13.1
143,0,1,True,17.1
143,0,1,False,15.9
143,0,2,True,13.6
143,0,2,False,11.2
143,0,3,True,11.3
143,0,3,False,9.0
143,0,4,True,13.7
143,0,4,False,13.2
143,0,5,True,14.9
143,0,5,False,14.4
143,0,6,True,15.0
143,0,6,False,17.9
143,1,0,True,15.8
143,1,0,False,13.1
143,1,1,True,17.1
143,1,1,False,15.9
143,1,2,True,13.6
143,1,2,False,11.2
143,1,3,True,11.3
143,1,3,False,9.0
143,1,4,True,13.7
143,1,4,False,13.2
143,1,5,True,14.9
143,1,5,False,14.4
143,1,6,True,15.0
143,1,6,False,17.9
143,2,0,True,15.8
143,2,0,False,13.1
143,2,1,True,17.1
143,2,1,False,15.9
143,2,2,True,13.6
143,2,2,False,11.2
143,2,3,True,11.3
143,2,3,False,9.0
143,2,4,True,13.7
143,2,4,False,13.2
143,2,5,True,14.9
143,2,5,False,14.4
143,2,6,True,15.0
143,2,6,False,17.9
143,3,0,True,15.8
143,3,0,False,13.1
143,3,1,True,17.1
143,3,1,False,15.9
143,3,2,True,13.6
143,3,2,False,11.2
143,3,3,True,11.3
143,3,3,False,9.0
143,3,4,True,13.7
143,3,4,False,13.2
143,3,5,True,14.9
143,3,5,False,14.4
143,3,6,True,15.0
143,3,6,False,17.9
143,4,0,True,15.8
143,4,0,False,13.1
143,4,1,True,17.1
143,4,1,False,15.9
143,4,2,True,13.6
143,4,2,False,11.2
143,4,3,True,11.3
143,4,3,False,9.0
143,4,4,True,13.7
143,4,4,False,13.2
143,4,5,True,14.9
143,4,5,False,14.4
143,4,6,True,15.0
143,4,6,False,17.9
143,5,0,True,15.8
143,5,0,False,13.1
143,5,1,True,17.1
143,5,1,False,15.9
143,5,2,True,13.6
143,5,2,False,11.2
143,5,3,True,11.3
143,5,3,False,9.0
143,5,4,True,13.7
143,5,4,False,13.2
143,5,5,True,14.9
143,5,5,False,14.4
143,5,6,True,15.0
143,5,6,False,17.9
143,6,0,True,23.6
143,6,0,False,23.1
143,6,1,True,30.0
143,6,1,False,31.9
143,6,2,True,20.6
143,6,2,False,18.3
143,6,3,True,15.4
143,6,3,False,13.3
143,6,4,True,18.6
143,6,4,False,19.4
143,6,5,True,16.8
143,6,5,False,17.6
143,6,6,True,16.5
143,6,6,False,20.4
143,7,0,True,57.9
143,7,0,False,39.8
143,7,1,True,58.6
143,7,1,False,37.1
143,7,2,True,55.6
143,7,2,False,32.7
143,7,3,True,47.8
143,7,3,False,20.0
143,7,4,True,49.6
143,7,4,False,20.2
143,7,5,True,62.5
143,7,5,False,33.1
143,7,6,True,67.3
143,7,6,False,44.8
143,8,0,True,209.8
143,8,0,False,181.5
143,8,1,True,191.0
143,8,1,False,155.0
143,8,2,True,239.8
143,8,2,False,215.7
143,8,3,True,221.4
143,8,3,False,195.7
143,8,4,True,203.3
143,8,4,False,177.7
143,8,5,True,226.5
143,8,5,False,200.9
143,8,6,True,389.3
143,8,6,False,371.8
143,9,0,True,197.4
143,9,0,False,187.8
143,9,1,True,182.5
143,9,1,False,162.7
143,9,2,True,185.7
143,9,2,False,157.2
143,9,3,True,181.1
143,9,3,False,140.3
143,9,4,True,218.3
143,9,4,False,170.9
143,9,5,True,270.1
143,9,5,False,222.7
143,9,6,True,243.5
143,9,6,False,213.6
143,10,0,True,780.6
143,10,0,False,773.5
143,10,1,True,779.1
143,10,1,False,771.8
143,10,2,True,794.5
143,10,2,False,786.4
143,10,3,True,779.3
143,10,3,False,779.0
143,10,4,True,778.4
143,10,4,False,770.9
143,10,5,True,801.8
143,10,5,False,794.3
143,10,6,True,666.4
143,10,6,False,685.6
143,11,0,True,144.8
143,11,0,False,152.1
143,11,1,True,147.0
143,11,1,False,159.0
143,11,2,True,181.8
143,11,2,False,200.6
143,11,3,True,156.8
143,11,3,False,170.5
143,11,4,True,162.9
143,11,4,False,182.9
143,11,5,True,162.6
143,11,5,False,182.6
143,11,6,True,117.0
143,11,6,False,134.3
143,12,0,True,59.5
143,12,0,False,52.4
143,12,1,True,51.7
143,12,1,False,39.6
143,12,2,True,53.5
143,12,2,False,41.8
143,12,3,True,48.6
143,12,3,False,32.0
143,12,4,True,56.8
143,12,4,False,42.0
143,12,5,True,63.7
143,12,5,False,48.9
143,12,6,True,51.8
143,12,6,False,44.7
143,13,0,True,36.1
143,13,0,False,36.3
143,13,1,True,35.8
143,13,1,False,36.4
143,13,2,True,36.1
143,13,2,False,36.3
143,13,3,True,48.6
143,13,3,False,50.8
143,13,4,True,50.1
143,13,4,False,55.8
143,13,5,True,46.6
143,13,5,False,52.3
143,13,6,True,46.3
143,13,6,False,52.1
143,14,0,True,32.7
143,14,0,False,32.2
143,14,1,True,28.3
143,14,1,False,28.0
143,14,2,True,25.9
143,14,2,False,25.1
143,14,3,True,29.9
143,14,3,False,30.2
143,14,4,True,33.2
143,14,4,False,35.8
143,14,5,True,31.2
143,14,5,False,33.8
143,14,6,True,28.9
143,14,6,False,31.4
143,15,0,True,13.7
143,15,0,False,13.7
143,15,1,True,11.6
143,15,1,False,11.8
143,15,2,True,9.0
143,15,2,False,8.3
143,15,3,True,8.6
143,15,3,False,7.2
143,15,4,True,10.5
143,15,4,False,10.7
143,15,5,True,10.5
143,15,5,False,10.7
143,15,6,True,10.6
143,15,6,False,11.7
143,16,0,True,6.7
143,16,0,False,6.0
143,16,1,True,6.7
143,16,1,False,5.9
143,16,2,True,7.2
143,16,2,False,6.6
143,16,3,True,8.7
143,16,3,False,8.2
143,16,4,True,9.1
143,16,4,False,8.8
143,16,5,True,9.6
143,16,5,False,9.3
143,16,6,True,9.8
143,16,6,False,9.5
143,17,0,True,9.4
143,17,0,False,4.1
143,17,1,True,9.3
143,17,1,False,4.1
143,17,2,True,10.9
143,17,2,False,5.1
143,17,3,True,11.7
143,17,3,False,5.9
143,17,4,True,10.6
143,17,4,False,4.1
143,17,5,True,13.5
143,17,5,False,7.0
143,17,6,True,14.8
143,17,6,False,9.6
143,18,0,True,5.7
143,18,0,False,3.3
143,18,1,True,6.5
143,18,1,False,4.4
143,18,2,True,7.1
143,18,2,False,5.2
143,18,3,True,7.3
143,18,3,False,5.4
143,18,4,True,7.1
143,18,4,False,5.2
143,18,5,True,8.1
143,18,5,False,6.1
143,18,6,True,13.8
143,18,6,False,11.1
143,19,0,True,5.2
143,19,0,False,4.7
143,19,1,True,4.5
143,19,1,False,3.6
143,19,2,True,3.8
143,19,2,False,2.6
143,19,3,True,3.6
143,19,3,False,2.3
143,19,4,True,3.7
143,19,4,False,2.4
143,19,5,True,4.1
143,19,5,False,2.8
143,19,6,True,4.0
143,19,6,False,3.4
143,20,0,True,2.8
143,20,0,False,2.8
143,20,1,True,1.7
143,20,1,False,1.6
143,20,2,True,1.7
143,20,2,False,1.6
143,20,3,True,1.5
143,20,3,False,1.4
143,20,4,True,2.1
143,20,4,False,2.0
143,20,5,True,2.2
143,20,5,False,2.1
143,20,6,True,6.5
143,20,6,False,6.4
143,21,0,True,2.8
143,21,0,False,2.9
143,21,1,True,1.6
143,21,1,False,1.6
143,21,2,True,1.6
143,21,2,False,1.6
143,21,3,True,1.8
143,21,3,False,1.8
143,21,4,True,1.2
143,21,4,False,1.3
143,21,5,True,1.2
143,21,5,False,1.3
143,21,6,True,2.5
143,21,6,False,2.6
143,22,0,True,1.5
143,22,0,False,1.5
143,22,1,True,1.2
143,22,1,False,1.2
143,22,2,True,1.3
143,22,2,False,1.3
143,22,3,True,1.4
143,22,3,False,1.4
143,22,4,True,1.1
143,22,4,False,1.1
143,22,5,True,1.1
143,22,5,False,1.1
143,22,6,True,1.6
143,22,6,False,1.6
143,23,0,True,1.5
143,23,0,False,1.5
143,23,1,True,1.2
143,23,1,False,1.2
143,23,2,True,1.3
143,23,2,False,1.3
143,23,3,True,1.4
143,23,3,False,1.3
143,23,4,True,1.1
143,23,4,False,1.1
143,23,5,True,1.1
143,23,5,False,1.1
143,23,6,True,1.6
143,23,6,False,1.6
146,0,0,True,13.8
146,0,0,False,11.9
146,0,1,True,14.7
146,0,1,False,14.4
146,0,2,True,11.5
146,0,2,False,10.0
146,0,3,True,10.0
146,0,3,False,7.1
146,0,4,True,14.7
146,0,4,False,13.8
146,0,5,True,16.1
146,0,5,False,15.2
146,0,6,True,18.5
146,0,6,False,18.6
146,1,0,True,13.8
146,1,0,False,11.9
146,1,1,True,14.7
146,1,1,False,14.4
146,1,2,True,11.5
146,1,2,False,10.0
146,1,3,True,10.0
146,1,3,False,7.1
146,1,4,True,14.7
146,1,4,False,13.8
146,1,5,True,16.1
146,1,5,False,15.2
146,1,6,True,18.5
146,1,6,False,18.6
146,2,0,True,13.8
146,2,0,False,11.9
146,2,1,True,14.7
146,2,1,False,14.4
146,2,2,True,11.5
146,2,2,False,10.0
146,2,3,True,10.0
146,2,3,False,7.1
146,2,4,True,14.7
146,2,4,False,13.8
146,2,5,True,16.1
146,2,5,False,15.2
146,2,6,True,18.5
146,2,6,False,18.6
146,3,0,True,13.8
146,3,0,False,11.9
146,3,1,True,14.7
146,3,1,False,14.4
146,3,2,True,11.5
146,3,2,False,10.0
146,3,3,True,10.0
146,3,3,False,7.1
146,3,4,True,14.7
146,3,4,False,13.8
146,3,5,True,16.1
146,3,5,False,15.2
146,3,6,True,18.5
146,3,6,False,18.6
146,4,0,True,13.8
146,4,0,False,11.9
146,4,1,True,14.7
146,4,1,False,14.4
146,4,2,True,11.5
146,4,2,False,10.0
146,4,3,True,10.0
146,4,3,False,7.1
146,4,4,True,14.7
146,4,4,False,13.8
146,4,5,True,16.1
146,4,5,False,15.2
146,4,6,True,18.5
146,4,6,False,18.6
146,5,0,True,13.8
146,5,0,False,11.9
146,5,1,True,14.7
146,5,1,False,14.4
146,5,2,True,11.5
146,5,2,False,10.0
146,5,3,True,10.0
146,5,3,False,7.1
146,5,4,True,14.7
146,5,4,False,13.8
146,5,5,True,16.1
146,5,5,False,15.2
146,5,6,True,18.5
146,5,6,False,18.6
146,6,0,True,22.5
146,6,0,False,22.4
146,6,1,True,34.7
146,6,1,False,37.6
146,6,2,True,20.6
146,6,2,False,18.4
146,6,3,True,16.4
146,6,3,False,13.2
146,6,4,True,24.4
146,6,4,False,24.2
146,6,5,True,23.1
146,6,5,False,22.9
146,6,6,True,23.6
146,6,6,False,24.4
146,7,0,True,38.7
146,7,0,False,33.2
146,7,1,True,39.4
146,7,1,False,31.1
146,7,2,True,36.8
146,7,2,False,27.3
146,7,3,True,33.8
146,7,3,False,20.3
146,7,4,True,33.8
146,7,4,False,20.2
146,7,5,True,39.9
146,7,5,False,26.3
146,7,6,True,52.8
146,7,6,False,39.5
146,8,0,True,24.5
146,8,0,False,22.9
146,8,1,True,22.5
146,8,1,False,19.3
146,8,2,True,26.8
146,8,2,False,23.1
146,8,3,True,25.0
146,8,3,False,21.9
146,8,4,True,27.2
146,8,4,False,25.7
146,8,5,True,28.1
146,8,5,False,26.6
146,8,6,True,25.4
146,8,6,False,26.9
146,9,0,True,27.0
146,9,0,False,26.2
146,9,1,True,38.0
146,9,1,False,37.3
146,9,2,True,43.6
146,9,2,False,42.6
146,9,3,True,37.0
146,9,3,False,34.5
146,9,4,True,37.7
146,9,4,False,33.6
146,9,5,True,39.2
146,9,5,False,35.2
146,9,6,True,34.6
146,9,6,False,33.2
146,10,0,True,39.0
146,10,0,False,27.3
146,10,1,True,54.3
146,10,1,False,43.0
146,10,2,True,44.7
146,10,2,False,32.2
146,10,3,True,48.5
146,10,3,False,35.0
146,10,4,True,46.7
146,10,4,False,32.8
146,10,5,True,47.2
146,10,5,False,33.3
146,10,6,True,36.0
146,10,6,False,23.0
146,11,0,True,9.7
146,11,0,False,8.1
146,11,1,True,20.5
146,11,1,False,19.7
146,11,2,True,23.6
146,11,2,False,22.7
146,11,3,True,16.5
146,11,3,False,13.5
146,11,4,True,16.2
146,11,4,False,13.3
146,11,5,True,17.9
146,11,5,False,15.0
146,11,6,True,19.2
146,11,6,False,16.3
146,12,0,True,21.5
146,12,0,False,16.4
146,12,1,True,17.4
146,12,1,False,11.3
146,12,2,True,18.1
146,12,2,False,11.9
146,12,3,True,15.8
146,12,3,False,8.9
146,12,4,True,20.0
146,12,4,False,12.5
146,12,5,True,22.1
146,12,5,False,14.6
146,12,6,True,14.0
146,12,6,False,10.5
146,13,0,True,9.0
146,13,0,False,10.6
146,13,1,True,8.7
146,13,1,False,10.7
146,13,2,True,9.0
146,13,2,False,10.8
146,13,3,True,13.6
146,13,3,False,15.9
146,13,4,True,12.1
146,13,4,False,16.9
146,13,5,True,8.6
146,13,5,False,13.3
146,13,6,True,10.3
146,13,6,False,15.1
146,14,0,True,15.6
146,14,0,False,17.2
146,14,1,True,10.9
146,14,1,False,12.6
146,14,2,True,8.6
146,14,2,False,10.1
146,14,3,True,8.6
146,14,3,False,10.7
146,14,4,True,9.6
146,14,4,False,12.7
146,14,5,True,7.6
146,14,5,False,10.6
146,14,6,True,6.8
146,14,6,False,9.9
146,15,0,True,10.2
146,15,0,False,10.3
146,15,1,True,8.0
146,15,1,False,8.3
146,15,2,True,5.4
146,15,2,False,5.1
146,15,3,True,4.5
146,15,3,False,3.2
146,15,4,True,6.0
146,15,4,False,6.1
146,15,5,True,6.0
146,15,5,False,6.1
146,15,6,True,6.0
146,15,6,False,7.3
146,16,0,True,3.3
146,16,0,False,2.6
146,16,1,True,2.9
146,16,1,False,2.2
146,16,2,True,2.9
146,16,2,False,2.3
146,16,3,True,3.3
146,16,3,False,2.7
146,16,4,True,3.0
146,16,4,False,2.1
146,16,5,True,3.6
146,16,5,False,2.8
146,16,6,True,4.0
146,16,6,False,3.1
146,17,0,True,8.1
146,17,0,False,2.5
146,17,1,True,8.2
146,17,1,False,2.7
146,17,2,True,9.8
146,17,2,False,3.6
146,17,3,True,10.4
146,17,3,False,4.3
146,17,4,True,10.1
146,17,4,False,3.2
146,17,5,True,13.0
146,17,5,False,6.1
146,17,6,True,14.0
146,17,6,False,8.7
146,18,0,True,4.8
146,18,0,False,2.4
146,18,1,True,6.0
146,18,1,False,4.0
146,18,2,True,6.5
146,18,2,False,4.5
146,18,3,True,6.5
146,18,3,False,4.5
146,18,4,True,6.6
146,18,4,False,4.5
146,18,5,True,7.6
146,18,5,False,5.5
146,18,6,True,13.3
146,18,6,False,10.4
146,19,0,True,7.2
146,19,0,False,6.1
146,19,1,True,6.0
146,19,1,False,3.8
146,19,2,True,6.0
146,19,2,False,3.4
146,19,3,True,6.3
146,19,3,False,4.1
146,19,4,True,6.4
146,19,4,False,4.1
146,19,5,True,7.4
146,19,5,False,5.1
146,19,6,True,10.5
146,19,6,False,8.4
146,20,0,True,2.7
146,20,0,False,2.8
146,20,1,True,1.5
146,20,1,False,1.5
146,20,2,True,1.6
146,20,2,False,1.5
146,20,3,True,1.4
146,20,3,False,1.3
146,20,4,True,1.8
146,20,4,False,1.8
146,20,5,True,1.8
146,20,5,False,1.8
146,20,6,True,4.7
146,20,6,False,4.6
146,21,0,True,3.0
146,21,0,False,3.1
146,21,1,True,1.5
146,21,1,False,1.6
146,21,2,True,1.6
146,21,2,False,1.7
146,21,3,True,1.7
146,21,3,False,1.8
146,21,4,True,1.1
146,21,4,False,1.2
146,21,5,True,1.1
146,21,5,False,1.2
146,21,6,True,1.8
146,21,6,False,1.9
146,22,0,True,1.5
146,22,0,False,1.5
146,22,1,True,1.2
146,22,1,False,1.2
146,22,2,True,1.3
146,22,2,False,1.3
146,22,3,True,1.3
146,22,3,False,1.3
146,22,4,True,1.0
146,22,4,False,1.0
146,22,5,True,1.0
146,22,5,False,1.0
146,22,6,True,1.3
146,22,6,False,1.3
146,23,0,True,1.5
146,23,0,False,1.5
146,23,1,True,1.2
146,23,1,False,1.2
146,23,2,True,1.3
146,23,2,False,1.3
146,23,3,True,1.3
146,23,3,False,1.3
146,23,4,True,1.0
146,23,4,False,1.0
146,23,5,True,1.0
146,23,5,False,1.0
146,23,6,True,1.3
146,23,6,False,1.3
151,0,0,True,11.6
151,0,0,False,8.3
151,0,1,True,14.0
151,0,1,False,12.1
151,0,2,True,10.1
151,0,2,False,7.3
151,0,3,True,9.0
151,0,3,False,5.4
151,0,4,True,15.6
151,0,4,False,14.6
151,0,5,True,17.2
151,0,5,False,16.2
151,0,6,True,20.5
151,0,6,False,20.7
151,1,0,True,11.6
151,1,0,False,8.3
151,1,1,True,14.0
151,1,1,False,12.1
151,1,2,True,10.1
151,1,2,False,7.3
151,1,3,True,9.0
151,1,3,False,5.4
151,1,4,True,15.6
151,1,4,False,14.6
151,1,5,True,17.2
151,1,5,False,16.2
151,1,6,True,20.5
151,1,6,False,20.7
151,2,0,True,11.6
151,2,0,False,8.3
151,2,1,True,14.0
151,2,1,False,12.1
151,2,2,True,10.1
151,2,2,False,7.3
151,2,3,True,9.0
151,2,3,False,5.4
151,2,4,True,15.6
151,2,4,False,14.6
151,2,5,True,17.2
151,2,5,False,16.2
151,2,6,True,20.5
151,2,6,False,20.7
151,3,0,True,11.6
151,3,0,False,8.3
151,3,1,True,14.0
151,3,1,False,12.1
151,3,2,True,10.1
151,3,2,False,7.3
151,3,3,True,9.0
151,3,3,False,5.4
151,3,4,True,15.6
151,3,4,False,14.6
151,3,5,True,17.2
151,3,5,False,16.2
151,3,6,True,20.5
151,3,6,False,20.7
151,4,0,True,11.6
151,4,0,False,8.3
151,4,1,True,14.0
151,4,1,False,12.1
151,4,2,True,10.1
151,4,2,False,7.3
151,4,3,True,9.0
151,4,3,False,5.4
151,4,4,True,15.6
151,4,4,False,14.6
151,4,5,True,17.2
151,4,5,False,16.2
151,4,6,True,20.5
151,4,6,False,20.7
151,5,0,True,11.6
151,5,0,False,8.3
151,5,1,True,14.0
151,5,1,False,12.1
151,5,2,True,10.1
151,5,2,False,7.3
151,5,3,True,9.0
151,5,3,False,5.4
151,5,4,True,15.6
151,5,4,False,14.6
151,5,5,True,17.2
151,5,5,False,16.2
151,5,6,True,20.5
151,5,6,False,20.7
151,6,0,True,19.3
151,6,0,False,18.0
151,6,1,True,35.7
151,6,1,False,38.2
151,6,2,True,19.3
151,6,2,False,16.6
151,6,3,True,16.7
151,6,3,False,13.4
151,6,4,True,27.1
151,6,4,False,27.0
151,6,5,True,25.8
151,6,5,False,25.7
151,6,6,True,26.7
151,6,6,False,27.7
151,7,0,True,33.9
151,7,0,False,23.1
151,7,1,True,36.7
151,7,1,False,21.7
151,7,2,True,34.0
151,7,2,False,18.1
151,7,3,True,39.3
151,7,3,False,23.4
151,7,4,True,42.5
151,7,4,False,27.2
151,7,5,True,48.2
151,7,5,False,32.8
151,7,6,True,61.3
151,7,6,False,47.2
151,8,0,True,64.0
151,8,0,False,46.3
151,8,1,True,57.6
151,8,1,False,37.7
151,8,2,True,92.0
151,8,2,False,79.4
151,8,3,True,89.4
151,8,3,False,79.9
151,8,4,True,103.8
151,8,4,False,113.9
151,8,5,True,99.4
151,8,5,False,109.5
151,8,6,True,104.1
151,8,6,False,117.6
151,9,0,True,110.0
151,9,0,False,114.5
151,9,1,True,116.2
151,9,1,False,128.7
151,9,2,True,144.8
151,9,2,False,168.2
151,9,3,True,128.1
151,9,3,False,154.9
151,9,4,True,170.4
151,9,4,False,225.7
151,9,5,True,155.6
151,9,5,False,210.9
151,9,6,True,154.4
151,9,6,False,209.3
151,10,0,True,910.9
151,10,0,False,868.5
151,10,1,True,809.7
151,10,1,False,711.5
151,10,2,True,810.6
151,10,2,False,709.9
151,10,3,True,805.7
151,10,3,False,692.9
151,10,4,True,809.8
151,10,4,False,665.7
151,10,5,True,833.7
151,10,5,False,689.6
151,10,6,True,815.6
151,10,6,False,683.9
151,11,0,True,763.8
151,11,0,False,732.7
151,11,1,True,763.9
151,11,1,False,740.2
151,11,2,True,751.5
151,11,2,False,718.4
151,11,3,True,699.7
151,11,3,False,628.6
151,11,4,True,632.7
151,11,4,False,506.0
151,11,5,True,648.1
151,11,5,False,521.4
151,11,6,True,656.9
151,11,6,False,542.3
151,12,0,True,162.0
151,12,0,False,151.0
151,12,1,True,156.9
151,12,1,False,138.9
151,12,2,True,155.9
151,12,2,False,134.9
151,12,3,True,154.6
151,12,3,False,134.5
151,12,4,True,166.8
151,12,4,False,149.1
151,12,5,True,173.7
151,12,5,False,156.0
151,12,6,True,117.9
151,12,6,False,122.8
151,13,0,True,108.0
151,13,0,False,95.3
151,13,1,True,87.2
151,13,1,False,64.4
151,13,2,True,87.5
151,13,2,False,64.5
151,13,3,True,90.0
151,13,3,False,66.3
151,13,4,True,92.8
151,13,4,False,69.8
151,13,5,True,104.1
151,13,5,False,81.1
151,13,6,True,95.9
151,13,6,False,79.8
151,14,0,True,115.5
151,14,0,False,112.4
151,14,1,True,77.5
151,14,1,False,71.2
151,14,2,True,65.0
151,14,2,False,55.7
151,14,3,True,62.4
151,14,3,False,51.3
151,14,4,True,66.4
151,14,4,False,56.7
151,14,5,True,73.7
151,14,5,False,64.1
151,14,6,True,65.3
151,14,6,False,60.2
151,15,0,True,55.6
151,15,0,False,43.9
151,15,1,True,50.0
151,15,1,False,38.6
151,15,2,True,51.8
151,15,2,False,41.1
151,15,3,True,51.5
151,15,3,False,39.8
151,15,4,True,57.2
151,15,4,False,44.9
151,15,5,True,63.1
151,15,5,False,50.8
151,15,6,True,46.0
151,15,6,False,40.9
151,16,0,True,3.6
151,16,0,False,2.9
151,16,1,True,3.3
151,16,1,False,2.2
151,16,2,True,3.4
151,16,2,False,2.3
151,16,3,True,4.0
151,16,3,False,3.1
151,16,4,True,4.2
151,16,4,False,3.0
151,16,5,True,5.2
151,16,5,False,4.0
151,16,6,True,5.4
151,16,6,False,4.5
151,17,0,True,11.2
151,17,0,False,2.7
151,17,1,True,12.8
151,17,1,False,4.1
151,17,2,True,14.5
151,17,2,False,5.0
151,17,3,True,16.6
151,17,3,False,7.2
151,17,4,True,17.7
151,17,4,False,7.4
151,17,5,True,21.5
151,17,5,False,11.3
151,17,6,True,19.7
151,17,6,False,12.3
151,18,0,True,7.3
151,18,0,False,2.7
151,18,1,True,11.2
151,18,1,False,7.6
151,18,2,True,11.3
151,18,2,False,7.7
151,18,3,True,12.4
151,18,3,False,8.8
151,18,4,True,13.6
151,18,4,False,10.0
151,18,5,True,15.2
151,18,5,False,11.5
151,18,6,True,20.2
151,18,6,False,16.3
151,19,0,True,7.1
151,19,0,False,6.0
151,19,1,True,6.0
151,19,1,False,3.8
151,19,2,True,6.0
151,19,2,False,3.6
151,19,3,True,6.3
151,19,3,False,4.1
151,19,4,True,6.4
151,19,4,False,4.1
151,19,5,True,7.4
151,19,5,False,5.1
151,19,6,True,10.5
151,19,6,False,8.4
151,20,0,True,2.8
151,20,0,False,2.8
151,20,1,True,1.5
151,20,1,False,1.5
151,20,2,True,1.6
151,20,2,False,1.6
151,20,3,True,1.4
151,20,3,False,1.3
151,20,4,True,1.9
151,20,4,False,1.9
151,20,5,True,1.9
151,20,5,False,1.9
151,20,6,True,4.6
151,20,6,False,4.5
151,21,0,True,3.0
151,21,0,False,3.1
151,21,1,True,1.5
151,21,1,False,1.6
151,21,2,True,1.6
151,21,2,False,1.7
151,21,3,True,1.7
151,21,3,False,1.8
151,21,4,True,1.1
151,21,4,False,1.3
151,21,5,True,1.1
151,21,5,False,1.3
151,21,6,True,1.8
151,21,6,False,1.8
151,22,0,True,1.5
151,22,0,False,1.5
151,22,1,True,1.1
151,22,1,False,1.2
151,22,2,True,1.3
151,22,2,False,1.3
151,22,3,True,1.3
151,22,3,False,1.3
151,22,4,True,1.0
151,22,4,False,1.0
151,22,5,True,1.0
151,22,5,False,1.0
151,22,6,True,1.2
151,22,6,False,1.2
151,23,0,True,1.5
151,23,0,False,1.5
151,23,1,True,1.1
151,23,1,False,1.2
151,23,2,True,1.3
151,23,2,False,1.3
151,23,3,True,1.3
151,23,3,False,1.3
151,23,4,True,1.0
151,23,4,False,1.0
151,23,5,True,1.0
151,23,5,False,1.0
151,23,6,True,1.2
151,23,6,False,1.2
156,0,0,True,11.6
156,0,0,False,7.5
156,0,1,True,13.0
156,0,1,False,10.4
156,0,2,True,10.1
156,0,2,False,6.9
156,0,3,True,8.3
156,0,3,False,3.6
156,0,4,True,13.2
156,0,4,False,10.5
156,0,5,True,15.6
156,0,5,False,13.0
156,0,6,True,17.3
156,0,6,False,15.7
156,1,0,True,11.6
156,1,0,False,7.5
156,1,1,True,13.0
156,1,1,False,10.4
156,1,2,True,10.1
156,1,2,False,6.9
156,1,3,True,8.3
156,1,3,False,3.6
156,1,4,True,13.2
156,1,4,False,10.5
156,1,5,True,15.6
156,1,5,False,13.0
156,1,6,True,17.3
156,1,6,False,15.7
156,2,0,True,11.6
156,2,0,False,7.5
156,2,1,True,13.0
156,2,1,False,10.4
156,2,2,True,10.1
156,2,2,False,6.9
156,2,3,True,8.3
156,2,3,False,3.6
156,2,4,True,13.2
156,2,4,False,10.5
156,2,5,True,15.6
156,2,5,False,13.0
156,2,6,True,17.3
156,2,6,False,15.7
156,3,0,True,11.6
156,3,0,False,7.5
156,3,1,True,13.0
156,3,1,False,10.4
156,3,2,True,10.1
156,3,2,False,6.9
156,3,3,True,8.3
156,3,3,False,3.6
156,3,4,True,13.2
156,3,4,False,10.5
156,3,5,True,15.6
156,3,5,False,13.0
156,3,6,True,17.3
156,3,6,False,15.7
156,4,0,True,11.6
156,4,0,False,7.5
156,4,1,True,13.0
156,4,1,False,10.4
156,4,2,True,10.1
156,4,2,False,6.9
156,4,3,True,8.3
156,4,3,False,3.6
156,4,4,True,13.2
156,4,4,False,10.5
156,4,5,True,15.6
156,4,5,False,13.0
156,4,6,True,17.3
156,4,6,False,15.7
156,5,0,True,11.6
156,5,0,False,7.5
156,5,1,True,13.0
156,5,1,False,10.4
156,5,2,True,10.1
156,5,2,False,6.9
156,5,3,True,8.3
156,5,3,False,3.6
156,5,4,True,13.2
156,5,4,False,10.5
156,5,5,True,15.6
156,5,5,False,13.0
156,5,6,True,17.3
156,5,6,False,15.7
156,6,0,True,18.4
156,6,0,False,15.2
156,6,1,True,31.4
156,6,1,False,32.0
156,6,2,True,17.5
156,6,2,False,13.9
156,6,3,True,14.4
156,6,3,False,8.9
156,6,4,True,22.4
156,6,4,False,19.2
156,6,5,True,22.5
156,6,5,False,19.3
156,6,6,True,22.2
156,6,6,False,20.4
156,7,0,True,26.1
156,7,0,False,15.7
156,7,1,True,27.8
156,7,1,False,13.8
156,7,2,True,26.9
156,7,2,False,12.4
156,7,3,True,26.7
156,7,3,False,10.9
156,7,4,True,27.2
156,7,4,False,11.4
156,7,5,True,33.7
156,7,5,False,18.0
156,7,6,True,40.4
156,7,6,False,23.9
156,8,0,True,60.3
156,8,0,False,58.9
156,8,1,True,30.7
156,8,1,False,27.8
156,8,2,True,30.2
156,8,2,False,28.3
156,8,3,True,29.9
156,8,3,False,28.1
156,8,4,True,23.3
156,8,4,False,12.4
156,8,5,True,24.5
156,8,5,False,13.6
156,8,6,True,61.5
156,8,6,False,49.1
156,9,0,True,89.2
156,9,0,False,87.0
156,9,1,True,82.4
156,9,1,False,69.8
156,9,2,True,76.2
156,9,2,False,65.2
156,9,3,True,101.2
156,9,3,False,92.7
156,9,4,True,50.7
156,9,4,False,32.2
156,9,5,True,63.4
156,9,5,False,44.8
156,9,6,True,76.0
156,9,6,False,64.4
156,10,0,True,228.7
156,10,0,False,220.7
156,10,1,True,210.0
156,10,1,False,198.6
156,10,2,True,210.7
156,10,2,False,202.9
156,10,3,True,222.6
156,10,3,False,218.1
156,10,4,True,202.2
156,10,4,False,190.1
156,10,5,True,201.5
156,10,5,False,189.5
156,10,6,True,197.4
156,10,6,False,194.4
156,11,0,True,373.0
156,11,0,False,373.8
156,11,1,True,377.7
156,11,1,False,374.0
156,11,2,True,401.9
156,11,2,False,400.7
156,11,3,True,419.4
156,11,3,False,421.2
156,11,4,True,379.5
156,11,4,False,368.5
156,11,5,True,374.7
156,11,5,False,363.6
156,11,6,True,373.6
156,11,6,False,372.6
156,12,0,True,392.9
156,12,0,False,390.9
156,12,1,True,392.1
156,12,1,False,386.8
156,12,2,True,392.9
156,12,2,False,387.8
156,12,3,True,374.7
156,12,3,False,360.4
156,12,4,True,354.9
156,12,4,False,334.1
156,12,5,True,370.2
156,12,5,False,349.5
156,12,6,True,437.6
156,12,6,False,424.4
156,13,0,True,204.8
156,13,0,False,191.6
156,13,1,True,205.0
156,13,1,False,191.1
156,13,2,True,214.9
156,13,2,False,202.7
156,13,3,True,213.4
156,13,3,False,201.3
156,13,4,True,223.2
156,13,4,False,211.0
156,13,5,True,231.9
156,13,5,False,219.7
156,13,6,True,235.7
156,13,6,False,222.0
156,14,0,True,119.7
156,14,0,False,110.3
156,14,1,True,109.7
156,14,1,False,98.0
156,14,2,True,110.0
156,14,2,False,98.7
156,14,3,True,107.3
156,14,3,False,95.5
156,14,4,True,118.3
156,14,4,False,107.0
156,14,5,True,123.7
156,14,5,False,112.4
156,14,6,True,122.6
156,14,6,False,112.1
156,15,0,True,42.9
156,15,0,False,36.9
156,15,1,True,35.8
156,15,1,False,28.8
156,15,2,True,31.4
156,15,2,False,22.5
156,15,3,True,31.1
156,15,3,False,23.0
156,15,4,True,42.6
156,15,4,False,38.4
156,15,5,True,44.1
156,15,5,False,39.9
156,15,6,True,27.7
156,15,6,False,28.3
156,16,0,True,8.8
156,16,0,False,12.0
156,16,1,True,9.0
156,16,1,False,12.0
156,16,2,True,9.5
156,16,2,False,13.1
156,16,3,True,8.2
156,16,3,False,11.5
156,16,4,True,5.0
156,16,4,False,7.4
156,16,5,True,4.2
156,16,5,False,6.5
156,16,6,True,5.0
156,16,6,False,6.4
156,17,0,True,6.4
156,17,0,False,2.5
156,17,1,True,7.3
156,17,1,False,3.8
156,17,2,True,8.3
156,17,2,False,4.3
156,17,3,True,9.9
156,17,3,False,6.3
156,17,4,True,10.2
156,17,4,False,5.7
156,17,5,True,11.5
156,17,5,False,7.1
156,17,6,True,10.6
156,17,6,False,7.6
156,18,0,True,4.8
156,18,0,False,2.1
156,18,1,True,7.6
156,18,1,False,5.7
156,18,2,True,7.6
156,18,2,False,5.4
156,18,3,True,8.0
156,18,3,False,6.0
156,18,4,True,10.0
156,18,4,False,7.9
156,18,5,True,10.5
156,18,5,False,8.4
156,18,6,True,15.7
156,18,6,False,12.8
156,19,0,True,3.8
156,19,0,False,2.7
156,19,1,True,2.9
156,19,1,False,1.6
156,19,2,True,3.2
156,19,2,False,2.2
156,19,3,True,3.3
156,19,3,False,2.2
156,19,4,True,3.4
156,19,4,False,2.3
156,19,5,True,4.2
156,19,5,False,3.1
156,19,6,True,4.7
156,19,6,False,4.0
156,20,0,True,2.6
156,20,0,False,2.6
156,20,1,True,1.7
156,20,1,False,1.7
156,20,2,True,1.7
156,20,2,False,1.6
156,20,3,True,1.4
156,20,3,False,1.3
156,20,4,True,2.1
156,20,4,False,2.0
156,20,5,True,2.1
156,20,5,False,2.1
156,20,6,True,3.3
156,20,6,False,3.3
156,21,0,True,2.6
156,21,0,False,2.7
156,21,1,True,1.3
156,21,1,False,1.4
156,21,2,True,1.4
156,21,2,False,1.4
156,21,3,True,1.6
156,21,3,False,1.7
156,21,4,True,1.1
156,21,4,False,1.2
156,21,5,True,1.1
156,21,5,False,1.2
156,21,6,True,1.3
156,21,6,False,1.3
156,22,0,True,1.3
156,22,0,False,1.3
156,22,1,True,1.1
156,22,1,False,1.1
156,22,2,True,1.1
156,22,2,False,1.1
156,22,3,True,1.3
156,22,3,False,1.3
156,22,4,True,1.0
156,22,4,False,1.0
156,22,5,True,1.1
156,22,5,False,1.1
156,22,6,True,1.1
156,22,6,False,1.1
156,23,0,True,1.3
156,23,0,False,1.3
156,23,1,True,1.1
156,23,1,False,1.1
156,23,2,True,1.1
156,23,2,False,1.1
156,23,3,True,1.3
156,23,3,False,1.3
156,23,4,True,1.0
156,23,4,False,1.0
156,23,5,True,1.1
156,23,5,False,1.1
156,23,6,True,1.1
156,23,6,False,1.1
161,0,0,True,17.5
161,0,0,False,14.5
161,0,1,True,12.8
161,0,1,False,11.1
161,0,2,True,11.0
161,0,2,False,7.8
161,0,3,True,10.5
161,0,3,False,5.7
161,0,4,True,15.7
161,0,4,False,12.2
161,0,5,True,17.5
161,0,5,False,13.9
161,0,6,True,17.5
161,0,6,False,15.6
161,1,0,True,17.5
161,1,0,False,14.5
161,1,1,True,12.8
161,1,1,False,11.1
161,1,2,True,11.0
161,1,2,False,7.8
161,1,3,True,10.5
161,1,3,False,5.7
161,1,4,True,15.7
161,1,4,False,12.2
161,1,5,True,17.5
161,1,5,False,13.9
161,1,6,True,17.5
161,1,6,False,15.6
161,2,0,True,17.5
161,2,0,False,14.5
161,2,1,True,12.8
161,2,1,False,11.1
161,2,2,True,11.0
161,2,2,False,7.8
161,2,3,True,10.5
161,2,3,False,5.7
161,2,4,True,15.7
161,2,4,False,12.2
161,2,5,True,17.5
161,2,5,False,13.9
161,2,6,True,17.5
161,2,6,False,15.6
161,3,0,True,17.5
161,3,0,False,14.5
161,3,1,True,12.8
161,3,1,False,11.1
161,3,2,True,11.0
161,3,2,False,7.8
161,3,3,True,10.5
161,3,3,False,5.7
161,3,4,True,15.7
161,3,4,False,12.2
161,3,5,True,17.5
161,3,5,False,13.9
161,3,6,True,17.5
161,3,6,False,15.6
161,4,0,True,17.5
161,4,0,False,14.5
161,4,1,True,12.8
161,4,1,False,11.1
161,4,2,True,11.0
161,4,2,False,7.8
161,4,3,True,10.5
161,4,3,False,5.7
161,4,4,True,15.7
161,4,4,False,12.2
161,4,5,True,17.5
161,4,5,False,13.9
161,4,6,True,17.5
161,4,6,False,15.6
161,5,0,True,17.5
161,5,0,False,14.5
161,5,1,True,12.8
161,5,1,False,11.1
161,5,2,True,11.0
161,5,2,False,7.8
161,5,3,True,10.5
161,5,3,False,5.7
161,5,4,True,15.7
161,5,4,False,12.2
161,5,5,True,17.5
161,5,5,False,13.9
161,5,6,True,17.5
161,5,6,False,15.6
161,6,0,True,24.1
161,6,0,False,22.1
161,6,1,True,30.8
161,6,1,False,32.4
161,6,2,True,18.6
161,6,2,False,14.9
161,6,3,True,16.9
161,6,3,False,11.7
161,6,4,True,25.4
161,6,4,False,21.6
161,6,5,True,25.0
161,6,5,False,21.2
161,6,6,True,22.6
161,6,6,False,20.9
161,7,0,True,28.0
161,7,0,False,21.4
161,7,1,True,23.0
161,7,1,False,14.5
161,7,2,True,22.6
161,7,2,False,12.7
161,7,3,True,23.9
161,7,3,False,13.7
161,7,4,True,24.8
161,7,4,False,15.3
161,7,5,True,27.6
161,7,5,False,18.1
161,7,6,True,23.7
161,7,6,False,17.2
161,8,0,True,102.4
161,8,0,False,101.2
161,8,1,True,62.3
161,8,1,False,55.7
161,8,2,True,62.5
161,8,2,False,55.4
161,8,3,True,54.8
161,8,3,False,46.2
161,8,4,True,57.7
161,8,4,False,36.9
161,8,5,True,65.8
161,8,5,False,44.9
161,8,6,True,82.9
161,8,6,False,62.5
161,9,0,True,424.1
161,9,0,False,427.3
161,9,1,True,387.8
161,9,1,False,378.6
161,9,2,True,386.0
161,9,2,False,378.1
161,9,3,True,404.4
161,9,3,False,397.0
161,9,4,True,336.6
161,9,4,False,320.2
161,9,5,True,334.7
161,9,5,False,318.3
161,9,6,True,329.0
161,9,6,False,314.8
161,10,0,True,225.5
161,10,0,False,229.2
161,10,1,True,265.5
161,10,1,False,265.0
161,10,2,True,296.5
161,10,2,False,303.8
161,10,3,True,310.7
161,10,3,False,324.2
161,10,4,True,266.0
161,10,4,False,275.8
161,10,5,True,257.7
161,10,5,False,267.5
161,10,6,True,249.7
161,10,6,False,261.7
161,11,0,True,140.1
161,11,0,False,142.3
161,11,1,True,170.9
161,11,1,False,168.7
161,11,2,True,191.8
161,11,2,False,191.4
161,11,3,True,206.8
161,11,3,False,214.5
161,11,4,True,153.2
161,11,4,False,156.8
161,11,5,True,137.0
161,11,5,False,140.6
161,11,6,True,141.3
161,11,6,False,144.2
161,12,0,True,33.0
161,12,0,False,30.3
161,12,1,True,23.4
161,12,1,False,18.8
161,12,2,True,18.8
161,12,2,False,12.4
161,12,3,True,18.9
161,12,3,False,12.6
161,12,4,True,18.4
161,12,4,False,9.9
161,12,5,True,27.7
161,12,5,False,19.2
161,12,6,True,35.8
161,12,6,False,25.9
161,13,0,True,14.1
161,13,0,False,14.4
161,13,1,True,22.5
161,13,1,False,23.2
161,13,2,True,31.4
161,13,2,False,31.9
161,13,3,True,16.5
161,13,3,False,17.1
161,13,4,True,14.4
161,13,4,False,14.7
161,13,5,True,13.9
161,13,5,False,14.2
161,13,6,True,19.9
161,13,6,False,19.1
161,14,0,True,17.0
161,14,0,False,20.0
161,14,1,True,22.3
161,14,1,False,26.3
161,14,2,True,20.6
161,14,2,False,24.8
161,14,3,True,16.2
161,14,3,False,21.2
161,14,4,True,12.0
161,14,4,False,18.5
161,14,5,True,8.8
161,14,5,False,15.3
161,14,6,True,15.5
161,14,6,False,19.0
161,15,0,True,10.1
161,15,0,False,5.4
161,15,1,True,11.6
161,15,1,False,5.8
161,15,2,True,10.9
161,15,2,False,4.9
161,15,3,True,13.2
161,15,3,False,6.8
161,15,4,True,18.0
161,15,4,False,12.4
161,15,5,True,19.2
161,15,5,False,13.6
161,15,6,True,16.5
161,15,6,False,11.9
161,16,0,True,12.1
161,16,0,False,10.3
161,16,1,True,14.8
161,16,1,False,13.8
161,16,2,True,12.7
161,16,2,False,10.9
161,16,3,True,12.1
161,16,3,False,10.2
161,16,4,True,10.9
161,16,4,False,6.5
161,16,5,True,12.4
161,16,5,False,8.0
161,16,6,True,10.7
161,16,6,False,7.9
161,17,0,True,11.6
161,17,0,False,6.3
161,17,1,True,14.7
161,17,1,False,11.0
161,17,2,True,15.9
161,17,2,False,11.9
161,17,3,True,16.6
161,17,3,False,12.7
161,17,4,True,17.6
161,17,4,False,13.1
161,17,5,True,19.5
161,17,5,False,15.0
161,17,6,True,11.4
161,17,6,False,10.9
161,18,0,True,6.9
161,18,0,False,4.7
161,18,1,True,8.7
161,18,1,False,7.0
161,18,2,True,12.3
161,18,2,False,11.3
161,18,3,True,13.9
161,18,3,False,13.6
161,18,4,True,17.6
161,18,4,False,18.5
161,18,5,True,16.6
161,18,5,False,17.4
161,18,6,True,22.5
161,18,6,False,20.7
161,19,0,True,3.5
161,19,0,False,3.1
161,19,1,True,3.3
161,19,1,False,3.1
161,19,2,True,5.0
161,19,2,False,5.7
161,19,3,True,4.6
161,19,3,False,5.2
161,19,4,True,4.2
161,19,4,False,4.6
161,19,5,True,4.4
161,19,5,False,4.8
161,19,6,True,4.1
161,19,6,False,4.7
161,20,0,True,2.5
161,20,0,False,2.5
161,20,1,True,1.9
161,20,1,False,1.9
161,20,2,True,1.7
161,20,2,False,1.7
161,20,3,True,1.3
161,20,3,False,1.3
161,20,4,True,1.8
161,20,4,False,1.9
161,20,5,True,1.7
161,20,5,False,1.8
161,20,6,True,2.4
161,20,6,False,2.4
161,21,0,True,2.2
161,21,0,False,2.3
161,21,1,True,1.3
161,21,1,False,1.3
161,21,2,True,1.4
161,21,2,False,1.4
161,21,3,True,1.6
161,21,3,False,1.7
161,21,4,True,1.1
161,21,4,False,1.2
161,21,5,True,1.1
161,21,5,False,1.2
161,21,6,True,1.1
161,21,6,False,1.1
161,22,0,True,1.2
161,22,0,False,1.2
161,22,1,True,1.1
161,22,1,False,1.1
161,22,2,True,1.1
161,22,2,False,1.2
161,22,3,True,1.3
161,22,3,False,1.3
161,22,4,True,1.0
161,22,4,False,1.1
161,22,5,True,1.0
161,22,5,False,1.1
161,22,6,True,1.0
161,22,6,False,1.0
161,23,0,True,1.2
161,23,0,False,1.2
161,23,1,True,1.1
161,23,1,False,1.1
161,23,2,True,1.1
161,23,2,False,1.2
161,23,3,True,1.3
161,23,3,False,1.3
161,23,4,True,1.0
161,23,4,False,1.1
161,23,5,True,1.0
161,23,5,False,1.1
161,23,6,True,1.0
161,23,6,False,1.0
162,0,0,True,11.4
162,0,0,False,9.7
162,0,1,True,11.4
162,0,1,False,11.0
162,0,2,True,9.6
162,0,2,False,7.7
162,0,3,True,8.1
162,0,3,False,5.2
162,0,4,True,12.5
162,0,4,False,11.2
162,0,5,True,14.2
162,0,5,False,13.0
162,0,6,True,14.1
162,0,6,False,14.3
162,1,0,True,11.4
162,1,0,False,9.7
162,1,1,True,11.4
162,1,1,False,11.0
162,1,2,True,9.6
162,1,2,False,7.7
162,1,3,True,8.1
162,1,3,False,5.2
162,1,4,True,12.5
162,1,4,False,11.2
162,1,5,True,14.2
162,1,5,False,13.0
162,1,6,True,14.1
162,1,6,False,14.3
162,2,0,True,11.4
162,2,0,False,9.7
162,2,1,True,11.4
162,2,1,False,11.0
162,2,2,True,9.6
162,2,2,False,7.7
162,2,3,True,8.1
162,2,3,False,5.2
162,2,4,True,12.5
162,2,4,False,11.2
162,2,5,True,14.2
162,2,5,False,13.0
162,2,6,True,14.1
162,2,6,False,14.3
162,3,0,True,11.4
162,3,0,False,9.7
162,3,1,True,11.4
162,3,1,False,11.0
162,3,2,True,9.6
162,3,2,False,7.7
162,3,3,True,8.1
162,3,3,False,5.2
162,3,4,True,12.5
162,3,4,False,11.2
162,3,5,True,14.2
162,3,5,False,13.0
162,3,6,True,14.1
162,3,6,False,14.3
162,4,0,True,11.4
162,4,0,False,9.7
162,4,1,True,11.4
162,4,1,False,11.0
162,4,2,True,9.6
162,4,2,False,7.7
162,4,3,True,8.1
162,4,3,False,5.2
162,4,4,True,12.5
162,4,4,False,11.2
162,4,5,True,14.2
162,4,5,False,13.0
162,4,6,True,14.1
162,4,6,False,14.3
162,5,0,True,11.4
162,5,0,False,9.7
162,5,1,True,11.4
162,5,1,False,11.0
162,5,2,True,9.6
162,5,2,False,7.7
162,5,3,True,8.1
162,5,3,False,5.2
162,5,4,True,12.5
162,5,4,False,11.2
162,5,5,True,14.2
162,5,5,False,13.0
162,5,6,True,14.1
162,5,6,False,14.3
162,6,0,True,17.7
162,6,0,False,17.3
162,6,1,True,29.2
162,6,1,False,31.9
162,6,2,True,16.7
162,6,2,False,14.8
162,6,3,True,14.1
162,6,3,False,11.2
162,6,4,True,21.7
162,6,4,False,20.7
162,6,5,True,21.2
162,6,5,False,20.3
162,6,6,True,18.9
162,6,6,False,19.6
162,7,0,True,19.9
162,7,0,False,16.4
162,7,1,True,19.6
162,7,1,False,14.3
162,7,2,True,18.9
162,7,2,False,12.5
162,7,3,True,17.6
162,7,3,False,11.7
162,7,4,True,17.5
162,7,4,False,12.6
162,7,5,True,19.4
162,7,5,False,14.5
162,7,6,True,16.0
162,7,6,False,13.2
162,8,0,True,157.4
162,8,0,False,153.0
162,8,1,True,136.1
162,8,1,False,128.9
162,8,2,True,143.7
162,8,2,False,135.3
162,8,3,True,145.7
162,8,3,False,136.7
162,8,4,True,152.1
162,8,4,False,134.8
162,8,5,True,157.7
162,8,5,False,140.4
162,8,6,True,165.8
162,8,6,False,151.1
162,9,0,True,73.8
162,9,0,False,70.9
162,9,1,True,46.9
162,9,1,False,43.5
162,9,2,True,47.8
162,9,2,False,46.1
162,9,3,True,69.6
162,9,3,False,67.2
162,9,4,True,65.0
162,9,4,False,62.5
162,9,5,True,73.2
162,9,5,False,70.7
162,9,6,True,78.2
162,9,6,False,74.7
162,10,0,True,61.6
162,10,0,False,60.3
162,10,1,True,58.6
162,10,1,False,57.8
162,10,2,True,59.4
162,10,2,False,59.3
162,10,3,True,73.1
162,10,3,False,74.4
162,10,4,True,61.9
162,10,4,False,61.5
162,10,5,True,67.1
162,10,5,False,66.7
162,10,6,True,67.1
162,10,6,False,66.1
162,11,0,True,57.6
162,11,0,False,56.8
162,11,1,True,48.4
162,11,1,False,48.4
162,11,2,True,45.5
162,11,2,False,44.4
162,11,3,True,43.5
162,11,3,False,39.5
162,11,4,True,47.9
162,11,4,False,43.3
162,11,5,True,49.7
162,11,5,False,45.1
162,11,6,True,48.8
162,11,6,False,46.5
162,12,0,True,106.5
162,12,0,False,104.2
162,12,1,True,105.7
162,12,1,False,101.7
162,12,2,True,126.3
162,12,2,False,124.3
162,12,3,True,124.4
162,12,3,False,119.8
162,12,4,True,129.7
162,12,4,False,127.0
162,12,5,True,134.3
162,12,5,False,131.7
162,12,6,True,137.0
162,12,6,False,133.6
162,13,0,True,51.4
162,13,0,False,50.0
162,13,1,True,49.2
162,13,1,False,46.9
162,13,2,True,51.8
162,13,2,False,49.6
162,13,3,True,46.2
162,13,3,False,43.1
162,13,4,True,50.9
162,13,4,False,49.5
162,13,5,True,53.2
162,13,5,False,51.7
162,13,6,True,52.6
162,13,6,False,53.0
162,14,0,True,24.1
162,14,0,False,24.6
162,14,1,True,19.3
162,14,1,False,19.6
162,14,2,True,22.1
162,14,2,False,23.0
162,14,3,True,26.2
162,14,3,False,28.4
162,14,4,True,21.0
162,14,4,False,24.4
162,14,5,True,20.5
162,14,5,False,23.9
162,14,6,True,24.3
162,14,6,False,26.9
162,15,0,True,14.2
162,15,0,False,14.4
162,15,1,True,14.6
162,15,1,False,15.0
162,15,2,True,14.5
162,15,2,False,15.0
162,15,3,True,12.4
162,15,3,False,12.6
162,15,4,True,15.4
162,15,4,False,17.1
162,15,5,True,15.2
162,15,5,False,16.8
162,15,6,True,10.8
162,15,6,False,13.0
162,16,0,True,6.5
162,16,0,False,6.4
162,16,1,True,6.7
162,16,1,False,6.5
162,16,2,True,5.4
162,16,2,False,5.1
162,16,3,True,4.0
162,16,3,False,3.7
162,16,4,True,3.9
162,16,4,False,3.4
162,16,5,True,4.1
162,16,5,False,3.6
162,16,6,True,5.0
162,16,6,False,4.7
162,17,0,True,5.2
162,17,0,False,5.3
162,17,1,True,3.4
162,17,1,False,3.4
162,17,2,True,3.3
162,17,2,False,3.4
162,17,3,True,2.7
162,17,3,False,2.7
162,17,4,True,1.7
162,17,4,False,1.6
162,17,5,True,2.0
162,17,5,False,1.8
162,17,6,True,1.5
162,17,6,False,1.6
162,18,0,True,3.1
162,18,0,False,3.2
162,18,1,True,1.9
162,18,1,False,1.9
162,18,2,True,2.4
162,18,2,False,2.4
162,18,3,True,1.8
162,18,3,False,1.6
162,18,4,True,1.7
162,18,4,False,1.4
162,18,5,True,1.8
162,18,5,False,1.5
162,18,6,True,2.6
162,18,6,False,2.5
162,19,0,True,1.6
162,19,0,False,1.5
162,19,1,True,1.6
162,19,1,False,1.3
162,19,2,True,1.9
162,19,2,False,1.8
162,19,3,True,2.0
162,19,3,False,1.9
162,19,4,True,1.5
162,19,4,False,1.2
162,19,5,True,1.7
162,19,5,False,1.4
162,19,6,True,2.6
162,19,6,False,2.4
162,20,0,True,2.5
162,20,0,False,2.4
162,20,1,True,2.1
162,20,1,False,2.0
162,20,2,True,1.7
162,20,2,False,1.6
162,20,3,True,1.4
162,20,3,False,1.3
162,20,4,True,2.4
162,20,4,False,2.3
162,20,5,True,2.3
162,20,5,False,2.3
162,20,6,True,2.5
162,20,6,False,2.5
162,21,0,True,2.2
162,21,0,False,2.3
162,21,1,True,1.4
162,21,1,False,1.4
162,21,2,True,1.5
162,21,2,False,1.5
162,21,3,True,1.7
162,21,3,False,1.8
162,21,4,True,1.2
162,21,4,False,1.3
162,21,5,True,1.2
162,21,5,False,1.3
162,21,6,True,1.1
162,21,6,False,1.1
162,22,0,True,1.1
162,22,0,False,1.1
162,22,1,True,1.1
162,22,1,False,1.1
162,22,2,True,1.2
162,22,2,False,1.2
162,22,3,True,1.3
162,22,3,False,1.4
162,22,4,True,1.1
162,22,4,False,1.1
162,22,5,True,1.1
162,22,5,False,1.1
162,22,6,True,1.0
162,22,6,False,1.0
162,23,0,True,1.1
162,23,0,False,1.1
162,23,1,True,1.1
162,23,1,False,1.1
162,23,2,True,1.2
162,23,2,False,1.2
162,23,3,True,1.3
162,23,3,False,1.4
162,23,4,True,1.1
162,23,4,False,1.1
162,23,5,True,1.1
162,23,5,False,1.1
162,23,6,True,1.0
162,23,6,False,1.0
164,0,0,True,52.6
164,0,0,False,60.2
164,0,1,True,53.1
164,0,1,False,61.7
164,0,2,True,47.1
164,0,2,False,54.6
164,0,3,True,30.7
164,0,3,False,36.0
164,0,4,True,52.7
164,0,4,False,67.7
164,0,5,True,53.0
164,0,5,False,68.1
164,0,6,True,50.7
164,0,6,False,65.5
164,1,0,True,52.6
164,1,0,False,60.2
164,1,1,True,53.1
164,1,1,False,61.7
164,1,2,True,47.1
164,1,2,False,54.6
164,1,3,True,30.7
164,1,3,False,36.0
164,1,4,True,52.7
164,1,4,False,67.7
164,1,5,True,53.0
164,1,5,False,68.1
164,1,6,True,50.7
164,1,6,False,65.5
164,2,0,True,52.6
164,2,0,False,60.2
164,2,1,True,53.1
164,2,1,False,61.7
164,2,2,True,47.1
164,2,2,False,54.6
164,2,3,True,30.7
164,2,3,False,36.0
164,2,4,True,52.7
164,2,4,False,67.7
164,2,5,True,53.0
164,2,5,False,68.1
164,2,6,True,50.7
164,2,6,False,65.5
164,3,0,True,52.6
164,3,0,False,60.2
164,3,1,True,53.1
164,3,1,False,61.7
164,3,2,True,47.1
164,3,2,False,54.6
164,3,3,True,30.7
164,3,3,False,36.0
164,3,4,True,52.7
164,3,4,False,67.7
164,3,5,True,53.0
164,3,5,False,68.1
164,3,6,True,50.7
164,3,6,False,65.5
164,4,0,True,52.6
164,4,0,False,60.2
164,4,1,True,53.1
164,4,1,False,61.7
164,4,2,True,47.1
164,4,2,False,54.6
164,4,3,True,30.7
164,4,3,False,36.0
164,4,4,True,52.7
164,4,4,False,67.7
164,4,5,True,53.0
164,4,5,False,68.1
164,4,6,True,50.7
164,4,6,False,65.5
164,5,0,True,52.6
164,5,0,False,60.2
164,5,1,True,53.1
164,5,1,False,61.7
164,5,2,True,47.1
164,5,2,False,54.6
164,5,3,True,30.7
164,5,3,False,36.0
164,5,4,True,52.7
164,5,4,False,67.7
164,5,5,True,53.0
164,5,5,False,68.1
164,5,6,True,50.7
164,5,6,False,65.5
164,6,0,True,56.8
164,6,0,False,65.2
164,6,1,True,65.4
164,6,1,False,75.9
164,6,2,True,52.0
164,6,2,False,59.0
164,6,3,True,34.5
164,6,3,False,39.4
164,6,4,True,58.9
164,6,4,False,74.3
164,6,5,True,56.8
164,6,5,False,72.2
164,6,6,True,54.0
164,6,6,False,69.0
164,7,0,True,90.8
164,7,0,False,108.2
164,7,1,True,91.6
164,7,1,False,107.7
164,7,2,True,82.7
164,7,2,False,97.1
164,7,3,True,55.2
164,7,3,False,64.8
164,7,4,True,92.3
164,7,4,False,119.1
164,7,5,True,90.1
164,7,5,False,117.0
164,7,6,True,79.7
164,7,6,False,106.1
164,8,0,True,459.9
164,8,0,False,444.2
164,8,1,True,463.2
164,8,1,False,440.2
164,8,2,True,463.2
164,8,2,False,430.1
164,8,3,True,502.6
164,8,3,False,475.4
164,8,4,True,484.4
164,8,4,False,442.4
164,8,5,True,492.3
164,8,5,False,450.3
164,8,6,True,466.8
164,8,6,False,442.8
164,9,0,True,132.2
164,9,0,False,127.1
164,9,1,True,113.0
164,9,1,False,108.9
164,9,2,True,118.5
164,9,2,False,108.7
164,9,3,True,143.1
164,9,3,False,141.9
164,9,4,True,112.9
164,9,4,False,109.4
164,9,5,True,122.3
164,9,5,False,118.8
164,9,6,True,150.1
164,9,6,False,149.4
164,10,0,True,67.8
164,10,0,False,70.1
164,10,1,True,63.2
164,10,1,False,65.6
164,10,2,True,66.1
164,10,2,False,71.0
164,10,3,True,80.2
164,10,3,False,86.6
164,10,4,True,62.0
164,10,4,False,67.6
164,10,5,True,64.6
164,10,5,False,70.2
164,10,6,True,74.4
164,10,6,False,79.4
164,11,0,True,51.7
164,11,0,False,45.6
164,11,1,True,39.5
164,11,1,False,32.2
164,11,2,True,40.4
164,11,2,False,33.0
164,11,3,True,43.5
164,11,3,False,36.0
164,11,4,True,52.7
164,11,4,False,45.3
164,11,5,True,56.1
164,11,5,False,48.7
164,11,6,True,48.4
164,11,6,False,45.4
164,12,0,True,53.3
164,12,0,False,37.0
164,12,1,True,57.5
164,12,1,False,42.7
164,12,2,True,56.5
164,12,2,False,39.3
164,12,3,True,50.4
164,12,3,False,29.0
164,12,4,True,64.7
164,12,4,False,46.3
164,12,5,True,70.5
164,12,5,False,52.1
164,12,6,True,64.0
164,12,6,False,52.0
164,13,0,True,66.0
164,13,0,False,56.7
164,13,1,True,59.9
164,13,1,False,48.7
164,13,2,True,66.5
164,13,2,False,57.3
164,13,3,True,57.0
164,13,3,False,41.6
164,13,4,True,72.1
164,13,4,False,57.9
164,13,5,True,74.7
164,13,5,False,60.5
164,13,6,True,90.8
164,13,6,False,76.4
164,14,0,True,53.4
164,14,0,False,54.3
164,14,1,True,46.4
164,14,1,False,45.7
164,14,2,True,40.3
164,14,2,False,39.3
164,14,3,True,62.6
164,14,3,False,66.6
164,14,4,True,39.7
164,14,4,False,37.6
164,14,5,True,39.3
164,14,5,False,37.1
164,14,6,True,47.0
164,14,6,False,44.6
164,15,0,True,19.8
164,15,0,False,20.0
164,15,1,True,17.0
164,15,1,False,17.3
164,15,2,True,13.3
164,15,2,False,13.5
164,15,3,True,21.1
164,15,3,False,23.5
164,15,4,True,22.0
164,15,4,False,24.7
164,15,5,True,20.6
164,15,5,False,23.4
164,15,6,True,15.4
164,15,6,False,18.2
164,16,0,True,5.3
164,16,0,False,4.6
164,16,1,True,5.4
164,16,1,False,4.6
164,16,2,True,11.3
164,16,2,False,11.1
164,16,3,True,8.4
164,16,3,False,6.8
164,16,4,True,8.4
164,16,4,False,6.6
164,16,5,True,9.0
164,16,5,False,7.2
164,16,6,True,11.0
164,16,6,False,9.1
164,17,0,True,1.8
164,17,0,False,1.8
164,17,1,True,2.0
164,17,1,False,2.1
164,17,2,True,2.9
164,17,2,False,3.1
164,17,3,True,3.0
164,17,3,False,3.2
164,17,4,True,1.9
164,17,4,False,1.9
164,17,5,True,1.7
164,17,5,False,1.7
164,17,6,True,1.4
164,17,6,False,1.4
164,18,0,True,2.0
164,18,0,False,2.0
164,18,1,True,1.9
164,18,1,False,1.9
164,18,2,True,3.1
164,18,2,False,3.3
164,18,3,True,2.3
164,18,3,False,2.4
164,18,4,True,1.6
164,18,4,False,1.5
164,18,5,True,1.7
164,18,5,False,1.6
164,18,6,True,2.5
164,18,6,False,2.5
164,19,0,True,2.0
164,19,0,False,2.0
164,19,1,True,2.0
164,19,1,False,1.9
164,19,2,True,2.3
164,19,2,False,2.3
164,19,3,True,2.4
164,19,3,False,2.4
164,19,4,True,1.5
164,19,4,False,1.4
164,19,5,True,1.7
164,19,5,False,1.5
164,19,6,True,2.6
164,19,6,False,2.5
164,20,0,True,1.9
164,20,0,False,1.9
164,20,1,True,1.8
164,20,1,False,1.7
164,20,2,True,1.6
164,20,2,False,1.5
164,20,3,True,1.2
164,20,3,False,1.1
164,20,4,True,1.3
164,20,4,False,1.3
164,20,5,True,1.3
164,20,5,False,1.3
164,20,6,True,2.4
164,20,6,False,2.4
164,21,0,True,1.9
164,21,0,False,1.9
164,21,1,True,1.3
164,21,1,False,1.4
164,21,2,True,1.4
164,21,2,False,1.4
164,21,3,True,1.5
164,21,3,False,1.6
164,21,4,True,1.1
164,21,4,False,1.1
164,21,5,True,1.0
164,21,5,False,1.1
164,21,6,True,1.1
164,21,6,False,1.1
164,22,0,True,1.2
164,22,0,False,1.2
164,22,1,True,1.1
164,22,1,False,1.1
164,22,2,True,1.2
164,22,2,False,1.2
164,22,3,True,1.2
164,22,3,False,1.3
164,22,4,True,1.0
164,22,4,False,1.0
164,22,5,True,1.0
164,22,5,False,1.0
164,22,6,True,1.0
164,22,6,False,1.0
164,23,0,True,1.2
164,23,0,False,1.2
164,23,1,True,1.1
164,23,1,False,1.1
164,23,2,True,1.2
164,23,2,False,1.2
164,23,3,True,1.2
164,23,3,False,1.3
164,23,4,True,1.0
164,23,4,False,1.0
164,23,5,True,1.0
164,23,5,False,1.0
164,23,6,True,1.0
164,23,6,False,1.0
167,0,0,True,50.6
167,0,0,False,57.6
167,0,1,True,51.6
167,0,1,False,59.5
167,0,2,True,45.2
167,0,2,False,52.2
167,0,3,True,29.6
167,0,3,False,34.2
167,0,4,True,50.0
167,0,4,False,64.4
167,0,5,True,50.3
167,0,5,False,64.8
167,0,6,True,48.0
167,0,6,False,62.2
167,1,0,True,50.6
167,1,0,False,57.6
167,1,1,True,51.6
167,1,1,False,59.5
167,1,2,True,45.2
167,1,2,False,52.2
167,1,3,True,29.6
167,1,3,False,34.2
167,1,4,True,50.0
167,1,4,False,64.4
167,1,5,True,50.3
167,1,5,False,64.8
167,1,6,True,48.0
167,1,6,False,62.2
167,2,0,True,50.6
167,2,0,False,57.6
167,2,1,True,51.6
167,2,1,False,59.5
167,2,2,True,45.2
167,2,2,False,52.2
167,2,3,True,29.6
167,2,3,False,34.2
167,2,4,True,50.0
167,2,4,False,64.4
167,2,5,True,50.3
167,2,5,False,64.8
167,2,6,True,48.0
167,2,6,False,62.2
167,3,0,True,50.6
167,3,0,False,57.6
167,3,1,True,51.6
167,3,1,False,59.5
167,3,2,True,45.2
167,3,2,False,52.2
167,3,3,True,29.6
167,3,3,False,34.2
167,3,4,True,50.0
167,3,4,False,64.4
167,3,5,True,50.3
167,3,5,False,64.8
167,3,6,True,48.0
167,3,6,False,62.2
167,4,0,True,50.6
167,4,0,False,57.6
167,4,1,True,51.6
167,4,1,False,59.5
167,4,2,True,45.2
167,4,2,False,52.2
167,4,3,True,29.6
167,4,3,False,34.2
167,4,4,True,50.0
167,4,4,False,64.4
167,4,5,True,50.3
167,4,5,False,64.8
167,4,6,True,48.0
167,4,6,False,62.2
167,5,0,True,50.6
167,5,0,False,57.6
167,5,1,True,51.6
167,5,1,False,59.5
167,5,2,True,45.2
167,5,2,False,52.2
167,5,3,True,29.6
167,5,3,False,34.2
167,5,4,True,50.0
167,5,4,False,64.4
167,5,5,True,50.3
167,5,5,False,64.8
167,5,6,True,48.0
167,5,6,False,62.2
167,6,0,True,54.9
167,6,0,False,62.6
167,6,1,True,63.9
167,6,1,False,73.7
167,6,2,True,50.2
167,6,2,False,56.5
167,6,3,True,33.4
167,6,3,False,37.7
167,6,4,True,56.2
167,6,4,False,71.0
167,6,5,True,54.1
167,6,5,False,68.9
167,6,6,True,51.3
167,6,6,False,65.7
167,7,0,True,88.9
167,7,0,False,105.6
167,7,1,True,90.1
167,7,1,False,105.5
167,7,2,True,80.8
167,7,2,False,94.6
167,7,3,True,54.0
167,7,3,False,63.0
167,7,4,True,89.6
167,7,4,False,115.8
167,7,5,True,87.4
167,7,5,False,113.6
167,7,6,True,77.0
167,7,6,False,102.8
167,8,0,True,137.6
167,8,0,False,117.6
167,8,1,True,124.5
167,8,1,False,98.7
167,8,2,True,96.3
167,8,2,False,70.1
167,8,3,True,119.7
167,8,3,False,93.1
167,8,4,True,121.0
167,8,4,False,89.6
167,8,5,True,156.5
167,8,5,False,125.0
167,8,6,True,168.3
167,8,6,False,145.1
167,9,0,True,506.6
167,9,0,False,499.6
167,9,1,True,480.2
167,9,1,False,457.9
167,9,2,True,457.5
167,9,2,False,423.4
167,9,3,True,473.2
167,9,3,False,450.4
167,9,4,True,471.8
167,9,4,False,436.2
167,9,5,True,493.8
167,9,5,False,458.2
167,9,6,True,511.2
167,9,6,False,476.0
167,10,0,True,286.5
167,10,0,False,278.9
167,10,1,True,324.5
167,10,1,False,323.0
167,10,2,True,385.7
167,10,2,False,400.7
167,10,3,True,391.2
167,10,3,False,405.7
167,10,4,True,419.4
167,10,4,False,442.6
167,10,5,True,410.0
167,10,5,False,433.2
167,10,6,True,415.0
167,10,6,False,434.4
167,11,0,True,79.7
167,11,0,False,81.1
167,11,1,True,68.1
167,11,1,False,65.8
167,11,2,True,78.3
167,11,2,False,77.0
167,11,3,True,86.3
167,11,3,False,85.8
167,11,4,True,92.3
167,11,4,False,93.4
167,11,5,True,93.8
167,11,5,False,95.0
167,11,6,True,67.5
167,11,6,False,72.5
167,12,0,True,40.6
167,12,0,False,33.3
167,12,1,True,48.7
167,12,1,False,44.3
167,12,2,True,46.2
167,12,2,False,39.4
167,12,3,True,32.5
167,12,3,False,18.8
167,12,4,True,42.3
167,12,4,False,32.2
167,12,5,True,43.5
167,12,5,False,33.4
167,12,6,True,44.1
167,12,6,False,37.0
167,13,0,True,14.2
167,13,0,False,9.8
167,13,1,True,12.2
167,13,1,False,7.2
167,13,2,True,16.3
167,13,2,False,12.2
167,13,3,True,16.6
167,13,3,False,12.7
167,13,4,True,18.1
167,13,4,False,13.9
167,13,5,True,18.8
167,13,5,False,14.6
167,13,6,True,28.5
167,13,6,False,23.4
167,14,0,True,14.6
167,14,0,False,11.8
167,14,1,True,9.6
167,14,1,False,5.6
167,14,2,True,9.6
167,14,2,False,4.5
167,14,3,True,11.9
167,14,3,False,6.3
167,14,4,True,11.0
167,14,4,False,5.4
167,14,5,True,12.1
167,14,5,False,6.6
167,14,6,True,13.6
167,14,6,False,9.3
167,15,0,True,16.0
167,15,0,False,15.7
167,15,1,True,10.9
167,15,1,False,9.0
167,15,2,True,8.0
167,15,2,False,4.8
167,15,3,True,8.9
167,15,3,False,6.0
167,15,4,True,9.0
167,15,4,False,5.4
167,15,5,True,9.6
167,15,5,False,6.0
167,15,6,True,9.2
167,15,6,False,6.2
167,16,0,True,4.5
167,16,0,False,4.6
167,16,1,True,6.1
167,16,1,False,6.4
167,16,2,True,15.4
167,16,2,False,16.3
167,16,3,True,6.9
167,16,3,False,7.6
167,16,4,True,5.0
167,16,4,False,5.6
167,16,5,True,4.7
167,16,5,False,5.2
167,16,6,True,5.2
167,16,6,False,5.8
167,17,0,True,2.0
167,17,0,False,1.9
167,17,1,True,2.5
167,17,1,False,2.7
167,17,2,True,3.8
167,17,2,False,4.0
167,17,3,True,2.8
167,17,3,False,3.0
167,17,4,True,1.6
167,17,4,False,1.7
167,17,5,True,1.4
167,17,5,False,1.5
167,17,6,True,1.3
167,17,6,False,1.4
167,18,0,True,4.1
167,18,0,False,4.1
167,18,1,True,4.9
167,18,1,False,5.1
167,18,2,True,5.4
167,18,2,False,5.6
167,18,3,True,3.2
167,18,3,False,3.3
167,18,4,True,1.5
167,18,4,False,1.5
167,18,5,True,1.4
167,18,5,False,1.4
167,18,6,True,1.6
167,18,6,False,1.7
167,19,0,True,2.0
167,19,0,False,2.1
167,19,1,True,1.9
167,19,1,False,2.0
167,19,2,True,2.2
167,19,2,False,2.4
167,19,3,True,2.0
167,19,3,False,2.2
167,19,4,True,1.4
167,19,4,False,1.4
167,19,5,True,1.3
167,19,5,False,1.3
167,19,6,True,2.4
167,19,6,False,2.4
167,20,0,True,1.7
167,20,0,False,1.7
167,20,1,True,1.5
167,20,1,False,1.5
167,20,2,True,1.4
167,20,2,False,1.4
167,20,3,True,1.1
167,20,3,False,1.1
167,20,4,True,1.2
167,20,4,False,1.2
167,20,5,True,1.2
167,20,5,False,1.2
167,20,6,True,2.4
167,20,6,False,2.4
167,21,0,True,1.8
167,21,0,False,1.8
167,21,1,True,1.2
167,21,1,False,1.2
167,21,2,True,1.3
167,21,2,False,1.3
167,21,3,True,1.5
167,21,3,False,1.5
167,21,4,True,1.0
167,21,4,False,1.1
167,21,5,True,1.0
167,21,5,False,1.1
167,21,6,True,1.1
167,21,6,False,1.1
167,22,0,True,1.1
167,22,0,False,1.1
167,22,1,True,1.1
167,22,1,False,1.1
167,22,2,True,1.1
167,22,2,False,1.1
167,22,3,True,1.2
167,22,3,False,1.2
167,22,4,True,1.0
167,22,4,False,1.0
167,22,5,True,1.0
167,22,5,False,1.0
167,22,6,True,1.0
167,22,6,False,1.0
167,23,0,True,1.1
167,23,0,False,1.1
167,23,1,True,1.1
167,23,1,False,1.1
167,23,2,True,1.1
167,23,2,False,1.1
167,23,3,True,1.2
167,23,3,False,1.2
167,23,4,True,1.0
167,23,4,False,1.0
167,23,5,True,1.0
167,23,5,False,1.0
167,23,6,True,1.0
167,23,6,False,1.0
