batch_id,courier_id,day_of_week,hour_of_day,stop_type,random_seq,nn_seq,optimized_seq,order_id,lat,lng
B001,229,3,12,depot,0,0,0,,37.5513,121.28261
B001,229,3,12,stop,29,1,1,4384625.0,37.56888,121.22233
B001,229,3,12,stop,19,2,2,3356240.0,37.56806,121.2204
B001,229,3,12,stop,4,6,3,383852.0,37.57573,121.20694
B001,229,3,12,stop,28,8,4,4314913.0,37.57581,121.20472
B001,229,3,12,stop,1,9,5,335853.0,37.57616,121.20336
B001,229,3,12,stop,30,12,6,4420415.0,37.57483,121.20197
B001,229,3,12,stop,23,21,7,3844612.0,37.57221,121.18574
B001,229,3,12,stop,14,15,8,2922442.0,37.57336,121.18447
B001,229,3,12,stop,26,17,9,3865065.0,37.57262,121.18278
B001,229,3,12,stop,22,16,10,3809089.0,37.5725,121.1832
B001,229,3,12,stop,9,18,11,1559458.0,37.57139,121.18374
B001,229,3,12,stop,27,20,12,4218631.0,37.57073,121.18603
B001,229,3,12,stop,25,19,13,3852403.0,37.57049,121.18539
B001,229,3,12,stop,11,22,14,2036062.0,37.56913,121.18312
B001,229,3,12,stop,8,23,15,1479934.0,37.57051,121.17931
B001,229,3,12,stop,13,30,16,2426648.0,37.58061,121.16865
B001,229,3,12,stop,5,29,17,466357.0,37.58124,121.17165
B001,229,3,12,stop,10,28,18,1598758.0,37.58103,121.17157
B001,229,3,12,stop,3,27,19,355733.0,37.57998,121.17262
B001,229,3,12,stop,2,26,20,339113.0,37.58189,121.1832
B001,229,3,12,stop,12,25,21,2278725.0,37.57936,121.18362
B001,229,3,12,stop,24,24,22,3848167.0,37.57855,121.18383
B001,229,3,12,stop,17,14,23,3144516.0,37.5761,121.18864
B001,229,3,12,stop,18,13,24,3314596.0,37.57984,121.19431
B001,229,3,12,stop,21,11,25,3777244.0,37.57791,121.20108
B001,229,3,12,stop,20,10,26,3640895.0,37.57719,121.20297
B001,229,3,12,stop,7,7,27,938454.0,37.57718,121.20613
B001,229,3,12,stop,6,5,28,850428.0,37.57669,121.20762
B001,229,3,12,stop,16,4,29,3115159.0,37.57758,121.20915
B001,229,3,12,stop,15,3,30,3088037.0,37.57188,121.2222
B002,4241,2,8,depot,0,0,0,,37.15455,119.94965
B002,4241,2,8,stop,9,2,1,3437511.0,37.20328,119.92279
B002,4241,2,8,stop,14,4,2,4277724.0,37.22053,119.93701
B002,4241,2,8,stop,4,5,3,1430213.0,37.28607,119.94061
B002,4241,2,8,stop,11,6,4,3926036.0,37.28605,119.94529
B002,4241,2,8,stop,6,7,5,1870743.0,37.28618,119.94538
B002,4241,2,8,stop,3,8,6,1233382.0,37.33336,119.95691
B002,4241,2,8,stop,15,9,7,4438175.0,37.33337,119.95695
B002,4241,2,8,stop,1,12,8,299597.0,37.40469,119.95876
B002,4241,2,8,stop,2,13,9,866994.0,37.4048,119.95863
B002,4241,2,8,stop,10,14,10,3770804.0,37.40485,119.95862
B002,4241,2,8,stop,12,11,11,3948816.0,37.37608,119.9414
B002,4241,2,8,stop,8,10,12,3403172.0,37.35788,119.91656
B002,4241,2,8,stop,5,3,13,1670210.0,37.21669,119.90353
B002,4241,2,8,stop,7,15,14,2017117.0,37.13405,119.88072
B002,4241,2,8,stop,13,1,15,4091877.0,37.14614,119.96891
B003,3680,2,10,depot,0,0,0,,37.5428,121.3671
B003,3680,2,10,stop,29,1,1,4288891.0,37.54151,121.36726
B003,3680,2,10,stop,16,12,2,2257334.0,37.54018,121.3683
B003,3680,2,10,stop,9,13,3,798867.0,37.54213,121.37037
B003,3680,2,10,stop,7,14,4,663940.0,37.54269,121.3707
B003,3680,2,10,stop,13,17,5,1879400.0,37.54352,121.3718
B003,3680,2,10,stop,12,15,6,1841549.0,37.54239,121.37178
B003,3680,2,10,stop,23,16,7,3135284.0,37.5422,121.37224
B003,3680,2,10,stop,25,18,8,3303063.0,37.53978,121.37305
B003,3680,2,10,stop,15,19,9,2225901.0,37.53972,121.37603
B003,3680,2,10,stop,17,20,10,2278162.0,37.5367,121.37231
B003,3680,2,10,stop,27,21,11,4204295.0,37.53625,121.37205
B003,3680,2,10,stop,1,22,12,195333.0,37.53545,121.37224
B003,3680,2,10,stop,2,23,13,244090.0,37.53439,121.36994
B003,3680,2,10,stop,30,24,14,4486231.0,37.53321,121.37212
B003,3680,2,10,stop,3,25,15,280826.0,37.53227,121.37188
B003,3680,2,10,stop,4,29,16,324039.0,37.40808,121.37353
B003,3680,2,10,stop,20,30,17,2937137.0,37.40603,121.3516
B003,3680,2,10,stop,28,26,18,4222001.0,37.53192,121.36726
B003,3680,2,10,stop,26,27,19,4053273.0,37.53255,121.36682
B003,3680,2,10,stop,5,28,20,377901.0,37.53558,121.3659
B003,3680,2,10,stop,24,11,21,3297501.0,37.53836,121.36848
B003,3680,2,10,stop,14,10,22,2193742.0,37.53904,121.36642
B003,3680,2,10,stop,11,9,23,1555510.0,37.53827,121.36389
B003,3680,2,10,stop,8,8,24,728344.0,37.53908,121.3649
B003,3680,2,10,stop,10,7,25,1399307.0,37.53972,121.36474
B003,3680,2,10,stop,6,6,26,632219.0,37.54048,121.36491
B003,3680,2,10,stop,22,5,27,3054209.0,37.54114,121.36498
B003,3680,2,10,stop,18,4,28,2501596.0,37.54137,121.36485
B003,3680,2,10,stop,19,3,29,2762874.0,37.54151,121.36491
B003,3680,2,10,stop,21,2,30,3044563.0,37.54191,121.36544
B004,3255,6,13,depot,0,0,0,,37.43916,121.48127
B004,3255,6,13,stop,6,3,1,1353294.0,37.43907,121.48172
B004,3255,6,13,stop,5,4,2,1101301.0,37.43911,121.48306
B004,3255,6,13,stop,8,5,3,1617615.0,37.4382,121.48435
B004,3255,6,13,stop,2,15,4,640849.0,37.44381,121.48714
B004,3255,6,13,stop,3,16,5,837960.0,37.44393,121.48726
B004,3255,6,13,stop,12,17,6,2484885.0,37.44421,121.48733
B004,3255,6,13,stop,11,14,7,2353469.0,37.44435,121.48475
B004,3255,6,13,stop,9,12,8,1774014.0,37.44456,121.48296
B004,3255,6,13,stop,4,11,9,1069894.0,37.44441,121.48282
B004,3255,6,13,stop,7,13,10,1509334.0,37.4442,121.48292
B004,3255,6,13,stop,13,8,11,3153224.0,37.44418,121.48179
B004,3255,6,13,stop,1,7,12,593839.0,37.44407,121.48167
B004,3255,6,13,stop,14,10,13,3191248.0,37.4446,121.48139
B004,3255,6,13,stop,16,9,14,3767229.0,37.44442,121.48123
B004,3255,6,13,stop,15,6,15,3745946.0,37.44192,121.48063
B004,3255,6,13,stop,17,2,16,3992368.0,37.43909,121.48096
B004,3255,6,13,stop,10,1,17,2040507.0,37.43913,121.48103
B005,2519,6,10,depot,0,0,0,,37.78731,120.85518
B005,2519,6,10,stop,4,1,1,918289.0,37.78053,120.85955
B005,2519,6,10,stop,22,22,2,4267138.0,37.78722,120.91997
B005,2519,6,10,stop,10,21,3,1582037.0,37.78739,120.91975
B005,2519,6,10,stop,18,20,4,2921419.0,37.78746,120.9198
B005,2519,6,10,stop,12,19,5,2013574.0,37.78749,120.91985
B005,2519,6,10,stop,1,18,6,35946.0,37.79387,120.92854
B005,2519,6,10,stop,6,17,7,1103743.0,37.81485,120.89797
B005,2519,6,10,stop,7,16,8,1110767.0,37.81625,120.8757
B005,2519,6,10,stop,21,2,9,3777923.0,37.80466,120.84797
B005,2519,6,10,stop,13,5,10,2281504.0,37.80354,120.80301
B005,2519,6,10,stop,11,6,11,1743415.0,37.79959,120.79912
B005,2519,6,10,stop,3,15,12,147921.0,37.80129,120.78849
B005,2519,6,10,stop,17,10,13,2918714.0,37.80148,120.77915
B005,2519,6,10,stop,16,9,14,2745922.0,37.7974,120.77785
B005,2519,6,10,stop,9,11,15,1492152.0,37.8015,120.77445
B005,2519,6,10,stop,5,12,16,965141.0,37.80293,120.76837
B005,2519,6,10,stop,14,13,17,2468195.0,37.79969,120.75971
B005,2519,6,10,stop,15,14,18,2701427.0,37.78961,120.7697
B005,2519,6,10,stop,19,8,19,2941385.0,37.78923,120.784
B005,2519,6,10,stop,8,7,20,1314510.0,37.79263,120.79673
B005,2519,6,10,stop,20,4,21,3108053.0,37.79698,120.81049
B005,2519,6,10,stop,2,3,22,142815.0,37.79733,120.83443
B006,3904,1,14,depot,0,0,0,,37.53016,121.25138
B006,3904,1,14,stop,4,1,1,1870923.0,37.52985,121.25149
B006,3904,1,14,stop,3,12,2,1656672.0,37.52695,121.24982
B006,3904,1,14,stop,5,11,3,1935041.0,37.52417,121.23532
B006,3904,1,14,stop,8,10,4,3016265.0,37.52728,121.23779
B006,3904,1,14,stop,7,9,5,2985283.0,37.53165,121.24119
B006,3904,1,14,stop,6,8,6,2559841.0,37.52964,121.24418
B006,3904,1,14,stop,2,7,7,1649819.0,37.53244,121.24776
B006,3904,1,14,stop,11,6,8,4391151.0,37.53369,121.25538
B006,3904,1,14,stop,1,5,9,941368.0,37.53359,121.25541
B006,3904,1,14,stop,12,4,10,4412846.0,37.53162,121.2547
B006,3904,1,14,stop,9,3,11,3152561.0,37.53014,121.25539
B006,3904,1,14,stop,10,2,12,3859554.0,37.52966,121.25442
B007,4109,5,10,depot,0,0,0,,37.15426,119.94952
B007,4109,5,10,stop,11,1,1,3509081.0,37.16933,119.9497
B007,4109,5,10,stop,10,2,2,3215104.0,37.20811,119.87729
B007,4109,5,10,stop,12,3,3,4226669.0,37.20835,119.8774
B007,4109,5,10,stop,13,4,4,4359613.0,37.20837,119.87738
B007,4109,5,10,stop,1,5,5,465056.0,37.20852,119.87729
B007,4109,5,10,stop,5,6,6,2008902.0,37.2116,119.87357
B007,4109,5,10,stop,4,7,7,1771885.0,37.06013,119.83121
B007,4109,5,10,stop,9,8,8,3004359.0,37.01851,119.85168
B007,4109,5,10,stop,8,9,9,2965115.0,37.03077,119.93667
B007,4109,5,10,stop,2,10,10,1514249.0,37.03633,119.93669
B007,4109,5,10,stop,3,11,11,1563223.0,37.07109,120.14215
B007,4109,5,10,stop,7,12,12,2572499.0,37.09988,120.14983
B007,4109,5,10,stop,6,13,13,2170826.0,37.13171,120.20114
B008,616,0,13,depot,0,0,0,,36.95737,120.65856
B008,616,0,13,stop,2,1,1,981032.0,36.95945,120.68404
B008,616,0,13,stop,7,3,2,4025602.0,36.95919,120.70051
B008,616,0,13,stop,5,4,3,2839169.0,36.9586,120.70068
B008,616,0,13,stop,3,5,4,1514967.0,36.95696,120.70088
B008,616,0,13,stop,4,6,5,2592986.0,36.95599,120.71916
B008,616,0,13,stop,6,7,6,2965634.0,36.95766,120.71941
B008,616,0,13,stop,8,8,7,4259793.0,36.96515,120.71753
B008,616,0,13,stop,1,2,8,940850.0,36.96192,120.69602
B009,1271,3,11,depot,0,0,0,,37.5428,121.3671
B009,1271,3,11,stop,1,5,1,327741.0,37.5427,121.36388
B009,1271,3,11,stop,9,3,2,1038719.0,37.54305,121.36425
B009,1271,3,11,stop,3,4,3,474945.0,37.54319,121.36417
B009,1271,3,11,stop,10,2,4,1044597.0,37.54315,121.36441
B009,1271,3,11,stop,15,1,5,2711267.0,37.54351,121.36456
B009,1271,3,11,stop,2,12,6,365220.0,37.54556,121.36484
B009,1271,3,11,stop,17,13,7,3635108.0,37.54677,121.36502
B009,1271,3,11,stop,4,14,8,792052.0,37.54748,121.3644
B009,1271,3,11,stop,11,15,9,1057695.0,37.54785,121.36389
B009,1271,3,11,stop,8,18,10,1008744.0,37.55176,121.36395
B009,1271,3,11,stop,14,16,11,2128076.0,37.54896,121.3635
B009,1271,3,11,stop,12,17,12,1142945.0,37.54661,121.36222
B009,1271,3,11,stop,13,11,13,1164927.0,37.54606,121.36352
B009,1271,3,11,stop,19,10,14,4125497.0,37.5455,121.36386
B009,1271,3,11,stop,18,9,15,4066932.0,37.54509,121.36272
B009,1271,3,11,stop,7,7,16,932184.0,37.54269,121.36053
B009,1271,3,11,stop,16,6,17,3174764.0,37.54246,121.36072
B009,1271,3,11,stop,5,8,18,876524.0,37.54025,121.36152
B009,1271,3,11,stop,6,19,19,906169.0,37.41123,121.35724
B010,3478,2,9,depot,0,0,0,,37.41113,121.38035
B010,3478,2,9,stop,4,1,1,678929.0,37.48389,121.42773
B010,3478,2,9,stop,24,2,2,3936493.0,37.48838,121.42647
B010,3478,2,9,stop,2,3,3,441045.0,37.48972,121.42682
B010,3478,2,9,stop,23,4,4,3379863.0,37.49028,121.42624
B010,3478,2,9,stop,21,5,5,2868560.0,37.49085,121.42709
B010,3478,2,9,stop,15,6,6,2482371.0,37.49201,121.42371
B010,3478,2,9,stop,14,7,7,2466659.0,37.4922,121.42274
B010,3478,2,9,stop,17,9,8,2587348.0,37.49215,121.42135
B010,3478,2,9,stop,19,8,9,2710018.0,37.4927,121.42281
B010,3478,2,9,stop,10,10,10,1493578.0,37.50233,121.43533
B010,3478,2,9,stop,1,22,11,203658.0,37.51088,121.4374
B010,3478,2,9,stop,29,23,12,4406017.0,37.51058,121.43615
B010,3478,2,9,stop,12,24,13,1957364.0,37.51155,121.43455
B010,3478,2,9,stop,26,25,14,3983035.0,37.51186,121.43407
B010,3478,2,9,stop,8,27,15,1237774.0,37.51351,121.43276
B010,3478,2,9,stop,6,26,16,982965.0,37.51294,121.43513
B010,3478,2,9,stop,5,21,17,800583.0,37.51234,121.43841
B010,3478,2,9,stop,22,20,18,3322097.0,37.51778,121.44244
B010,3478,2,9,stop,20,19,19,2770230.0,37.51794,121.44292
B010,3478,2,9,stop,18,16,20,2603375.0,37.51743,121.44761
B010,3478,2,9,stop,7,15,21,1211885.0,37.51679,121.44787
B010,3478,2,9,stop,25,17,22,3947021.0,37.51789,121.45096
B010,3478,2,9,stop,9,18,23,1407111.0,37.51812,121.45478
B010,3478,2,9,stop,3,14,24,549605.0,37.51481,121.44722
B010,3478,2,9,stop,30,13,25,4511478.0,37.51299,121.44532
B010,3478,2,9,stop,27,12,26,4060237.0,37.50814,121.44327
B010,3478,2,9,stop,16,11,27,2530572.0,37.50785,121.44131
B010,3478,2,9,stop,13,28,28,2066682.0,37.50362,121.44694
B010,3478,2,9,stop,28,29,29,4130424.0,37.4975,121.44578
B010,3478,2,9,stop,11,30,30,1885404.0,37.4954,121.44684
B011,1636,2,10,depot,0,0,0,,37.55126,121.28262
B011,1636,2,10,stop,15,1,1,2420538.0,37.5627,121.26867
B011,1636,2,10,stop,24,2,2,3677968.0,37.56347,121.25993
B011,1636,2,10,stop,29,27,3,4205664.0,37.56268,121.25026
B011,1636,2,10,stop,6,8,4,1094382.0,37.56261,121.24688
B011,1636,2,10,stop,8,9,5,1382255.0,37.56238,121.24684
B011,1636,2,10,stop,25,10,6,4137961.0,37.5611,121.24824
B011,1636,2,10,stop,17,26,7,2530769.0,37.55898,121.24916
B011,1636,2,10,stop,23,11,8,3398100.0,37.56031,121.2465
B011,1636,2,10,stop,20,12,9,3176907.0,37.5602,121.2434
B011,1636,2,10,stop,28,13,10,4172244.0,37.56095,121.24227
B011,1636,2,10,stop,5,25,11,955767.0,37.55851,121.23938
B011,1636,2,10,stop,3,24,12,569640.0,37.56205,121.23821
B011,1636,2,10,stop,11,22,13,2137220.0,37.56501,121.23269
B011,1636,2,10,stop,2,23,14,455204.0,37.56684,121.23016
B011,1636,2,10,stop,26,21,15,4168363.0,37.56614,121.23412
B011,1636,2,10,stop,30,20,16,4313826.0,37.56679,121.23646
B011,1636,2,10,stop,19,19,17,3104603.0,37.56496,121.23918
B011,1636,2,10,stop,7,18,18,1142537.0,37.56594,121.23918
B011,1636,2,10,stop,22,17,19,3394808.0,37.56716,121.24229
B011,1636,2,10,stop,14,16,20,2414114.0,37.56636,121.24194
B011,1636,2,10,stop,21,15,21,3280417.0,37.56431,121.24251
B011,1636,2,10,stop,13,14,22,2344742.0,37.56399,121.24258
B011,1636,2,10,stop,1,7,23,71551.0,37.56476,121.24609
B011,1636,2,10,stop,4,6,24,892800.0,37.56669,121.24869
B011,1636,2,10,stop,18,5,25,2926377.0,37.56514,121.25072
B011,1636,2,10,stop,16,4,26,2504334.0,37.56774,121.25211
B011,1636,2,10,stop,27,3,27,4171055.0,37.57002,121.25651
B011,1636,2,10,stop,12,28,28,2260241.0,37.57018,121.27182
B011,1636,2,10,stop,9,29,29,1720207.0,37.57038,121.27207
B011,1636,2,10,stop,10,30,30,1823886.0,37.57046,121.27252
B012,615,6,13,depot,0,0,0,,37.523,121.3816
B012,615,6,13,stop,15,1,1,2451322.0,37.53126,121.40713
B012,615,6,13,stop,22,2,2,3547932.0,37.53186,121.40933
B012,615,6,13,stop,12,3,3,2092039.0,37.53201,121.4093
B012,615,6,13,stop,17,4,4,2936984.0,37.53371,121.41151
B012,615,6,13,stop,9,28,5,1435496.0,37.53524,121.41226
B012,615,6,13,stop,2,29,6,168037.0,37.53555,121.41224
B012,615,6,13,stop,29,27,7,4323138.0,37.53431,121.41377
B012,615,6,13,stop,1,26,8,106674.0,37.53441,121.41384
B012,615,6,13,stop,13,25,9,2286112.0,37.53559,121.41565
B012,615,6,13,stop,25,11,10,4111206.0,37.5336,121.41666
B012,615,6,13,stop,23,14,11,3609988.0,37.53123,121.42483
B012,615,6,13,stop,28,18,12,4313923.0,37.52977,121.43114
B012,615,6,13,stop,11,19,13,1854368.0,37.53013,121.43161
B012,615,6,13,stop,18,24,14,2978407.0,37.53287,121.43647
B012,615,6,13,stop,8,23,15,1194465.0,37.52592,121.43514
B012,615,6,13,stop,21,22,16,3512387.0,37.52666,121.43411
B012,615,6,13,stop,24,21,17,4049544.0,37.52691,121.43235
B012,615,6,13,stop,10,20,18,1797580.0,37.52849,121.43243
B012,615,6,13,stop,16,17,19,2649872.0,37.52816,121.4301
B012,615,6,13,stop,6,16,20,879796.0,37.52817,121.4299
B012,615,6,13,stop,27,15,21,4262584.0,37.5274,121.42653
B012,615,6,13,stop,30,13,22,4445135.0,37.53097,121.41993
B012,615,6,13,stop,19,12,23,3069995.0,37.53154,121.41675
B012,615,6,13,stop,20,10,24,3294042.0,37.53256,121.41633
B012,615,6,13,stop,26,9,25,4216419.0,37.53256,121.41463
B012,615,6,13,stop,3,6,26,234450.0,37.53324,121.41379
B012,615,6,13,stop,4,5,27,545791.0,37.5335,121.41329
B012,615,6,13,stop,5,7,28,576373.0,37.53264,121.41358
B012,615,6,13,stop,14,8,29,2306084.0,37.53229,121.41297
B012,615,6,13,stop,7,30,30,1044523.0,37.52975,121.41063
B013,846,0,9,depot,0,0,0,,37.38603,120.41493
B013,846,0,9,stop,20,1,1,2689676.0,37.36385,120.41766
B013,846,0,9,stop,9,2,2,1560828.0,37.36204,120.42036
B013,846,0,9,stop,18,3,3,2414943.0,37.36149,120.42105
B013,846,0,9,stop,28,14,4,4350915.0,37.35902,120.41787
B013,846,0,9,stop,4,4,5,359619.0,37.35836,120.42162
B013,846,0,9,stop,5,26,6,902896.0,37.35929,120.42753
B013,846,0,9,stop,19,25,7,2522084.0,37.36102,120.4273
B013,846,0,9,stop,23,24,8,3305033.0,37.36025,120.42834
B013,846,0,9,stop,26,23,9,3733705.0,37.36028,120.4297
B013,846,0,9,stop,17,22,10,2214761.0,37.36116,120.43487
B013,846,0,9,stop,29,21,11,4379797.0,37.358,120.43575
B013,846,0,9,stop,8,28,12,1482854.0,37.3578,120.44222
B013,846,0,9,stop,13,29,13,1877778.0,37.35878,120.44644
B013,846,0,9,stop,21,27,14,2725469.0,37.35301,120.43928
B013,846,0,9,stop,15,20,15,2022282.0,37.35579,120.4352
B013,846,0,9,stop,12,19,16,1755160.0,37.3527,120.42907
B013,846,0,9,stop,25,8,17,3673989.0,37.35366,120.42625
B013,846,0,9,stop,30,9,18,4402392.0,37.35341,120.42539
B013,846,0,9,stop,2,7,19,216022.0,37.35431,120.4258
B013,846,0,9,stop,16,6,20,2101411.0,37.35473,120.42521
B013,846,0,9,stop,6,5,21,909080.0,37.35619,120.42309
B013,846,0,9,stop,22,13,22,2992393.0,37.35459,120.42016
B013,846,0,9,stop,7,12,23,1375706.0,37.35431,120.42118
B013,846,0,9,stop,3,10,24,250922.0,37.35265,120.42233
B013,846,0,9,stop,1,11,25,203208.0,37.35166,120.42258
B013,846,0,9,stop,14,18,26,1990613.0,37.34846,120.41187
B013,846,0,9,stop,24,17,27,3309061.0,37.34876,120.41213
B013,846,0,9,stop,10,16,28,1569915.0,37.35008,120.41321
B013,846,0,9,stop,27,15,29,4336958.0,37.35375,120.41336
B013,846,0,9,stop,11,30,30,1597523.0,37.36583,120.39836
B014,615,0,13,depot,0,0,0,,37.523,121.3816
B014,615,0,13,stop,14,1,1,2165228.0,37.53147,121.40833
B014,615,0,13,stop,6,2,2,1163741.0,37.53292,121.40904
B014,615,0,13,stop,11,3,3,1853906.0,37.53192,121.41106
B014,615,0,13,stop,5,4,4,960442.0,37.53192,121.41192
B014,615,0,13,stop,10,5,5,1841721.0,37.53365,121.41173
B014,615,0,13,stop,13,6,6,2096011.0,37.53394,121.41216
B014,615,0,13,stop,18,7,7,3021675.0,37.53439,121.41373
B014,615,0,13,stop,1,8,8,246292.0,37.53443,121.41373
B014,615,0,13,stop,24,9,9,4178984.0,37.53452,121.41381
B014,615,0,13,stop,3,10,10,593701.0,37.53537,121.41458
B014,615,0,13,stop,20,11,11,3542291.0,37.53362,121.41635
B014,615,0,13,stop,12,12,12,2039796.0,37.53294,121.4154
B014,615,0,13,stop,17,13,13,3012238.0,37.53079,121.41773
B014,615,0,13,stop,8,14,14,1371683.0,37.5315,121.41848
B014,615,0,13,stop,2,15,15,311612.0,37.53077,121.41967
B014,615,0,13,stop,4,16,16,710437.0,37.53163,121.42369
B014,615,0,13,stop,21,17,17,3659345.0,37.53079,121.42474
B014,615,0,13,stop,9,18,18,1815137.0,37.52863,121.43175
B014,615,0,13,stop,15,19,19,2302629.0,37.52701,121.4313
B014,615,0,13,stop,19,20,20,3287317.0,37.52707,121.433
B014,615,0,13,stop,7,21,21,1297565.0,37.52618,121.43628
B014,615,0,13,stop,23,22,22,3726692.0,37.52297,121.43392
B014,615,0,13,stop,16,23,23,2659972.0,37.52564,121.42963
B014,615,0,13,stop,25,24,24,4191596.0,37.52909,121.41477
B014,615,0,13,stop,22,25,25,3688092.0,37.53,121.40943
B015,3135,6,10,depot,0,0,0,,37.41111,121.38023
B015,3135,6,10,stop,10,30,1,1379348.0,37.45159,121.37016
B015,3135,6,10,stop,6,29,2,714386.0,37.46218,121.39643
B015,3135,6,10,stop,3,27,3,208822.0,37.44805,121.42202
B015,3135,6,10,stop,16,28,4,2178194.0,37.44636,121.42814
B015,3135,6,10,stop,29,26,5,3545255.0,37.46413,121.42984
B015,3135,6,10,stop,11,25,6,1498401.0,37.47999,121.46097
B015,3135,6,10,stop,13,24,7,1704563.0,37.46935,121.45421
B015,3135,6,10,stop,18,23,8,2280856.0,37.45451,121.45008
B015,3135,6,10,stop,26,22,9,3214220.0,37.43647,121.46408
B015,3135,6,10,stop,9,4,10,1111375.0,37.42316,121.42108
B015,3135,6,10,stop,27,3,11,3543375.0,37.42712,121.41114
B015,3135,6,10,stop,25,2,12,3167935.0,37.42896,121.4032
B015,3135,6,10,stop,2,1,13,89631.0,37.42009,121.39731
B015,3135,6,10,stop,12,9,14,1558468.0,37.41059,121.40139
B015,3135,6,10,stop,19,10,15,2637773.0,37.41476,121.40891
B015,3135,6,10,stop,1,5,16,38509.0,37.41223,121.41825
B015,3135,6,10,stop,7,6,17,877461.0,37.40901,121.42067
B015,3135,6,10,stop,4,8,18,265870.0,37.40276,121.40839
B015,3135,6,10,stop,8,7,19,1054627.0,37.39998,121.41684
B015,3135,6,10,stop,22,21,20,2859556.0,37.39264,121.43063
B015,3135,6,10,stop,17,18,21,2270232.0,37.3529,121.39125
B015,3135,6,10,stop,24,19,22,3058489.0,37.32409,121.39081
B015,3135,6,10,stop,30,20,23,3549612.0,37.29542,121.35975
B015,3135,6,10,stop,21,17,24,2837588.0,37.34795,121.34361
B015,3135,6,10,stop,28,16,25,3545021.0,37.36202,121.35708
B015,3135,6,10,stop,15,15,26,2141614.0,37.36761,121.35625
B015,3135,6,10,stop,5,14,27,483570.0,37.37861,121.36263
B015,3135,6,10,stop,23,13,28,3039681.0,37.3861,121.39132
B015,3135,6,10,stop,20,12,29,2714746.0,37.39432,121.38691
B015,3135,6,10,stop,14,11,30,2119061.0,37.3944,121.38702
B016,1147,5,10,depot,0,0,0,,37.78715,120.85517
B016,1147,5,10,stop,26,30,1,3439231.0,37.79874,120.79982
B016,1147,5,10,stop,5,22,2,1309341.0,37.80375,120.78989
B016,1147,5,10,stop,23,23,3,2997354.0,37.80349,120.77814
B016,1147,5,10,stop,19,24,4,2379594.0,37.80303,120.77378
B016,1147,5,10,stop,14,25,5,2173635.0,37.80593,120.77388
B016,1147,5,10,stop,24,26,6,3306281.0,37.80609,120.77388
B016,1147,5,10,stop,4,27,7,998533.0,37.80744,120.77345
B016,1147,5,10,stop,15,28,8,2254035.0,37.80807,120.77139
B016,1147,5,10,stop,12,29,9,1997830.0,37.81062,120.7727
B016,1147,5,10,stop,9,20,10,1612946.0,37.81639,120.77935
B016,1147,5,10,stop,21,19,11,2569642.0,37.812,120.77968
B016,1147,5,10,stop,17,18,12,2264968.0,37.8103,120.78155
B016,1147,5,10,stop,7,16,13,1446113.0,37.81187,120.78299
B016,1147,5,10,stop,1,15,14,97670.0,37.81261,120.78467
B016,1147,5,10,stop,2,17,15,519402.0,37.81109,120.78514
B016,1147,5,10,stop,30,14,16,4343069.0,37.81234,120.78655
B016,1147,5,10,stop,8,21,17,1581229.0,37.81483,120.78657
B016,1147,5,10,stop,6,13,18,1360320.0,37.81283,120.79186
B016,1147,5,10,stop,27,12,19,3685604.0,37.81175,120.79144
B016,1147,5,10,stop,11,11,20,1982415.0,37.81151,120.79042
B016,1147,5,10,stop,3,10,21,567708.0,37.81123,120.78937
B016,1147,5,10,stop,29,9,22,3986900.0,37.81056,120.78867
B016,1147,5,10,stop,13,8,23,2080157.0,37.80885,120.7898
B016,1147,5,10,stop,10,7,24,1928407.0,37.80749,120.79079
B016,1147,5,10,stop,16,6,25,2262212.0,37.8074,120.79099
B016,1147,5,10,stop,25,5,26,3397203.0,37.80737,120.79102
B016,1147,5,10,stop,18,4,27,2330736.0,37.80837,120.79495
B016,1147,5,10,stop,22,3,28,2847721.0,37.81062,120.79642
B016,1147,5,10,stop,28,2,29,3810086.0,37.81218,120.80342
B016,1147,5,10,stop,20,1,30,2458937.0,37.80801,120.80801
B017,2803,2,13,depot,0,0,0,,37.63179,120.52145
B017,2803,2,13,stop,14,13,1,3363956.0,37.63785,120.46723
B017,2803,2,13,stop,11,12,2,2903402.0,37.63969,120.46448
B017,2803,2,13,stop,15,11,3,3606506.0,37.63976,120.46446
B017,2803,2,13,stop,3,10,4,1116608.0,37.64723,120.4613
B017,2803,2,13,stop,8,9,5,2183814.0,37.64726,120.46141
B017,2803,2,13,stop,7,8,6,2085652.0,37.65135,120.46102
B017,2803,2,13,stop,9,15,7,2191913.0,37.65542,120.45257
B017,2803,2,13,stop,12,14,8,3000063.0,37.65535,120.45814
B017,2803,2,13,stop,10,7,9,2573213.0,37.6547,120.46804
B017,2803,2,13,stop,13,6,10,3092337.0,37.65493,120.46929
B017,2803,2,13,stop,6,16,11,1995032.0,37.67832,120.47831
B017,2803,2,13,stop,4,5,12,1321792.0,37.65576,120.48497
B017,2803,2,13,stop,16,4,13,4214437.0,37.65528,120.48512
B017,2803,2,13,stop,2,3,14,622010.0,37.65617,120.49252
B017,2803,2,13,stop,1,1,15,33311.0,37.65644,120.50142
B017,2803,2,13,stop,5,2,16,1461910.0,37.65965,120.50388
B018,1443,3,8,depot,0,0,0,,37.15428,119.94951
B018,1443,3,8,stop,4,1,1,1452357.0,37.16732,119.94801
B018,1443,3,8,stop,5,4,2,1601566.0,37.19041,119.94461
B018,1443,3,8,stop,1,3,3,15190.0,37.19039,119.94463
B018,1443,3,8,stop,6,5,4,1610500.0,37.1904,119.9447
B018,1443,3,8,stop,3,6,5,1003116.0,37.19041,119.94479
B018,1443,3,8,stop,7,7,6,2189973.0,37.19053,119.94477
B018,1443,3,8,stop,9,8,7,2905491.0,37.19735,119.94423
B018,1443,3,8,stop,2,9,8,451251.0,37.19738,119.94664
B018,1443,3,8,stop,8,2,9,2264763.0,37.16773,119.94904
B019,4363,6,8,depot,0,0,0,,37.46033,121.42755
B019,4363,6,8,stop,10,2,1,1434503.0,37.4657,121.4285
B019,4363,6,8,stop,12,6,2,1744094.0,37.46759,121.42913
B019,4363,6,8,stop,16,7,3,2428480.0,37.46809,121.42887
B019,4363,6,8,stop,11,8,4,1610712.0,37.46949,121.42324
B019,4363,6,8,stop,22,9,5,3250757.0,37.46784,121.42132
B019,4363,6,8,stop,14,10,6,2302560.0,37.47091,121.41633
B019,4363,6,8,stop,5,11,7,368053.0,37.47318,121.41782
B019,4363,6,8,stop,1,14,8,20088.0,37.47614,121.41023
B019,4363,6,8,stop,3,22,9,302965.0,37.47125,121.40092
B019,4363,6,8,stop,9,15,10,1135526.0,37.48152,121.404
B019,4363,6,8,stop,2,16,11,26988.0,37.48296,121.40598
B019,4363,6,8,stop,26,18,12,3810393.0,37.48285,121.40655
B019,4363,6,8,stop,6,17,13,448308.0,37.48322,121.40619
B019,4363,6,8,stop,29,20,14,4339051.0,37.48639,121.40492
B019,4363,6,8,stop,4,21,15,304774.0,37.48727,121.40625
B019,4363,6,8,stop,15,19,16,2316549.0,37.48568,121.40664
B019,4363,6,8,stop,23,13,17,3299528.0,37.48066,121.41951
B019,4363,6,8,stop,8,12,18,961017.0,37.47708,121.42114
B019,4363,6,8,stop,7,28,19,907354.0,37.47573,121.43965
B019,4363,6,8,stop,20,29,20,2955416.0,37.47683,121.44248
B019,4363,6,8,stop,13,30,21,2189791.0,37.47661,121.44483
B019,4363,6,8,stop,17,27,22,2430888.0,37.47028,121.4415
B019,4363,6,8,stop,24,26,23,3498494.0,37.46654,121.44108
B019,4363,6,8,stop,21,24,24,2965745.0,37.46498,121.43881
B019,4363,6,8,stop,18,25,25,2783151.0,37.46409,121.43854
B019,4363,6,8,stop,30,23,26,4493858.0,37.46615,121.43691
B019,4363,6,8,stop,19,5,27,2862823.0,37.4675,121.43178
B019,4363,6,8,stop,25,4,28,3643560.0,37.46649,121.4314
B019,4363,6,8,stop,27,3,29,4077368.0,37.46634,121.43024
B019,4363,6,8,stop,28,1,30,4273702.0,37.46058,121.42819
B020,3429,4,11,depot,0,0,0,,37.64133,120.33667
B020,3429,4,11,stop,15,1,1,1921846.0,37.64131,120.33674
B020,3429,4,11,stop,6,2,2,115415.0,37.64111,120.3415
B020,3429,4,11,stop,13,3,3,1397332.0,37.63879,120.34187
B020,3429,4,11,stop,17,4,4,2042171.0,37.63578,120.34239
B020,3429,4,11,stop,27,5,5,3850844.0,37.63334,120.34164
B020,3429,4,11,stop,18,25,6,2105450.0,37.63421,120.34969
B020,3429,4,11,stop,12,27,7,1274208.0,37.63472,120.35218
B020,3429,4,11,stop,24,26,8,3336259.0,37.63383,120.35192
B020,3429,4,11,stop,7,29,9,353378.0,37.62666,120.36103
B020,3429,4,11,stop,25,28,10,3434862.0,37.62604,120.35992
B020,3429,4,11,stop,9,19,11,572074.0,37.6151,120.32753
B020,3429,4,11,stop,29,18,12,4173248.0,37.61539,120.32765
B020,3429,4,11,stop,30,17,13,4496177.0,37.61606,120.32735
B020,3429,4,11,stop,21,16,14,2866835.0,37.62104,120.3286
B020,3429,4,11,stop,4,15,15,110583.0,37.62456,120.32363
B020,3429,4,11,stop,22,14,16,3147396.0,37.62587,120.32618
B020,3429,4,11,stop,26,13,17,3571151.0,37.62961,120.33063
B020,3429,4,11,stop,1,12,18,49392.0,37.62963,120.33063
B020,3429,4,11,stop,2,11,19,79239.0,37.62976,120.33057
B020,3429,4,11,stop,28,10,20,3864118.0,37.62983,120.33062
B020,3429,4,11,stop,10,9,21,802262.0,37.62989,120.33065
B020,3429,4,11,stop,19,8,22,2506047.0,37.63217,120.32956
B020,3429,4,11,stop,5,7,23,111929.0,37.63217,120.33008
B020,3429,4,11,stop,16,6,24,1987096.0,37.63398,120.33369
B020,3429,4,11,stop,14,20,25,1897386.0,37.6362,120.32841
B020,3429,4,11,stop,11,21,26,839835.0,37.63834,120.328
B020,3429,4,11,stop,8,22,27,395472.0,37.63857,120.3278
B020,3429,4,11,stop,20,23,28,2623922.0,37.64214,120.3256
B020,3429,4,11,stop,3,30,29,79931.0,37.66473,120.32803
B020,3429,4,11,stop,23,24,30,3172723.0,37.64599,120.33223
B021,160,0,10,depot,0,0,0,,37.2933,120.82409
B021,160,0,10,stop,5,1,1,2019304.0,37.29092,120.82229
B021,160,0,10,stop,1,6,2,277165.0,37.2826,120.81697
B021,160,0,10,stop,6,7,3,3518199.0,37.27382,120.81137
B021,160,0,10,stop,4,8,4,1513411.0,37.25225,120.79998
B021,160,0,10,stop,8,5,5,4224175.0,37.30441,120.81313
B021,160,0,10,stop,2,4,6,424804.0,37.30312,120.81736
B021,160,0,10,stop,3,3,7,800379.0,37.30272,120.81888
B021,160,0,10,stop,7,2,8,4022683.0,37.29935,120.82707
B022,615,1,11,depot,0,0,0,,37.523,121.3816
B022,615,1,11,stop,2,2,1,161398.0,37.52567,121.39805
B022,615,1,11,stop,13,3,2,1327133.0,37.52621,121.39881
B022,615,1,11,stop,20,12,3,2987137.0,37.53224,121.40665
B022,615,1,11,stop,15,11,4,1730552.0,37.53069,121.40809
B022,615,1,11,stop,11,13,5,1137870.0,37.53276,121.41105
B022,615,1,11,stop,18,14,6,2268420.0,37.53448,121.41392
B022,615,1,11,stop,26,15,7,4006543.0,37.53497,121.41626
B022,615,1,11,stop,17,17,8,2267521.0,37.53317,121.41733
B022,615,1,11,stop,10,16,9,1074366.0,37.53328,121.41745
B022,615,1,11,stop,19,18,10,2603109.0,37.53319,121.41844
B022,615,1,11,stop,28,23,11,4184954.0,37.52991,121.43131
B022,615,1,11,stop,14,24,12,1351209.0,37.53001,121.43184
B022,615,1,11,stop,12,22,13,1270475.0,37.52863,121.43172
B022,615,1,11,stop,27,21,14,4180321.0,37.52859,121.43161
B022,615,1,11,stop,6,20,15,774366.0,37.52813,121.43017
B022,615,1,11,stop,22,26,16,3142543.0,37.5258,121.4325
B022,615,1,11,stop,4,25,17,527147.0,37.52617,121.43351
B022,615,1,11,stop,21,28,18,3034864.0,37.52452,121.43969
B022,615,1,11,stop,30,27,19,4423911.0,37.52428,121.43498
B022,615,1,11,stop,5,29,20,668823.0,37.52008,121.42844
B022,615,1,11,stop,7,30,21,822386.0,37.52154,121.42581
B022,615,1,11,stop,3,19,22,299309.0,37.53097,121.41461
B022,615,1,11,stop,24,10,23,3377506.0,37.52852,121.41062
B022,615,1,11,stop,1,9,24,150165.0,37.52926,121.41029
B022,615,1,11,stop,8,8,25,866427.0,37.52901,121.409
B022,615,1,11,stop,16,7,26,2160415.0,37.52826,121.40952
B022,615,1,11,stop,29,6,27,4372988.0,37.52773,121.40985
B022,615,1,11,stop,25,5,28,3983928.0,37.52698,121.40978
B022,615,1,11,stop,9,4,29,957301.0,37.52679,121.40813
B022,615,1,11,stop,23,1,30,3337844.0,37.52178,121.39533
B023,2519,4,10,depot,0,0,0,,37.78731,120.85518
B023,2519,4,10,stop,27,3,1,3343888.0,37.79915,120.83346
B023,2519,4,10,stop,14,4,2,1133553.0,37.79648,120.80864
B023,2519,4,10,stop,28,6,3,3834487.0,37.79433,120.79805
B023,2519,4,10,stop,16,8,4,1216372.0,37.79282,120.79632
B023,2519,4,10,stop,17,13,5,1315965.0,37.78964,120.78975
B023,2519,4,10,stop,20,12,6,2437387.0,37.79089,120.78761
B023,2519,4,10,stop,15,11,7,1162032.0,37.79195,120.78447
B023,2519,4,10,stop,7,14,8,525218.0,37.7898,120.78237
B023,2519,4,10,stop,26,15,9,3261348.0,37.78932,120.77896
B023,2519,4,10,stop,22,16,10,2608342.0,37.79331,120.77003
B023,2519,4,10,stop,10,17,11,815221.0,37.79778,120.76884
B023,2519,4,10,stop,24,23,12,2811049.0,37.79522,120.76337
B023,2519,4,10,stop,29,22,13,3914942.0,37.79978,120.75832
B023,2519,4,10,stop,6,24,14,515767.0,37.80695,120.75268
B023,2519,4,10,stop,19,21,15,2170049.0,37.80261,120.76763
B023,2519,4,10,stop,3,18,16,317737.0,37.80084,120.77132
B023,2519,4,10,stop,1,19,17,197424.0,37.80057,120.77186
B023,2519,4,10,stop,23,20,18,2619766.0,37.80053,120.77204
B023,2519,4,10,stop,21,25,19,2507113.0,37.80302,120.77885
B023,2519,4,10,stop,30,26,20,4059247.0,37.80275,120.7801
B023,2519,4,10,stop,18,27,21,2058779.0,37.80339,120.78263
B023,2519,4,10,stop,25,10,22,2833621.0,37.79416,120.78631
B023,2519,4,10,stop,11,9,23,908434.0,37.79438,120.78963
B023,2519,4,10,stop,12,7,24,914514.0,37.79448,120.79625
B023,2519,4,10,stop,8,5,25,643841.0,37.79676,120.79855
B023,2519,4,10,stop,9,2,26,709463.0,37.80567,120.83413
B023,2519,4,10,stop,2,1,27,198670.0,37.80657,120.84793
B023,2519,4,10,stop,13,28,28,936681.0,37.81638,120.87309
B023,2519,4,10,stop,4,29,29,321932.0,37.78749,120.91989
B023,2519,4,10,stop,5,30,30,428149.0,37.78745,120.91986
B024,1016,5,17,depot,0,0,0,,37.5462,121.3386
B024,1016,5,17,stop,5,1,1,2385374.0,37.57208,121.35688
B024,1016,5,17,stop,8,8,2,4027804.0,37.57732,121.36006
B024,1016,5,17,stop,7,6,3,2864339.0,37.57774,121.36085
B024,1016,5,17,stop,1,7,4,154841.0,37.5783,121.36097
B024,1016,5,17,stop,4,5,5,1529799.0,37.57777,121.36216
B024,1016,5,17,stop,6,4,6,2616583.0,37.57744,121.36307
B024,1016,5,17,stop,3,3,7,1321651.0,37.57657,121.36276
B024,1016,5,17,stop,2,2,8,285730.0,37.57537,121.36219
B025,4517,0,7,depot,0,0,0,,37.41115,121.38036
B025,4517,0,7,stop,28,2,1,4089531.0,37.47857,121.44757
B025,4517,0,7,stop,4,4,2,559619.0,37.47917,121.44857
B025,4517,0,7,stop,30,3,3,4362350.0,37.47887,121.44868
B025,4517,0,7,stop,18,7,4,2574093.0,37.47819,121.44921
B025,4517,0,7,stop,3,6,5,427401.0,37.47838,121.44934
B025,4517,0,7,stop,16,5,6,2393685.0,37.47858,121.44941
B025,4517,0,7,stop,23,8,7,3237990.0,37.48078,121.45076
B025,4517,0,7,stop,7,9,8,902479.0,37.48121,121.4509
B025,4517,0,7,stop,1,10,9,58324.0,37.48164,121.45324
B025,4517,0,7,stop,12,19,10,1866309.0,37.48224,121.45508
B025,4517,0,7,stop,8,20,11,1052336.0,37.48234,121.45877
B025,4517,0,7,stop,22,18,12,3168282.0,37.48297,121.45457
B025,4517,0,7,stop,9,17,13,1079382.0,37.4829,121.45454
B025,4517,0,7,stop,25,11,14,3508461.0,37.48286,121.45296
B025,4517,0,7,stop,5,12,15,704331.0,37.48372,121.45243
B025,4517,0,7,stop,13,14,16,1891882.0,37.48351,121.45
B025,4517,0,7,stop,10,13,17,1103602.0,37.4844,121.45036
B025,4517,0,7,stop,19,21,18,2714814.0,37.4892,121.44772
B025,4517,0,7,stop,29,22,19,4182464.0,37.48951,121.44759
B025,4517,0,7,stop,20,26,20,2802178.0,37.49251,121.44457
B025,4517,0,7,stop,6,27,21,708044.0,37.49301,121.44423
B025,4517,0,7,stop,11,28,22,1316247.0,37.49336,121.44398
B025,4517,0,7,stop,24,30,23,3349132.0,37.49432,121.44308
B025,4517,0,7,stop,26,29,24,3818315.0,37.49283,121.44352
B025,4517,0,7,stop,2,25,25,250842.0,37.49102,121.44338
B025,4517,0,7,stop,27,24,26,3921455.0,37.49057,121.44299
B025,4517,0,7,stop,14,23,27,2290244.0,37.48903,121.44419
B025,4517,0,7,stop,15,15,28,2353998.0,37.48361,121.44761
B025,4517,0,7,stop,17,16,29,2510485.0,37.48138,121.44814
B025,4517,0,7,stop,21,1,30,3112951.0,37.4796,121.44585
B026,1636,4,15,depot,0,0,0,,37.55126,121.28262
B026,1636,4,15,stop,8,2,1,1054808.0,37.56173,121.26772
B026,1636,4,15,stop,27,17,2,4067410.0,37.56149,121.26355
B026,1636,4,15,stop,2,4,3,6673.0,37.56301,121.26384
B026,1636,4,15,stop,1,5,4,1722.0,37.56293,121.26326
B026,1636,4,15,stop,5,6,5,571703.0,37.56351,121.26215
B026,1636,4,15,stop,24,7,6,3610581.0,37.5619,121.26054
B026,1636,4,15,stop,14,8,7,1783704.0,37.56206,121.25962
B026,1636,4,15,stop,25,9,8,3684129.0,37.56376,121.2589
B026,1636,4,15,stop,6,10,9,927604.0,37.56355,121.2575
B026,1636,4,15,stop,20,11,10,2476594.0,37.56443,121.25697
B026,1636,4,15,stop,26,25,11,3971508.0,37.56533,121.25079
B026,1636,4,15,stop,9,28,12,1148296.0,37.56472,121.24665
B026,1636,4,15,stop,19,27,13,2304816.0,37.56564,121.24607
B026,1636,4,15,stop,22,26,14,2886575.0,37.56584,121.24754
B026,1636,4,15,stop,15,29,15,1991031.0,37.5674,121.24823
B026,1636,4,15,stop,17,24,16,2161898.0,37.56687,121.25066
B026,1636,4,15,stop,13,12,17,1710760.0,37.56591,121.25848
B026,1636,4,15,stop,16,13,18,2159023.0,37.56642,121.2586
B026,1636,4,15,stop,12,14,19,1667680.0,37.56901,121.26121
B026,1636,4,15,stop,10,15,20,1627213.0,37.56578,121.26282
B026,1636,4,15,stop,11,16,21,1638643.0,37.56549,121.26321
B026,1636,4,15,stop,18,3,22,2291033.0,37.56458,121.26625
B026,1636,4,15,stop,4,19,23,269049.0,37.569,121.26873
B026,1636,4,15,stop,7,20,24,1046336.0,37.56912,121.26921
B026,1636,4,15,stop,28,21,25,4398796.0,37.56946,121.26926
B026,1636,4,15,stop,23,23,26,3124702.0,37.5701,121.27175
B026,1636,4,15,stop,29,22,27,4513385.0,37.56988,121.27173
B026,1636,4,15,stop,3,18,28,190637.0,37.56491,121.2697
B026,1636,4,15,stop,21,1,29,2601731.0,37.563,121.26937
B027,498,3,11,depot,0,0,0,,37.41101,121.38055
B027,498,3,11,stop,2,1,1,1126395.0,37.44242,121.35019
B027,498,3,11,stop,10,2,2,2863301.0,37.47726,121.35218
B027,498,3,11,stop,1,7,3,47232.0,37.48882,121.3436
B027,498,3,11,stop,5,6,4,1512187.0,37.48889,121.34356
B027,498,3,11,stop,3,8,5,1293812.0,37.49075,121.34299
B027,498,3,11,stop,7,10,6,2142946.0,37.49136,121.34283
B027,498,3,11,stop,6,9,7,2080126.0,37.49087,121.34317
B027,498,3,11,stop,4,5,8,1376592.0,37.48929,121.34457
B027,498,3,11,stop,11,4,9,4182399.0,37.48976,121.34806
B027,498,3,11,stop,12,3,10,4325020.0,37.48985,121.34894
B027,498,3,11,stop,9,11,11,2767536.0,37.49206,121.35288
B027,498,3,11,stop,8,12,12,2725787.0,37.49014,121.36036
B028,2776,6,9,depot,0,0,0,,37.3916,121.5809
B028,2776,6,9,stop,7,1,1,3388849.0,37.39394,121.76093
B028,2776,6,9,stop,1,2,2,290405.0,37.36724,121.7585
B028,2776,6,9,stop,5,3,3,1946025.0,37.35421,121.7954
B028,2776,6,9,stop,3,4,4,1411128.0,37.33447,121.78523
B028,2776,6,9,stop,6,5,5,2740669.0,37.3351,121.77633
B028,2776,6,9,stop,2,6,6,1069432.0,37.33241,121.77567
B028,2776,6,9,stop,4,7,7,1716814.0,37.31976,121.74699
B028,2776,6,9,stop,8,8,8,3610467.0,37.28676,121.73397
B029,1630,2,10,depot,0,0,0,,37.4111,121.380205
B029,1630,2,10,stop,7,30,1,564707.0,37.44025,121.45725
B029,1630,2,10,stop,1,28,2,233581.0,37.44375,121.45345
B029,1630,2,10,stop,25,29,3,2716351.0,37.44373,121.45324
B029,1630,2,10,stop,19,27,4,1929255.0,37.44664,121.454
B029,1630,2,10,stop,16,26,5,1329988.0,37.4478,121.4534
B029,1630,2,10,stop,5,8,6,393386.0,37.45022,121.45381
B029,1630,2,10,stop,6,7,7,402342.0,37.4507,121.45386
B029,1630,2,10,stop,29,9,8,3709587.0,37.45179,121.45506
B029,1630,2,10,stop,24,10,9,2671975.0,37.45183,121.45599
B029,1630,2,10,stop,8,11,10,591002.0,37.45321,121.45606
B029,1630,2,10,stop,28,21,11,3618732.0,37.45518,121.45574
B029,1630,2,10,stop,3,22,12,350979.0,37.45789,121.45363
B029,1630,2,10,stop,14,23,13,884985.0,37.45748,121.45237
B029,1630,2,10,stop,15,24,14,1000797.0,37.4545,121.44988
B029,1630,2,10,stop,13,18,15,725487.0,37.45259,121.45122
B029,1630,2,10,stop,17,17,16,1380930.0,37.45341,121.45186
B029,1630,2,10,stop,22,16,17,2511500.0,37.45375,121.45192
B029,1630,2,10,stop,21,15,18,2508520.0,37.45446,121.45215
B029,1630,2,10,stop,30,20,19,4431842.0,37.45503,121.45313
B029,1630,2,10,stop,11,14,20,629519.0,37.45392,121.45306
B029,1630,2,10,stop,23,12,21,2611772.0,37.45312,121.45438
B029,1630,2,10,stop,26,13,22,2982108.0,37.453,121.45301
B029,1630,2,10,stop,2,19,23,329314.0,37.45205,121.45315
B029,1630,2,10,stop,27,6,24,3134467.0,37.45067,121.45148
B029,1630,2,10,stop,20,5,25,2367371.0,37.45029,121.45221
B029,1630,2,10,stop,9,4,26,614567.0,37.44892,121.45106
B029,1630,2,10,stop,10,3,27,623611.0,37.44988,121.4496
B029,1630,2,10,stop,18,25,28,1520902.0,37.4486,121.4485
B029,1630,2,10,stop,4,1,29,392462.0,37.44948,121.44671
B029,1630,2,10,stop,12,2,30,666961.0,37.45089,121.44676
B030,740,4,11,depot,0,0,0,,37.55789,121.3219
B030,740,4,11,stop,29,1,1,4343765.0,37.55264,121.34752
B030,740,4,11,stop,8,25,2,1017681.0,37.55741,121.35013
B030,740,4,11,stop,4,26,3,646431.0,37.5603,121.35266
B030,740,4,11,stop,10,23,4,1452865.0,37.5561,121.35599
B030,740,4,11,stop,27,24,5,3961614.0,37.55598,121.35613
B030,740,4,11,stop,12,22,6,1845265.0,37.55551,121.35428
B030,740,4,11,stop,13,21,7,2040449.0,37.5559,121.35254
B030,740,4,11,stop,3,4,8,633728.0,37.55348,121.35198
B030,740,4,11,stop,18,3,9,2704702.0,37.553,121.35206
B030,740,4,11,stop,25,2,10,3835141.0,37.55285,121.35108
B030,740,4,11,stop,2,5,11,447576.0,37.55134,121.35186
B030,740,4,11,stop,19,7,12,2810262.0,37.5508,121.35195
B030,740,4,11,stop,11,6,13,1700613.0,37.55092,121.35227
B030,740,4,11,stop,7,9,14,981508.0,37.55139,121.35306
B030,740,4,11,stop,30,8,15,4359931.0,37.55097,121.35293
B030,740,4,11,stop,9,10,16,1245732.0,37.54963,121.35331
B030,740,4,11,stop,22,13,17,3586429.0,37.55002,121.35462
B030,740,4,11,stop,17,14,18,2683669.0,37.54997,121.35638
B030,740,4,11,stop,24,12,19,3749861.0,37.54873,121.3543
B030,740,4,11,stop,16,11,20,2642277.0,37.54857,121.35342
B030,740,4,11,stop,6,15,21,751210.0,37.54786,121.35269
B030,740,4,11,stop,5,16,22,709941.0,37.54804,121.35197
B030,740,4,11,stop,15,20,23,2220834.0,37.54858,121.34858
B030,740,4,11,stop,26,17,24,3881250.0,37.54757,121.35151
B030,740,4,11,stop,23,18,25,3600442.0,37.54635,121.35363
B030,740,4,11,stop,1,19,26,331646.0,37.54531,121.35376
B030,740,4,11,stop,14,28,27,2193650.0,37.42951,121.37401
B030,740,4,11,stop,20,30,28,2865884.0,37.37981,121.36948
B030,740,4,11,stop,28,29,29,4123786.0,37.41575,121.35737
B030,740,4,11,stop,21,27,30,3454849.0,37.44045,121.35841
B031,1426,5,16,depot,0,0,0,,37.63179,120.52143
B031,1426,5,16,stop,3,1,1,1010078.0,37.63792,120.5051
B031,1426,5,16,stop,11,2,2,2594495.0,37.65677,120.50628
B031,1426,5,16,stop,15,3,3,4060894.0,37.66171,120.51798
B031,1426,5,16,stop,8,4,4,2012381.0,37.65756,120.5197
B031,1426,5,16,stop,10,5,5,2171399.0,37.65619,120.52332
B031,1426,5,16,stop,14,8,6,3735297.0,37.65291,120.5291
B031,1426,5,16,stop,5,7,7,1383116.0,37.65549,120.52939
B031,1426,5,16,stop,7,6,8,1810475.0,37.65701,120.52796
B031,1426,5,16,stop,12,16,9,2914757.0,37.66651,120.54205
B031,1426,5,16,stop,2,11,10,433235.0,37.65228,120.54094
B031,1426,5,16,stop,6,10,11,1647720.0,37.65233,120.53718
B031,1426,5,16,stop,4,9,12,1303855.0,37.6523,120.53599
B031,1426,5,16,stop,1,12,13,174358.0,37.64933,120.53912
B031,1426,5,16,stop,9,13,14,2164830.0,37.64507,120.53915
B031,1426,5,16,stop,13,15,15,3061266.0,37.64285,120.54904
B031,1426,5,16,stop,16,14,16,4325955.0,37.64235,120.54008
B032,1707,4,13,depot,0,0,0,,37.3916,121.5809
B032,1707,4,13,stop,6,1,1,2255414.0,37.39938,121.59455
B032,1707,4,13,stop,1,2,2,1207019.0,37.40703,121.60314
B032,1707,4,13,stop,3,5,3,1561639.0,37.4158,121.60236
B032,1707,4,13,stop,9,3,4,3865485.0,37.4114,121.61177
B032,1707,4,13,stop,7,4,5,3130851.0,37.41295,121.61277
B032,1707,4,13,stop,4,9,6,1692195.0,37.40863,121.62358
B032,1707,4,13,stop,2,8,7,1381957.0,37.40049,121.61643
B032,1707,4,13,stop,5,6,8,2103595.0,37.40222,121.61193
B032,1707,4,13,stop,8,7,9,3645211.0,37.39975,121.61004
B033,229,4,16,depot,0,0,0,,37.5513,121.28261
B033,229,4,16,stop,7,7,1,3621252.0,37.57069,121.18511
B033,229,4,16,stop,5,6,2,2517567.0,37.57349,121.18331
B033,229,4,16,stop,4,9,3,1005932.0,37.584,121.16659
B033,229,4,16,stop,8,8,4,3987231.0,37.58261,121.17261
B033,229,4,16,stop,3,5,5,913395.0,37.58042,121.18331
B033,229,4,16,stop,6,4,6,3549772.0,37.57984,121.19587
B033,229,4,16,stop,9,3,7,4467066.0,37.57655,121.20251
B033,229,4,16,stop,1,2,8,374408.0,37.57581,121.20315
B033,229,4,16,stop,2,1,9,525682.0,37.57654,121.20462
B034,2675,0,9,depot,0,0,0,,37.41129,121.38018
B034,2675,0,9,stop,26,1,1,3838059.0,37.43253,121.48004
B034,2675,0,9,stop,19,2,2,2957577.0,37.43223,121.48119
B034,2675,0,9,stop,7,3,3,1188511.0,37.4293,121.48471
B034,2675,0,9,stop,30,4,4,4160528.0,37.42695,121.49509
B034,2675,0,9,stop,23,5,5,3479338.0,37.42086,121.49271
B034,2675,0,9,stop,27,6,6,3856846.0,37.41518,121.49956
B034,2675,0,9,stop,22,7,7,3327581.0,37.43186,121.51034
B034,2675,0,9,stop,28,8,8,3913577.0,37.43325,121.5109
B034,2675,0,9,stop,16,9,9,2731258.0,37.4328,121.50824
B034,2675,0,9,stop,24,10,10,3641052.0,37.43463,121.50039
B034,2675,0,9,stop,12,11,11,1473469.0,37.43463,121.50028
B034,2675,0,9,stop,5,12,12,808710.0,37.43511,121.49425
B034,2675,0,9,stop,17,13,13,2841184.0,37.4388,121.49198
B034,2675,0,9,stop,1,14,14,299425.0,37.44233,121.49685
B034,2675,0,9,stop,10,15,15,1306111.0,37.44533,121.5051
B034,2675,0,9,stop,9,16,16,1237714.0,37.4455,121.50544
B034,2675,0,9,stop,18,17,17,2851682.0,37.44782,121.50445
B034,2675,0,9,stop,20,18,18,3266840.0,37.44793,121.50445
B034,2675,0,9,stop,4,19,19,718775.0,37.45194,121.49902
B034,2675,0,9,stop,6,20,20,1011121.0,37.44962,121.49328
B034,2675,0,9,stop,13,21,21,1802503.0,37.44916,121.49284
B034,2675,0,9,stop,25,26,22,3784830.0,37.44749,121.48484
B034,2675,0,9,stop,8,27,23,1209342.0,37.44833,121.48082
B034,2675,0,9,stop,11,28,24,1388123.0,37.44902,121.48058
B034,2675,0,9,stop,29,25,25,3974309.0,37.45121,121.48492
B034,2675,0,9,stop,21,24,26,3271849.0,37.45152,121.48614
B034,2675,0,9,stop,14,22,27,1927619.0,37.4533,121.49132
B034,2675,0,9,stop,2,23,28,350640.0,37.45731,121.49059
B034,2675,0,9,stop,3,29,29,712520.0,37.4794,121.46187
B034,2675,0,9,stop,15,30,30,2120816.0,37.52938,121.43123
B035,1487,5,10,depot,0,0,0,,37.523,121.3816
B035,1487,5,10,stop,4,1,1,785139.0,37.5205,121.39391
B035,1487,5,10,stop,6,2,2,885803.0,37.52084,121.39677
B035,1487,5,10,stop,2,3,3,553218.0,37.52182,121.39743
B035,1487,5,10,stop,13,4,4,1740253.0,37.52217,121.39812
B035,1487,5,10,stop,7,5,5,928085.0,37.52378,121.39891
B035,1487,5,10,stop,16,6,6,2273901.0,37.52617,121.39806
B035,1487,5,10,stop,24,29,7,3625493.0,37.52789,121.39664
B035,1487,5,10,stop,11,30,8,1517103.0,37.52843,121.39678
B035,1487,5,10,stop,12,7,9,1626786.0,37.52791,121.3992
B035,1487,5,10,stop,21,8,10,3058784.0,37.528,121.3992
B035,1487,5,10,stop,14,9,11,2055361.0,37.52862,121.40058
B035,1487,5,10,stop,27,10,12,3812567.0,37.52841,121.40341
B035,1487,5,10,stop,26,11,13,3698135.0,37.52951,121.4039
B035,1487,5,10,stop,1,13,14,12964.0,37.5269,121.40728
B035,1487,5,10,stop,28,12,15,3939705.0,37.5266,121.40595
B035,1487,5,10,stop,30,14,16,4281823.0,37.52483,121.40601
B035,1487,5,10,stop,23,16,17,3604633.0,37.52643,121.4019
B035,1487,5,10,stop,9,15,18,1041113.0,37.52524,121.40265
B035,1487,5,10,stop,19,17,19,2531182.0,37.52336,121.40267
B035,1487,5,10,stop,20,18,20,2629011.0,37.52297,121.40313
B035,1487,5,10,stop,29,19,21,4117963.0,37.52264,121.40275
B035,1487,5,10,stop,5,20,22,829887.0,37.52031,121.40204
B035,1487,5,10,stop,15,21,23,2147000.0,37.51921,121.40123
B035,1487,5,10,stop,8,23,24,990242.0,37.51939,121.40352
B035,1487,5,10,stop,22,27,25,3327151.0,37.51936,121.40786
B035,1487,5,10,stop,3,28,26,580765.0,37.51875,121.40854
B035,1487,5,10,stop,18,24,27,2436458.0,37.51708,121.40469
B035,1487,5,10,stop,10,25,28,1224287.0,37.51466,121.40257
B035,1487,5,10,stop,25,22,29,3689600.0,37.51747,121.40105
B035,1487,5,10,stop,17,26,30,2392211.0,37.51715,121.39719
B036,4383,1,9,depot,0,0,0,,37.55131,121.2826
B036,4383,1,9,stop,18,3,1,3467211.0,37.56654,121.22948
B036,4383,1,9,stop,20,4,2,3958971.0,37.56662,121.22949
B036,4383,1,9,stop,11,5,3,2587017.0,37.56691,121.22939
B036,4383,1,9,stop,2,7,4,732422.0,37.56728,121.22912
B036,4383,1,9,stop,19,6,5,3505147.0,37.56717,121.22906
B036,4383,1,9,stop,13,8,6,3176655.0,37.56705,121.22825
B036,4383,1,9,stop,6,17,7,1376318.0,37.5682,121.22915
B036,4383,1,9,stop,16,18,8,3389004.0,37.56948,121.22994
B036,4383,1,9,stop,12,19,9,3116511.0,37.56958,121.22962
B036,4383,1,9,stop,3,16,10,758681.0,37.56916,121.22799
B036,4383,1,9,stop,4,15,11,1032724.0,37.56855,121.22677
B036,4383,1,9,stop,21,14,12,4087919.0,37.56816,121.2262
B036,4383,1,9,stop,1,9,13,144935.0,37.56755,121.22716
B036,4383,1,9,stop,8,10,14,1954341.0,37.56718,121.22669
B036,4383,1,9,stop,10,11,15,2369649.0,37.56695,121.22641
B036,4383,1,9,stop,22,12,16,4296528.0,37.56652,121.22516
B036,4383,1,9,stop,17,13,17,3466329.0,37.56779,121.2251
B036,4383,1,9,stop,7,20,18,1718080.0,37.57151,121.22176
B036,4383,1,9,stop,9,21,19,2293628.0,37.56291,121.19762
B036,4383,1,9,stop,15,22,20,3333093.0,37.56074,121.19806
B036,4383,1,9,stop,5,2,21,1117469.0,37.55807,121.23708
B036,4383,1,9,stop,14,1,22,3198989.0,37.55469,121.24891
B037,2634,1,11,depot,0,0,0,,37.78726,120.8552
B037,2634,1,11,stop,7,3,1,1462505.0,37.78299,120.88036
B037,2634,1,11,stop,16,4,2,3161998.0,37.7816,120.89229
B037,2634,1,11,stop,3,19,3,906896.0,37.77383,120.92106
B037,2634,1,11,stop,10,20,4,1829087.0,37.77009,120.94002
B037,2634,1,11,stop,4,21,5,984936.0,37.72993,120.99962
B037,2634,1,11,stop,11,22,6,2191457.0,37.72397,121.00278
B037,2634,1,11,stop,19,24,7,3627327.0,37.71442,121.00567
B037,2634,1,11,stop,2,23,8,620333.0,37.72024,120.99541
B037,2634,1,11,stop,23,18,9,4066427.0,37.7427,120.92067
B037,2634,1,11,stop,14,17,10,2553202.0,37.75176,120.89865
B037,2634,1,11,stop,6,12,11,1234572.0,37.76695,120.88969
B037,2634,1,11,stop,9,13,12,1618605.0,37.76636,120.88688
B037,2634,1,11,stop,24,14,13,4099888.0,37.76776,120.88646
B037,2634,1,11,stop,22,15,14,4061886.0,37.76777,120.8864
B037,2634,1,11,stop,17,16,15,3221518.0,37.76782,120.8864
B037,2634,1,11,stop,15,11,16,2578235.0,37.76982,120.89005
B037,2634,1,11,stop,20,9,17,3991086.0,37.76989,120.89017
B037,2634,1,11,stop,12,10,18,2236292.0,37.76982,120.89028
B037,2634,1,11,stop,5,8,19,1173956.0,37.76989,120.89026
B037,2634,1,11,stop,13,7,20,2531532.0,37.76991,120.89027
B037,2634,1,11,stop,21,6,21,3996498.0,37.77292,120.8903
B037,2634,1,11,stop,1,5,22,97523.0,37.77389,120.88973
B037,2634,1,11,stop,18,2,23,3429059.0,37.77284,120.85682
B037,2634,1,11,stop,8,1,24,1512111.0,37.7758,120.85855
B038,2675,4,11,depot,0,0,0,,37.41129,121.38018
B038,2675,4,11,stop,26,30,1,3731757.0,37.52012,121.42158
B038,2675,4,11,stop,14,29,2,1947064.0,37.52083,121.42145
B038,2675,4,11,stop,6,28,3,1155601.0,37.52199,121.42088
B038,2675,4,11,stop,20,1,4,2722853.0,37.51875,121.42569
B038,2675,4,11,stop,28,14,5,4380650.0,37.52008,121.43145
B038,2675,4,11,stop,1,15,6,12196.0,37.52069,121.43012
B038,2675,4,11,stop,27,4,7,3819235.0,37.52131,121.42778
B038,2675,4,11,stop,17,3,8,2324548.0,37.52148,121.42683
B038,2675,4,11,stop,11,2,9,1569666.0,37.52148,121.42593
B038,2675,4,11,stop,10,6,10,1448155.0,37.52271,121.42623
B038,2675,4,11,stop,7,5,11,1208881.0,37.52262,121.42687
B038,2675,4,11,stop,19,7,12,2679451.0,37.52357,121.42664
B038,2675,4,11,stop,24,8,13,3558782.0,37.52442,121.42769
B038,2675,4,11,stop,22,9,14,2967386.0,37.52468,121.42795
B038,2675,4,11,stop,13,27,15,1847857.0,37.52933,121.43114
B038,2675,4,11,stop,21,10,16,2894099.0,37.52416,121.43316
B038,2675,4,11,stop,12,11,17,1744454.0,37.52399,121.4337
B038,2675,4,11,stop,23,12,18,3218211.0,37.52208,121.43472
B038,2675,4,11,stop,18,13,19,2590764.0,37.52148,121.43469
B038,2675,4,11,stop,29,16,20,4394087.0,37.52022,121.4382
B038,2675,4,11,stop,4,19,21,900852.0,37.52209,121.44194
B038,2675,4,11,stop,15,17,22,2007810.0,37.52043,121.44237
B038,2675,4,11,stop,25,18,23,3682507.0,37.52015,121.44298
B038,2675,4,11,stop,30,20,24,4426613.0,37.52089,121.44587
B038,2675,4,11,stop,2,21,25,197951.0,37.51942,121.44747
B038,2675,4,11,stop,8,26,26,1351487.0,37.51958,121.45145
B038,2675,4,11,stop,3,22,27,270153.0,37.51729,121.44714
B038,2675,4,11,stop,9,23,28,1397866.0,37.516,121.44495
B038,2675,4,11,stop,16,24,29,2253638.0,37.51485,121.44662
B038,2675,4,11,stop,5,25,30,1080863.0,37.51419,121.44644
B039,858,1,10,depot,0,0,0,,37.41113,121.38023
B039,858,1,10,stop,23,1,1,4022982.0,37.44213,121.47067
B039,858,1,10,stop,16,2,2,2373739.0,37.44894,121.48059
B039,858,1,10,stop,3,3,3,182662.0,37.45347,121.48037
B039,858,1,10,stop,13,5,4,1834838.0,37.45801,121.48931
B039,858,1,10,stop,9,4,5,1104407.0,37.45846,121.48866
B039,858,1,10,stop,20,7,6,3549156.0,37.46028,121.48881
B039,858,1,10,stop,25,6,7,4427761.0,37.45869,121.49068
B039,858,1,10,stop,4,8,8,224528.0,37.45107,121.49305
B039,858,1,10,stop,18,9,9,2851387.0,37.44998,121.49218
B039,858,1,10,stop,17,10,10,2743874.0,37.44853,121.49174
B039,858,1,10,stop,8,12,11,948842.0,37.45052,121.49701
B039,858,1,10,stop,22,11,12,4007877.0,37.44931,121.49678
B039,858,1,10,stop,5,13,13,255601.0,37.44665,121.49659
B039,858,1,10,stop,11,14,14,1533398.0,37.44593,121.50383
B039,858,1,10,stop,14,16,15,2060116.0,37.44762,121.50472
B039,858,1,10,stop,7,15,16,630716.0,37.44611,121.50609
B039,858,1,10,stop,1,26,17,47601.0,37.42237,121.51203
B039,858,1,10,stop,2,25,18,119312.0,37.42304,121.51019
B039,858,1,10,stop,6,23,19,428932.0,37.42322,121.49658
B039,858,1,10,stop,15,22,20,2371971.0,37.42277,121.49669
B039,858,1,10,stop,19,24,21,3517027.0,37.41523,121.49771
B039,858,1,10,stop,26,21,22,4489091.0,37.41878,121.49213
B039,858,1,10,stop,12,20,23,1743706.0,37.42069,121.48392
B039,858,1,10,stop,21,17,24,3816108.0,37.42874,121.48584
B039,858,1,10,stop,24,18,25,4252052.0,37.43116,121.48234
B039,858,1,10,stop,10,19,26,1495650.0,37.43211,121.48105
B040,1693,6,9,depot,0,0,0,,37.41111,121.38018
B040,1693,6,9,stop,18,21,1,2826298.0,37.45718,121.40234
B040,1693,6,9,stop,16,20,2,1885393.0,37.46233,121.39954
B040,1693,6,9,stop,12,19,3,1654827.0,37.46384,121.39676
B040,1693,6,9,stop,28,18,4,4317334.0,37.46682,121.39958
B040,1693,6,9,stop,25,22,5,3879195.0,37.48486,121.40706
B040,1693,6,9,stop,4,17,6,751229.0,37.46753,121.42434
B040,1693,6,9,stop,5,13,7,872556.0,37.46589,121.43323
B040,1693,6,9,stop,19,12,8,2965448.0,37.46522,121.43506
B040,1693,6,9,stop,24,11,9,3832502.0,37.4651,121.43771
B040,1693,6,9,stop,14,14,10,1858219.0,37.46738,121.44029
B040,1693,6,9,stop,2,16,11,337140.0,37.47214,121.44587
B040,1693,6,9,stop,7,15,12,1100235.0,37.468,121.44253
B040,1693,6,9,stop,26,10,13,3936552.0,37.46494,121.43971
B040,1693,6,9,stop,20,9,14,3029315.0,37.4562,121.43819
B040,1693,6,9,stop,6,6,15,990105.0,37.45429,121.4457
B040,1693,6,9,stop,10,5,16,1449878.0,37.45211,121.44576
B040,1693,6,9,stop,13,7,17,1658116.0,37.45418,121.4489
B040,1693,6,9,stop,1,8,18,92660.0,37.45523,121.45341
B040,1693,6,9,stop,3,29,19,553627.0,37.45806,121.48867
B040,1693,6,9,stop,15,30,20,1861392.0,37.45855,121.49058
B040,1693,6,9,stop,17,28,21,1970484.0,37.45187,121.48986
B040,1693,6,9,stop,9,27,22,1352325.0,37.451,121.49008
B040,1693,6,9,stop,29,26,23,4386765.0,37.44272,121.48427
B040,1693,6,9,stop,27,25,24,4130323.0,37.43131,121.46171
B040,1693,6,9,stop,22,24,25,3511053.0,37.42956,121.45856
B040,1693,6,9,stop,21,23,26,3257916.0,37.43082,121.45802
B040,1693,6,9,stop,8,4,27,1241762.0,37.44748,121.44154
B040,1693,6,9,stop,11,3,28,1539608.0,37.44454,121.42743
B040,1693,6,9,stop,30,2,29,4477939.0,37.44368,121.42726
B040,1693,6,9,stop,23,1,30,3574996.0,37.44334,121.42709
B041,2880,4,11,depot,0,0,0,,37.5428,121.3671
B041,2880,4,11,stop,14,23,1,2030236.0,37.55282,121.36558
B041,2880,4,11,stop,22,24,2,2802199.0,37.55287,121.36528
B041,2880,4,11,stop,13,25,3,1999157.0,37.55325,121.36516
B041,2880,4,11,stop,7,26,4,1081119.0,37.5533,121.36529
B041,2880,4,11,stop,12,22,5,1864820.0,37.55314,121.36582
B041,2880,4,11,stop,15,21,6,2172042.0,37.55299,121.3658
B041,2880,4,11,stop,16,20,7,2185189.0,37.553,121.36606
B041,2880,4,11,stop,4,18,8,862286.0,37.55438,121.36661
B041,2880,4,11,stop,21,19,9,2761411.0,37.55493,121.36777
B041,2880,4,11,stop,5,17,10,879705.0,37.55541,121.36434
B041,2880,4,11,stop,11,7,11,1754886.0,37.55465,121.36328
B041,2880,4,11,stop,9,6,12,1096637.0,37.55377,121.36294
B041,2880,4,11,stop,18,5,13,2341507.0,37.55365,121.36223
B041,2880,4,11,stop,8,8,14,1086344.0,37.55523,121.36215
B041,2880,4,11,stop,3,9,15,615521.0,37.55544,121.36194
B041,2880,4,11,stop,23,10,16,2880271.0,37.55627,121.36279
B041,2880,4,11,stop,27,11,17,3608327.0,37.55712,121.36149
B041,2880,4,11,stop,10,13,18,1243475.0,37.55803,121.3611
B041,2880,4,11,stop,24,12,19,3144018.0,37.55761,121.36061
B041,2880,4,11,stop,20,14,20,2744750.0,37.55833,121.35925
B041,2880,4,11,stop,26,16,21,3401954.0,37.55982,121.35751
B041,2880,4,11,stop,17,15,22,2189424.0,37.55962,121.36027
B041,2880,4,11,stop,30,28,23,4272134.0,37.56227,121.36895
B041,2880,4,11,stop,19,27,24,2732588.0,37.55112,121.37425
B041,2880,4,11,stop,29,29,25,3711805.0,37.44722,121.39989
B041,2880,4,11,stop,2,30,26,208471.0,37.4459,121.39892
B041,2880,4,11,stop,25,4,27,3195397.0,37.53768,121.35617
B041,2880,4,11,stop,28,3,28,3689025.0,37.53869,121.35814
B041,2880,4,11,stop,1,2,29,96641.0,37.53868,121.35827
B041,2880,4,11,stop,6,1,30,888114.0,37.53783,121.36038
B042,332,1,8,depot,0,0,0,,37.41113,121.38022
B042,332,1,8,stop,24,3,1,3624138.0,37.43977,121.40938
B042,332,1,8,stop,9,2,2,1521496.0,37.44181,121.40497
B042,332,1,8,stop,20,1,3,3092820.0,37.44205,121.40382
B042,332,1,8,stop,5,4,4,997951.0,37.44787,121.39892
B042,332,1,8,stop,2,5,5,362385.0,37.4527,121.41751
B042,332,1,8,stop,30,6,6,4357728.0,37.4531,121.41842
B042,332,1,8,stop,10,7,7,1693245.0,37.45616,121.42121
B042,332,1,8,stop,29,27,8,4332347.0,37.45825,121.42211
B042,332,1,8,stop,19,28,9,2513772.0,37.45875,121.42239
B042,332,1,8,stop,15,8,10,2020828.0,37.4556,121.42363
B042,332,1,8,stop,11,9,11,1711176.0,37.45509,121.42712
B042,332,1,8,stop,22,10,12,3431905.0,37.45474,121.42723
B042,332,1,8,stop,8,11,13,1214857.0,37.45432,121.42754
B042,332,1,8,stop,1,12,14,188768.0,37.45327,121.4274
B042,332,1,8,stop,14,13,15,2017598.0,37.45371,121.4292
B042,332,1,8,stop,12,14,16,1817075.0,37.45413,121.43033
B042,332,1,8,stop,25,15,17,3777273.0,37.454,121.43083
B042,332,1,8,stop,7,16,18,1064269.0,37.45404,121.43125
B042,332,1,8,stop,17,18,19,2174774.0,37.45464,121.43156
B042,332,1,8,stop,18,17,20,2345033.0,37.4539,121.4319
B042,332,1,8,stop,16,29,21,2062821.0,37.45383,121.44165
B042,332,1,8,stop,3,19,22,574923.0,37.45195,121.4294
B042,332,1,8,stop,21,20,23,3369850.0,37.45107,121.42859
B042,332,1,8,stop,27,21,24,3975459.0,37.45118,121.4279
B042,332,1,8,stop,4,22,25,898208.0,37.4512,121.42762
B042,332,1,8,stop,23,24,26,3603502.0,37.4511,121.42534
B042,332,1,8,stop,26,23,27,3833296.0,37.44971,121.42644
B042,332,1,8,stop,28,25,28,4190855.0,37.44818,121.42796
B042,332,1,8,stop,13,26,29,1930735.0,37.44339,121.42433
B042,332,1,8,stop,6,30,30,1016872.0,37.40737,121.42853
B043,3657,1,12,depot,0,0,0,,37.5462,121.3386
B043,3657,1,12,stop,7,30,1,1026986.0,37.57431,121.35969
B043,3657,1,12,stop,6,27,2,747418.0,37.56196,121.36543
B043,3657,1,12,stop,21,26,3,2723218.0,37.56155,121.36619
B043,3657,1,12,stop,11,25,4,1250420.0,37.56174,121.36628
B043,3657,1,12,stop,12,24,5,1268084.0,37.56162,121.36664
B043,3657,1,12,stop,1,23,6,229141.0,37.56201,121.36747
B043,3657,1,12,stop,9,28,7,1176587.0,37.56214,121.36854
B043,3657,1,12,stop,2,29,8,331480.0,37.56234,121.36907
B043,3657,1,12,stop,19,22,9,2310584.0,37.56138,121.36761
B043,3657,1,12,stop,18,13,10,2297441.0,37.56001,121.3682
B043,3657,1,12,stop,13,14,11,1314228.0,37.55979,121.3685
B043,3657,1,12,stop,23,15,12,3047868.0,37.55933,121.36907
B043,3657,1,12,stop,3,20,13,347289.0,37.55756,121.37145
B043,3657,1,12,stop,26,19,14,3166986.0,37.55747,121.37155
B043,3657,1,12,stop,22,21,15,2995860.0,37.55752,121.3718
B043,3657,1,12,stop,24,18,16,3050032.0,37.55732,121.37151
B043,3657,1,12,stop,8,17,17,1159110.0,37.55665,121.37025
B043,3657,1,12,stop,29,16,18,3979596.0,37.55817,121.36816
B043,3657,1,12,stop,10,12,19,1239153.0,37.56028,121.36673
B043,3657,1,12,stop,4,11,20,608788.0,37.5605,121.36629
B043,3657,1,12,stop,17,10,21,1823564.0,37.56065,121.36612
B043,3657,1,12,stop,30,9,22,4297021.0,37.56037,121.36498
B043,3657,1,12,stop,14,8,23,1586461.0,37.56039,121.36468
B043,3657,1,12,stop,5,7,24,613616.0,37.56019,121.36356
B043,3657,1,12,stop,15,6,25,1588584.0,37.56065,121.36359
B043,3657,1,12,stop,20,5,26,2649666.0,37.56179,121.3637
B043,3657,1,12,stop,28,4,27,3787646.0,37.56141,121.36306
B043,3657,1,12,stop,25,3,28,3153401.0,37.56139,121.36247
B043,3657,1,12,stop,16,2,29,1779767.0,37.56143,121.36203
B043,3657,1,12,stop,27,1,30,3694823.0,37.56094,121.36185
B044,467,5,12,depot,0,0,0,,37.5462,121.3386
B044,467,5,12,stop,10,1,1,1347331.0,37.55897,121.34155
B044,467,5,12,stop,21,2,2,2898478.0,37.56023,121.34569
B044,467,5,12,stop,6,3,3,908236.0,37.5604,121.34632
B044,467,5,12,stop,28,4,4,3991294.0,37.56176,121.35062
B044,467,5,12,stop,30,5,5,4499155.0,37.56232,121.35117
B044,467,5,12,stop,12,6,6,1370101.0,37.56275,121.35127
B044,467,5,12,stop,8,7,7,1220916.0,37.56198,121.35209
B044,467,5,12,stop,16,8,8,2180111.0,37.56194,121.35236
B044,467,5,12,stop,5,9,9,873811.0,37.56224,121.35319
B044,467,5,12,stop,14,10,10,2068182.0,37.56371,121.35325
B044,467,5,12,stop,7,11,11,994482.0,37.56467,121.35293
B044,467,5,12,stop,13,12,12,1766757.0,37.56493,121.35281
B044,467,5,12,stop,20,13,13,2792354.0,37.5651,121.3531
B044,467,5,12,stop,9,14,14,1247885.0,37.56519,121.35482
B044,467,5,12,stop,1,15,15,25134.0,37.56507,121.35555
B044,467,5,12,stop,15,16,16,2122430.0,37.5645,121.35585
B044,467,5,12,stop,17,17,17,2306206.0,37.56531,121.35664
B044,467,5,12,stop,18,18,18,2306933.0,37.566,121.35609
B044,467,5,12,stop,27,19,19,3871095.0,37.56635,121.35463
B044,467,5,12,stop,22,20,20,3005845.0,37.58193,121.36204
B044,467,5,12,stop,19,26,21,2473106.0,37.58528,121.36406
B044,467,5,12,stop,2,25,22,247732.0,37.58544,121.3625
B044,467,5,12,stop,24,24,23,3102044.0,37.58649,121.36236
B044,467,5,12,stop,23,27,24,3038919.0,37.58914,121.36375
B044,467,5,12,stop,4,23,25,577153.0,37.58629,121.3611
B044,467,5,12,stop,3,22,26,265456.0,37.58603,121.36047
B044,467,5,12,stop,26,21,27,3790790.0,37.58479,121.36067
B044,467,5,12,stop,29,28,28,4219774.0,37.55782,121.32192
B044,467,5,12,stop,25,29,29,3298348.0,37.4645,121.32314
B044,467,5,12,stop,11,30,30,1356402.0,37.46303,121.37189
B045,2976,2,8,depot,0,0,0,,37.15419,119.94945
B045,2976,2,8,stop,16,1,1,3729882.0,37.16008,119.94172
B045,2976,2,8,stop,19,14,2,3902843.0,37.14376,119.89171
B045,2976,2,8,stop,4,15,3,663568.0,37.10512,119.82918
B045,2976,2,8,stop,5,19,4,726327.0,37.04925,119.71362
B045,2976,2,8,stop,9,18,5,2371901.0,37.04102,119.74254
B045,2976,2,8,stop,2,16,6,246801.0,37.04016,119.76381
B045,2976,2,8,stop,17,17,7,3786812.0,37.03709,119.76677
B045,2976,2,8,stop,12,20,8,2604691.0,37.08411,120.16059
B045,2976,2,8,stop,8,4,9,1877798.0,37.16678,119.96296
B045,2976,2,8,stop,1,6,10,121103.0,37.18194,119.94793
B045,2976,2,8,stop,20,9,11,4020396.0,37.18614,119.94567
B045,2976,2,8,stop,15,13,12,3654790.0,37.19812,119.94489
B045,2976,2,8,stop,7,12,13,1322136.0,37.19722,119.94349
B045,2976,2,8,stop,18,11,14,3824307.0,37.19563,119.94198
B045,2976,2,8,stop,11,10,15,2486112.0,37.19432,119.94061
B045,2976,2,8,stop,13,8,16,2865798.0,37.18103,119.942
B045,2976,2,8,stop,3,7,17,613801.0,37.18099,119.94363
B045,2976,2,8,stop,10,5,18,2431543.0,37.17593,119.94843
B045,2976,2,8,stop,6,3,19,880971.0,37.1687,119.95324
B045,2976,2,8,stop,14,2,20,3408099.0,37.16707,119.9531
B046,3680,5,10,depot,0,0,0,,37.5428,121.3671
B046,3680,5,10,stop,10,1,1,920774.0,37.54238,121.36718
B046,3680,5,10,stop,19,2,2,2966542.0,37.5417,121.36713
B046,3680,5,10,stop,30,3,3,4507315.0,37.54021,121.36754
B046,3680,5,10,stop,4,4,4,76095.0,37.53928,121.36832
B046,3680,5,10,stop,24,24,5,3608073.0,37.54202,121.37132
B046,3680,5,10,stop,22,25,6,3468707.0,37.54226,121.37142
B046,3680,5,10,stop,9,26,7,649534.0,37.5425,121.3712
B046,3680,5,10,stop,1,27,8,3057.0,37.54262,121.37226
B046,3680,5,10,stop,14,23,9,1705572.0,37.54183,121.37163
B046,3680,5,10,stop,18,22,10,2935020.0,37.54037,121.37195
B046,3680,5,10,stop,25,21,11,3815973.0,37.54038,121.37369
B046,3680,5,10,stop,2,19,12,40364.0,37.53988,121.37426
B046,3680,5,10,stop,7,20,13,304883.0,37.54002,121.37448
B046,3680,5,10,stop,15,28,14,1713330.0,37.5397,121.37598
B046,3680,5,10,stop,20,18,15,3116111.0,37.53768,121.37347
B046,3680,5,10,stop,5,17,16,206052.0,37.53586,121.37046
B046,3680,5,10,stop,6,13,17,303454.0,37.53422,121.37093
B046,3680,5,10,stop,12,14,18,1456563.0,37.53434,121.37223
B046,3680,5,10,stop,21,15,19,3290698.0,37.53362,121.37282
B046,3680,5,10,stop,27,16,20,4254421.0,37.53359,121.37277
B046,3680,5,10,stop,8,12,21,441092.0,37.53318,121.37021
B046,3680,5,10,stop,17,11,22,2475004.0,37.53268,121.37015
B046,3680,5,10,stop,23,29,23,3510829.0,37.5304,121.37175
B046,3680,5,10,stop,3,30,24,62240.0,37.49008,121.36387
B046,3680,5,10,stop,29,10,25,4493030.0,37.53249,121.36679
B046,3680,5,10,stop,11,9,26,936899.0,37.53371,121.36668
B046,3680,5,10,stop,13,8,27,1484917.0,37.53445,121.36592
B046,3680,5,10,stop,28,7,28,4306542.0,37.53898,121.36375
B046,3680,5,10,stop,26,5,29,4147872.0,37.54015,121.3649
B046,3680,5,10,stop,16,6,30,2409989.0,37.54141,121.36507
B047,1923,3,9,depot,0,0,0,,37.41117,121.38024
B047,1923,3,9,stop,26,2,1,3996668.0,37.45555,121.4709
B047,1923,3,9,stop,12,1,2,1586313.0,37.45523,121.47108
B047,1923,3,9,stop,17,3,3,2613329.0,37.45082,121.49198
B047,1923,3,9,stop,4,4,4,594752.0,37.44884,121.49239
B047,1923,3,9,stop,11,5,5,1500757.0,37.44592,121.49637
B047,1923,3,9,stop,7,6,6,800988.0,37.44396,121.49694
B047,1923,3,9,stop,20,7,7,2872696.0,37.44803,121.49893
B047,1923,3,9,stop,14,8,8,1984509.0,37.44909,121.4983
B047,1923,3,9,stop,23,9,9,3656550.0,37.45067,121.49876
B047,1923,3,9,stop,16,10,10,2069384.0,37.44727,121.50313
B047,1923,3,9,stop,8,11,11,889507.0,37.44565,121.50469
B047,1923,3,9,stop,13,26,12,1603289.0,37.43433,121.51112
B047,1923,3,9,stop,21,20,13,2932586.0,37.43153,121.51277
B047,1923,3,9,stop,25,21,14,3840295.0,37.43146,121.5128
B047,1923,3,9,stop,6,25,15,784117.0,37.43143,121.51285
B047,1923,3,9,stop,24,22,16,3725666.0,37.43142,121.51278
B047,1923,3,9,stop,27,23,17,4007923.0,37.43139,121.5128
B047,1923,3,9,stop,5,24,18,767345.0,37.43134,121.51278
B047,1923,3,9,stop,19,19,19,2809193.0,37.432,121.51118
B047,1923,3,9,stop,3,18,20,568298.0,37.43219,121.51117
B047,1923,3,9,stop,29,17,21,4219249.0,37.43241,121.51019
B047,1923,3,9,stop,15,16,22,1995810.0,37.4335,121.50928
B047,1923,3,9,stop,10,14,23,1033143.0,37.43401,121.50891
B047,1923,3,9,stop,2,15,24,353231.0,37.43387,121.50856
B047,1923,3,9,stop,22,13,25,3356943.0,37.43559,121.50828
B047,1923,3,9,stop,1,12,26,7562.0,37.43583,121.5074
B047,1923,3,9,stop,30,27,27,4305603.0,37.43732,121.4949
B047,1923,3,9,stop,28,28,28,4148253.0,37.43684,121.49345
B047,1923,3,9,stop,9,29,29,1004503.0,37.43834,121.49315
B047,1923,3,9,stop,18,30,30,2705334.0,37.43898,121.49286
B048,3561,0,9,depot,0,0,0,,37.1542,119.94949
B048,3561,0,9,stop,6,1,1,1316312.0,37.14919,119.95256
B048,3561,0,9,stop,14,27,2,2531545.0,37.21413,120.1148
B048,3561,0,9,stop,1,26,3,71330.0,37.23257,120.16599
B048,3561,0,9,stop,8,25,4,1729319.0,37.24284,120.16713
B048,3561,0,9,stop,9,24,5,1738694.0,37.29971,120.14824
B048,3561,0,9,stop,15,23,6,2721055.0,37.3,120.14444
B048,3561,0,9,stop,24,12,7,3919361.0,37.30734,120.08889
B048,3561,0,9,stop,7,11,8,1521550.0,37.31181,120.07636
B048,3561,0,9,stop,22,13,9,3451081.0,37.32844,120.06541
B048,3561,0,9,stop,12,22,10,2289992.0,37.36577,120.10323
B048,3561,0,9,stop,26,21,11,3933640.0,37.36587,120.10304
B048,3561,0,9,stop,18,20,12,2970866.0,37.40092,120.08065
B048,3561,0,9,stop,11,19,13,2023952.0,37.40047,120.03837
B048,3561,0,9,stop,5,18,14,1268171.0,37.39497,120.03181
B048,3561,0,9,stop,19,17,15,3063700.0,37.39686,120.02676
B048,3561,0,9,stop,17,16,16,2821340.0,37.39235,120.02669
B048,3561,0,9,stop,21,15,17,3200745.0,37.35774,120.00146
B048,3561,0,9,stop,27,14,18,4351084.0,37.33417,120.02583
B048,3561,0,9,stop,25,10,19,3931454.0,37.29238,120.03355
B048,3561,0,9,stop,23,9,20,3890375.0,37.29228,120.03348
B048,3561,0,9,stop,2,5,21,127693.0,37.29223,120.03355
B048,3561,0,9,stop,10,6,22,1757785.0,37.29228,120.03357
B048,3561,0,9,stop,3,7,23,319005.0,37.29226,120.03364
B048,3561,0,9,stop,4,8,24,619708.0,37.2922,120.03368
B048,3561,0,9,stop,13,4,25,2385176.0,37.29211,120.03346
B048,3561,0,9,stop,16,3,26,2799437.0,37.28422,120.03242
B048,3561,0,9,stop,20,2,27,3064415.0,37.27363,120.01076
B049,4765,5,13,depot,0,0,0,,37.6318,120.52149
B049,4765,5,13,stop,16,26,1,3045191.0,37.64743,120.51143
B049,4765,5,13,stop,17,2,2,3250197.0,37.64775,120.51616
B049,4765,5,13,stop,10,1,3,1423423.0,37.64775,120.51624
B049,4765,5,13,stop,4,3,4,249311.0,37.65066,120.51685
B049,4765,5,13,stop,27,4,5,4200486.0,37.65251,120.51501
B049,4765,5,13,stop,29,5,6,4476035.0,37.6527,120.51486
B049,4765,5,13,stop,30,6,7,4493379.0,37.65308,120.51557
B049,4765,5,13,stop,25,7,8,4118849.0,37.65525,120.51705
B049,4765,5,13,stop,13,8,9,2410960.0,37.65581,120.516
B049,4765,5,13,stop,14,27,10,2645335.0,37.65603,120.50967
B049,4765,5,13,stop,22,9,11,3724859.0,37.65238,120.51212
B049,4765,5,13,stop,2,10,12,69365.0,37.65049,120.5096
B049,4765,5,13,stop,5,11,13,551782.0,37.64971,120.50827
B049,4765,5,13,stop,23,12,14,3768692.0,37.65254,120.50774
B049,4765,5,13,stop,20,13,15,3662832.0,37.65356,120.50489
B049,4765,5,13,stop,15,14,16,2691991.0,37.6551,120.50441
B049,4765,5,13,stop,24,15,17,3994993.0,37.65422,120.50168
B049,4765,5,13,stop,28,16,18,4291285.0,37.65312,120.50207
B049,4765,5,13,stop,1,17,19,47849.0,37.65227,120.50199
B049,4765,5,13,stop,19,21,20,3561545.0,37.65022,120.50068
B049,4765,5,13,stop,9,18,21,1373048.0,37.6512,120.50299
B049,4765,5,13,stop,8,19,22,1343703.0,37.65048,120.50463
B049,4765,5,13,stop,26,20,23,4192541.0,37.6485,120.50439
B049,4765,5,13,stop,12,22,24,2380202.0,37.64422,120.50245
B049,4765,5,13,stop,6,23,25,802445.0,37.6437,120.50062
B049,4765,5,13,stop,11,24,26,2260894.0,37.644,120.49196
B049,4765,5,13,stop,21,25,27,3673814.0,37.64406,120.4908
B049,4765,5,13,stop,7,28,28,957680.0,37.6624,120.43555
B049,4765,5,13,stop,3,29,29,223150.0,37.66173,120.43528
B049,4765,5,13,stop,18,30,30,3452172.0,37.59823,120.45116
B050,1636,2,16,depot,0,0,0,,37.55126,121.28262
B050,1636,2,16,stop,8,1,1,949191.0,37.56131,121.26697
B050,1636,2,16,stop,27,2,2,4164522.0,37.56171,121.26565
B050,1636,2,16,stop,18,3,3,2169454.0,37.56264,121.26368
B050,1636,2,16,stop,19,4,4,2469596.0,37.56246,121.26234
B050,1636,2,16,stop,20,5,5,2758067.0,37.5633,121.26083
B050,1636,2,16,stop,11,6,6,1482576.0,37.56366,121.26064
B050,1636,2,16,stop,6,24,7,407722.0,37.56363,121.25693
B050,1636,2,16,stop,1,25,8,78403.0,37.56072,121.24994
B050,1636,2,16,stop,23,29,9,3326055.0,37.56309,121.24153
B050,1636,2,16,stop,7,28,10,811571.0,37.56404,121.24279
B050,1636,2,16,stop,29,26,11,4228508.0,37.56496,121.24808
B050,1636,2,16,stop,14,27,12,1897622.0,37.5674,121.24733
B050,1636,2,16,stop,5,30,13,257017.0,37.57021,121.2563
B050,1636,2,16,stop,16,22,14,2064138.0,37.56679,121.25862
B050,1636,2,16,stop,9,23,15,1030804.0,37.56533,121.25798
B050,1636,2,16,stop,4,7,16,227061.0,37.56448,121.26026
B050,1636,2,16,stop,10,8,17,1203744.0,37.5647,121.26184
B050,1636,2,16,stop,24,9,18,3406331.0,37.56445,121.26242
B050,1636,2,16,stop,30,10,19,4416263.0,37.56445,121.26559
B050,1636,2,16,stop,17,11,20,2095458.0,37.56425,121.26607
B050,1636,2,16,stop,13,12,21,1758388.0,37.56386,121.26686
B050,1636,2,16,stop,26,13,22,3962734.0,37.56388,121.2689
B050,1636,2,16,stop,12,14,23,1607103.0,37.56654,121.26991
B050,1636,2,16,stop,2,15,24,122410.0,37.56675,121.2683
B050,1636,2,16,stop,25,16,25,3570055.0,37.56789,121.26915
B050,1636,2,16,stop,28,17,26,4214624.0,37.56895,121.26858
B050,1636,2,16,stop,3,18,27,133582.0,37.5692,121.26943
B050,1636,2,16,stop,21,19,28,2965843.0,37.57033,121.27024
B050,1636,2,16,stop,22,20,29,3108906.0,37.57006,121.27163
B050,1636,2,16,stop,15,21,30,2015485.0,37.5701,121.2718
B051,4765,4,9,depot,0,0,0,,37.6318,120.52149
B051,4765,4,9,stop,29,7,1,4333317.0,37.64329,120.51737
B051,4765,4,9,stop,14,8,2,1474839.0,37.64782,120.51074
B051,4765,4,9,stop,8,16,3,716308.0,37.65251,120.51648
B051,4765,4,9,stop,17,15,4,1767100.0,37.65285,120.51469
B051,4765,4,9,stop,25,14,5,3567525.0,37.65291,120.51159
B051,4765,4,9,stop,5,13,6,408053.0,37.65492,120.51213
B051,4765,4,9,stop,21,12,7,2634965.0,37.65479,120.50951
B051,4765,4,9,stop,11,10,8,1266672.0,37.65097,120.50429
B051,4765,4,9,stop,3,9,9,132554.0,37.64909,120.5046
B051,4765,4,9,stop,27,11,10,4154995.0,37.647,120.50004
B051,4765,4,9,stop,22,30,11,2669817.0,37.66249,120.43556
B051,4765,4,9,stop,28,3,12,4166542.0,37.6312,120.51147
B051,4765,4,9,stop,12,2,13,1439977.0,37.62805,120.51439
B051,4765,4,9,stop,9,1,14,976351.0,37.62831,120.51957
B051,4765,4,9,stop,19,4,15,2341440.0,37.62449,120.51711
B051,4765,4,9,stop,18,29,16,2093858.0,37.61377,120.50967
B051,4765,4,9,stop,4,28,17,177567.0,37.61294,120.50921
B051,4765,4,9,stop,2,27,18,58866.0,37.60645,120.5083
B051,4765,4,9,stop,26,26,19,4106930.0,37.60518,120.50775
B051,4765,4,9,stop,6,23,20,579895.0,37.60848,120.51839
B051,4765,4,9,stop,1,24,21,56109.0,37.60553,120.51754
B051,4765,4,9,stop,20,25,22,2356406.0,37.60039,120.52041
B051,4765,4,9,stop,23,22,23,3104730.0,37.60652,120.5313
B051,4765,4,9,stop,15,19,24,1608589.0,37.60937,120.53709
B051,4765,4,9,stop,10,20,25,1049464.0,37.60914,120.54354
B051,4765,4,9,stop,30,21,26,4355063.0,37.61709,120.54371
B051,4765,4,9,stop,13,18,27,1453534.0,37.61596,120.53095
B051,4765,4,9,stop,7,17,28,630255.0,37.61532,120.52528
B051,4765,4,9,stop,16,5,29,1707224.0,37.62635,120.53083
B051,4765,4,9,stop,24,6,30,3195149.0,37.63251,120.52815
B052,4352,6,11,depot,0,0,0,,37.55781,121.32161
B052,4352,6,11,stop,2,1,1,440242.0,37.55872,121.32736
B052,4352,6,11,stop,1,3,2,217735.0,37.55178,121.33687
B052,4352,6,11,stop,23,4,3,3109828.0,37.54993,121.33687
B052,4352,6,11,stop,16,5,4,2761163.0,37.54904,121.33785
B052,4352,6,11,stop,21,6,5,2989050.0,37.55034,121.33999
B052,4352,6,11,stop,10,10,6,2168715.0,37.54539,121.35049
B052,4352,6,11,stop,15,11,7,2606605.0,37.54507,121.35078
B052,4352,6,11,stop,9,12,8,2072791.0,37.54464,121.35221
B052,4352,6,11,stop,7,9,9,1719658.0,37.54358,121.34637
B052,4352,6,11,stop,11,8,10,2176066.0,37.54356,121.34547
B052,4352,6,11,stop,30,7,11,4479417.0,37.54312,121.34404
B052,4352,6,11,stop,29,13,12,4320049.0,37.5432,121.33418
B052,4352,6,11,stop,3,2,13,739301.0,37.55234,121.32538
B052,4352,6,11,stop,12,18,14,2215502.0,37.54454,121.2457
B052,4352,6,11,stop,26,17,15,3931697.0,37.54501,121.24332
B052,4352,6,11,stop,24,16,16,3370222.0,37.54634,121.24401
B052,4352,6,11,stop,13,19,17,2311080.0,37.58602,121.16505
B052,4352,6,11,stop,18,20,18,2921275.0,37.58666,121.16493
B052,4352,6,11,stop,6,21,19,1470382.0,37.58956,121.1554
B052,4352,6,11,stop,19,22,20,2935586.0,37.59183,121.14941
B052,4352,6,11,stop,17,23,21,2889537.0,37.59472,121.14745
B052,4352,6,11,stop,8,24,22,1910621.0,37.59567,121.14812
B052,4352,6,11,stop,14,26,23,2536094.0,37.59629,121.14385
B052,4352,6,11,stop,20,25,24,2985664.0,37.59713,121.14424
B052,4352,6,11,stop,5,27,25,1209734.0,37.60003,121.14473
B052,4352,6,11,stop,25,30,26,3871754.0,37.60382,121.1479
B052,4352,6,11,stop,28,29,27,4223274.0,37.60315,121.14813
B052,4352,6,11,stop,22,28,28,3086443.0,37.60164,121.14845
B052,4352,6,11,stop,27,15,29,4163064.0,37.55631,121.25308
B052,4352,6,11,stop,4,14,30,918696.0,37.55641,121.29977
B053,4109,3,8,depot,0,0,0,,37.15426,119.94952
B053,4109,3,8,stop,18,3,1,4082676.0,37.2083,119.87732
B053,4109,3,8,stop,19,4,2,4241277.0,37.20834,119.87726
B053,4109,3,8,stop,12,5,3,3428368.0,37.20847,119.87737
B053,4109,3,8,stop,6,6,4,1701808.0,37.20858,119.87729
B053,4109,3,8,stop,5,7,5,1674620.0,37.21137,119.87358
B053,4109,3,8,stop,14,8,6,3630595.0,37.21144,119.87354
B053,4109,3,8,stop,10,10,7,2480805.0,37.2116,119.87342
B053,4109,3,8,stop,13,9,8,3494603.0,37.21161,119.8735
B053,4109,3,8,stop,4,2,9,1576405.0,37.19396,119.92357
B053,4109,3,8,stop,11,1,10,3154428.0,37.1691,119.95574
B053,4109,3,8,stop,9,11,11,2343759.0,37.14213,120.02654
B053,4109,3,8,stop,16,19,12,3825558.0,37.09029,120.24331
B053,4109,3,8,stop,2,18,13,917371.0,37.04914,120.1311
B053,4109,3,8,stop,15,17,14,3740409.0,37.04374,120.11545
B053,4109,3,8,stop,17,16,15,4001546.0,37.01751,120.01134
B053,4109,3,8,stop,8,13,16,2165056.0,37.02953,119.93641
B053,4109,3,8,stop,3,14,17,1255203.0,37.01466,119.9144
B053,4109,3,8,stop,1,15,18,187198.0,37.01311,119.88194
B053,4109,3,8,stop,7,12,19,1806670.0,37.06025,119.9483
B054,2497,2,11,depot,0,0,0,,37.55126,121.28266
B054,2497,2,11,stop,2,1,1,894205.0,37.56277,121.17534
B054,2497,2,11,stop,9,2,2,3395271.0,37.56294,121.168
B054,2497,2,11,stop,4,10,3,1466258.0,37.56154,121.14489
B054,2497,2,11,stop,1,11,4,268289.0,37.55318,121.07876
B054,2497,2,11,stop,3,9,5,1275211.0,37.56926,121.13668
B054,2497,2,11,stop,7,8,6,2728782.0,37.57337,121.13703
B054,2497,2,11,stop,6,7,7,2489825.0,37.57651,121.13903
B054,2497,2,11,stop,10,6,8,3483787.0,37.57669,121.14044
B054,2497,2,11,stop,8,5,9,3378414.0,37.5814,121.15872
B054,2497,2,11,stop,5,4,10,2474134.0,37.57417,121.16975
B054,2497,2,11,stop,11,3,11,4473265.0,37.57338,121.17019
B055,615,2,10,depot,0,0,0,,37.523,121.3816
B055,615,2,10,stop,3,1,1,223276.0,37.5245,121.40694
B055,615,2,10,stop,1,2,2,93412.0,37.52687,121.40829
B055,615,2,10,stop,28,3,3,4188033.0,37.52704,121.40876
B055,615,2,10,stop,24,4,4,2927445.0,37.53002,121.41055
B055,615,2,10,stop,18,18,5,2192113.0,37.53096,121.41433
B055,615,2,10,stop,16,22,6,1826890.0,37.52962,121.42248
B055,615,2,10,stop,23,23,7,2691146.0,37.52633,121.42568
B055,615,2,10,stop,20,24,8,2336332.0,37.52512,121.42731
B055,615,2,10,stop,2,28,9,96091.0,37.52593,121.43364
B055,615,2,10,stop,26,27,10,3553306.0,37.52761,121.43327
B055,615,2,10,stop,25,29,11,2938071.0,37.52975,121.43332
B055,615,2,10,stop,30,30,12,4272831.0,37.52975,121.43291
B055,615,2,10,stop,15,26,13,1758394.0,37.52823,121.43185
B055,615,2,10,stop,22,25,14,2647586.0,37.52823,121.43108
B055,615,2,10,stop,17,21,15,2062680.0,37.53144,121.42382
B055,615,2,10,stop,5,20,16,416656.0,37.5331,121.42173
B055,615,2,10,stop,6,17,17,506199.0,37.53235,121.41757
B055,615,2,10,stop,29,16,18,4269409.0,37.53409,121.41596
B055,615,2,10,stop,12,15,19,1217782.0,37.53505,121.41638
B055,615,2,10,stop,9,14,20,741757.0,37.53569,121.41552
B055,615,2,10,stop,19,13,21,2226341.0,37.53518,121.41413
B055,615,2,10,stop,27,12,22,4110323.0,37.53445,121.4138
B055,615,2,10,stop,4,11,23,404814.0,37.53456,121.41342
B055,615,2,10,stop,10,10,24,1198203.0,37.53453,121.41272
B055,615,2,10,stop,8,19,25,665317.0,37.53469,121.41204
B055,615,2,10,stop,13,9,26,1365007.0,37.53281,121.41251
B055,615,2,10,stop,7,8,27,566084.0,37.53258,121.41096
B055,615,2,10,stop,11,7,28,1203685.0,37.53278,121.40969
B055,615,2,10,stop,21,6,29,2432409.0,37.53242,121.4092
B055,615,2,10,stop,14,5,30,1737555.0,37.53045,121.40901
B056,615,4,17,depot,0,0,0,,37.523,121.3816
B056,615,4,17,stop,6,1,1,1223219.0,37.52143,121.39462
B056,615,4,17,stop,3,2,2,800269.0,37.52192,121.39891
B056,615,4,17,stop,5,3,3,956514.0,37.5238,121.39937
B056,615,4,17,stop,15,4,4,3960889.0,37.52304,121.40125
B056,615,4,17,stop,11,7,5,3220503.0,37.52631,121.40686
B056,615,4,17,stop,14,8,6,3810342.0,37.52729,121.4056
B056,615,4,17,stop,9,9,7,1927185.0,37.53477,121.41378
B056,615,4,17,stop,1,15,8,537976.0,37.5196,121.43171
B056,615,4,17,stop,8,14,9,1498682.0,37.51955,121.42657
B056,615,4,17,stop,13,13,10,3709696.0,37.51872,121.42663
B056,615,4,17,stop,2,12,11,538427.0,37.51828,121.42665
B056,615,4,17,stop,12,11,12,3426817.0,37.51715,121.42309
B056,615,4,17,stop,4,10,13,934452.0,37.51808,121.42183
B056,615,4,17,stop,10,5,14,2139244.0,37.51849,121.39895
B056,615,4,17,stop,7,6,15,1386420.0,37.51757,121.3986
B057,3157,3,9,depot,0,0,0,,37.411,121.38064
B057,3157,3,9,stop,22,1,1,3700217.0,37.4095,121.3747
B057,3157,3,9,stop,2,7,2,47993.0,37.33582,121.3201
B057,3157,3,9,stop,4,6,3,405253.0,37.35349,121.3239
B057,3157,3,9,stop,5,5,4,491949.0,37.37638,121.34015
B057,3157,3,9,stop,6,4,5,776214.0,37.40322,121.35663
B057,3157,3,9,stop,18,3,6,2982746.0,37.40964,121.35459
B057,3157,3,9,stop,20,2,7,3512144.0,37.41321,121.35633
B057,3157,3,9,stop,16,8,8,2469419.0,37.44452,121.35112
B057,3157,3,9,stop,15,9,9,2382117.0,37.4459,121.35818
B057,3157,3,9,stop,25,10,10,4302127.0,37.46678,121.37382
B057,3157,3,9,stop,8,11,11,1284755.0,37.46986,121.36368
B057,3157,3,9,stop,19,12,12,3083680.0,37.47235,121.36495
B057,3157,3,9,stop,17,13,13,2504458.0,37.47281,121.36474
B057,3157,3,9,stop,13,14,14,1984569.0,37.47329,121.36444
B057,3157,3,9,stop,9,15,15,1321350.0,37.47591,121.36516
B057,3157,3,9,stop,12,18,16,1974820.0,37.47626,121.3686
B057,3157,3,9,stop,23,17,17,3780802.0,37.47808,121.36723
B057,3157,3,9,stop,7,16,18,1020008.0,37.47804,121.36373
B057,3157,3,9,stop,24,23,19,3939602.0,37.48301,121.36456
B057,3157,3,9,stop,1,19,20,38447.0,37.48318,121.37036
B057,3157,3,9,stop,10,20,21,1902148.0,37.48317,121.37164
B057,3157,3,9,stop,21,21,22,3572257.0,37.48655,121.37219
B057,3157,3,9,stop,11,22,23,1905455.0,37.4871,121.37518
B057,3157,3,9,stop,14,26,24,2208197.0,37.47313,121.40114
B057,3157,3,9,stop,3,24,25,309584.0,37.4704,121.3992
B057,3157,3,9,stop,26,25,26,4434270.0,37.46992,121.39908
B058,116,1,10,depot,0,0,0,,37.5462,121.3386
B058,116,1,10,stop,8,14,1,1843691.0,37.58522,121.36249
B058,116,1,10,stop,12,13,2,2954787.0,37.5855,121.3632
B058,116,1,10,stop,15,17,3,3993371.0,37.58591,121.36437
B058,116,1,10,stop,9,15,4,2442408.0,37.58666,121.36196
B058,116,1,10,stop,2,16,5,259688.0,37.58752,121.3634
B058,116,1,10,stop,1,18,6,236558.0,37.60624,121.38277
B058,116,1,10,stop,10,12,7,2845811.0,37.58123,121.36624
B058,116,1,10,stop,3,11,8,387526.0,37.58114,121.36589
B058,116,1,10,stop,4,10,9,1202625.0,37.58097,121.36451
B058,116,1,10,stop,14,9,10,3614729.0,37.58009,121.36497
B058,116,1,10,stop,5,8,11,1483582.0,37.57904,121.36469
B058,116,1,10,stop,18,7,12,4434157.0,37.57797,121.36422
B058,116,1,10,stop,7,6,13,1780055.0,37.57764,121.3648
B058,116,1,10,stop,13,5,14,3072324.0,37.57426,121.36436
B058,116,1,10,stop,11,4,15,2873302.0,37.57306,121.36402
B058,116,1,10,stop,16,3,16,4078820.0,37.57287,121.36403
B058,116,1,10,stop,17,2,17,4257974.0,37.57174,121.36325
B058,116,1,10,stop,6,1,18,1618974.0,37.57035,121.36402
B059,1359,5,10,depot,0,0,0,,37.48163,121.28291
B059,1359,5,10,stop,27,1,1,3734504.0,37.48184,121.28089
B059,1359,5,10,stop,10,2,2,1181495.0,37.48184,121.28051
B059,1359,5,10,stop,13,3,3,1505644.0,37.47684,121.27943
B059,1359,5,10,stop,30,6,4,4432158.0,37.47697,121.2732
B059,1359,5,10,stop,25,7,5,3303058.0,37.47695,121.27129
B059,1359,5,10,stop,14,8,6,1812014.0,37.47962,121.26976
B059,1359,5,10,stop,5,9,7,414040.0,37.48033,121.26887
B059,1359,5,10,stop,18,10,8,2293380.0,37.48083,121.26811
B059,1359,5,10,stop,24,11,9,3245319.0,37.48159,121.26821
B059,1359,5,10,stop,23,12,10,3227689.0,37.48262,121.27017
B059,1359,5,10,stop,3,13,11,110909.0,37.48281,121.27276
B059,1359,5,10,stop,1,25,12,49437.0,37.49619,121.26284
B059,1359,5,10,stop,8,30,13,926537.0,37.51918,121.23852
B059,1359,5,10,stop,7,28,14,699074.0,37.51767,121.23366
B059,1359,5,10,stop,21,29,15,3151419.0,37.51826,121.23249
B059,1359,5,10,stop,20,27,16,2545034.0,37.51528,121.23176
B059,1359,5,10,stop,6,26,17,675132.0,37.48493,121.24022
B059,1359,5,10,stop,26,22,18,3324903.0,37.47304,121.25932
B059,1359,5,10,stop,4,21,19,184808.0,37.47292,121.25935
B059,1359,5,10,stop,2,20,20,88993.0,37.47299,121.25942
B059,1359,5,10,stop,12,19,21,1430797.0,37.47466,121.26127
B059,1359,5,10,stop,22,16,22,3161794.0,37.47592,121.26192
B059,1359,5,10,stop,11,14,23,1416794.0,37.47671,121.26171
B059,1359,5,10,stop,29,15,24,4143375.0,37.47627,121.26204
B059,1359,5,10,stop,16,17,25,1875731.0,37.4757,121.26237
B059,1359,5,10,stop,17,18,26,2212631.0,37.47483,121.26278
B059,1359,5,10,stop,19,23,27,2448794.0,37.46955,121.27109
B059,1359,5,10,stop,15,24,28,1848512.0,37.46432,121.27296
B059,1359,5,10,stop,28,4,29,3903389.0,37.47271,121.28099
B059,1359,5,10,stop,9,5,30,993839.0,37.47844,121.28565
B060,2700,5,10,depot,0,0,0,,37.5462,121.3386
B060,2700,5,10,stop,9,1,1,2220990.0,37.56289,121.34786
B060,2700,5,10,stop,11,2,2,2351572.0,37.56683,121.3511
B060,2700,5,10,stop,18,3,3,3460065.0,37.56781,121.35304
B060,2700,5,10,stop,15,4,4,3278356.0,37.56952,121.35596
B060,2700,5,10,stop,26,5,5,4207545.0,37.57098,121.35708
B060,2700,5,10,stop,29,6,6,4421109.0,37.57495,121.35691
B060,2700,5,10,stop,22,30,7,3769021.0,37.57596,121.36086
B060,2700,5,10,stop,16,29,8,3302394.0,37.57774,121.36088
B060,2700,5,10,stop,24,28,9,4134162.0,37.57785,121.35983
B060,2700,5,10,stop,4,27,10,1379099.0,37.57851,121.35941
B060,2700,5,10,stop,17,26,11,3419046.0,37.57934,121.3576
B060,2700,5,10,stop,10,23,12,2330536.0,37.58245,121.35755
B060,2700,5,10,stop,13,24,13,2770917.0,37.58421,121.35766
B060,2700,5,10,stop,21,22,14,3726718.0,37.58259,121.35598
B060,2700,5,10,stop,5,21,15,1600297.0,37.58321,121.35482
B060,2700,5,10,stop,25,25,16,4197760.0,37.584,121.35309
B060,2700,5,10,stop,7,20,17,1888441.0,37.5823,121.35435
B060,2700,5,10,stop,30,19,18,4463216.0,37.5798,121.3533
B060,2700,5,10,stop,1,7,19,135361.0,37.57676,121.35475
B060,2700,5,10,stop,12,8,20,2420310.0,37.57713,121.35401
B060,2700,5,10,stop,27,9,21,4372747.0,37.57732,121.35212
B060,2700,5,10,stop,2,10,22,476986.0,37.57916,121.34996
B060,2700,5,10,stop,23,11,23,3904401.0,37.57886,121.34885
B060,2700,5,10,stop,3,12,24,1019846.0,37.57827,121.34817
B060,2700,5,10,stop,20,13,25,3720993.0,37.57649,121.34712
B060,2700,5,10,stop,8,14,26,2007960.0,37.57608,121.34457
B060,2700,5,10,stop,6,15,27,1732853.0,37.57041,121.34871
B060,2700,5,10,stop,28,16,28,4412158.0,37.5687,121.34837
B060,2700,5,10,stop,19,17,29,3536150.0,37.56881,121.3456
B060,2700,5,10,stop,14,18,30,3013458.0,37.56874,121.34312
B061,1274,5,10,depot,0,0,0,,37.5462,121.3386
B061,1274,5,10,stop,5,1,1,762259.0,37.56201,121.35121
B061,1274,5,10,stop,21,2,2,2804457.0,37.56214,121.35126
B061,1274,5,10,stop,28,3,3,3923317.0,37.56233,121.35145
B061,1274,5,10,stop,2,4,4,311430.0,37.56325,121.35331
B061,1274,5,10,stop,14,5,5,1952155.0,37.56427,121.35215
B061,1274,5,10,stop,26,6,6,3795118.0,37.56525,121.35399
B061,1274,5,10,stop,29,7,7,4006146.0,37.5652,121.35408
B061,1274,5,10,stop,9,10,8,1213788.0,37.56683,121.35495
B061,1274,5,10,stop,17,8,9,2413736.0,37.56601,121.35591
B061,1274,5,10,stop,30,9,10,4320426.0,37.56585,121.35634
B061,1274,5,10,stop,6,11,11,849129.0,37.56399,121.35824
B061,1274,5,10,stop,8,12,12,1111492.0,37.56376,121.35962
B061,1274,5,10,stop,24,29,13,3470094.0,37.5635,121.36352
B061,1274,5,10,stop,7,28,14,1068894.0,37.5649,121.3641
B061,1274,5,10,stop,27,27,15,3847472.0,37.56429,121.36529
B061,1274,5,10,stop,3,26,16,312777.0,37.56385,121.36525
B061,1274,5,10,stop,20,25,17,2553064.0,37.56178,121.36699
B061,1274,5,10,stop,4,30,18,462907.0,37.55772,121.3736
B061,1274,5,10,stop,23,24,19,3465216.0,37.55993,121.36626
B061,1274,5,10,stop,11,23,20,1464302.0,37.56064,121.3662
B061,1274,5,10,stop,15,22,21,2048958.0,37.56067,121.36618
B061,1274,5,10,stop,22,21,22,3065593.0,37.56064,121.36615
B061,1274,5,10,stop,16,20,23,2341571.0,37.56066,121.36612
B061,1274,5,10,stop,10,19,24,1410897.0,37.56064,121.36606
B061,1274,5,10,stop,13,18,25,1923683.0,37.56063,121.36603
B061,1274,5,10,stop,18,17,26,2452849.0,37.56103,121.36372
B061,1274,5,10,stop,19,16,27,2521183.0,37.56113,121.3632
B061,1274,5,10,stop,12,15,28,1745578.0,37.56084,121.36224
B061,1274,5,10,stop,25,13,29,3772093.0,37.56288,121.35745
B061,1274,5,10,stop,1,14,30,254246.0,37.56168,121.35395
B062,2082,3,8,depot,0,0,0,,37.41101,121.38058
B062,2082,3,8,stop,30,1,1,4347179.0,37.47202,121.37392
B062,2082,3,8,stop,5,7,2,769375.0,37.4774,121.37449
B062,2082,3,8,stop,15,8,3,2679285.0,37.48146,121.37654
B062,2082,3,8,stop,25,14,4,3588259.0,37.48878,121.37512
B062,2082,3,8,stop,20,22,5,3035759.0,37.50318,121.36859
B062,2082,3,8,stop,26,21,6,3801600.0,37.50559,121.36845
B062,2082,3,8,stop,2,20,7,593153.0,37.50751,121.36929
B062,2082,3,8,stop,11,19,8,1657543.0,37.50852,121.37065
B062,2082,3,8,stop,12,18,9,2053888.0,37.50871,121.37182
B062,2082,3,8,stop,14,23,10,2611578.0,37.5108,121.37277
B062,2082,3,8,stop,19,30,11,3009259.0,37.51318,121.37443
B062,2082,3,8,stop,1,24,12,143442.0,37.51103,121.37471
B062,2082,3,8,stop,22,25,13,3094540.0,37.51079,121.3765
B062,2082,3,8,stop,3,26,14,653042.0,37.50975,121.37683
B062,2082,3,8,stop,16,27,15,2740587.0,37.50873,121.37717
B062,2082,3,8,stop,18,28,16,2912272.0,37.50793,121.37994
B062,2082,3,8,stop,4,29,17,733312.0,37.50733,121.381
B062,2082,3,8,stop,23,17,18,3357380.0,37.50613,121.37333
B062,2082,3,8,stop,10,16,19,1654408.0,37.50473,121.37283
B062,2082,3,8,stop,28,15,20,4153284.0,37.49395,121.37754
B062,2082,3,8,stop,27,13,21,4135665.0,37.48826,121.37879
B062,2082,3,8,stop,7,12,22,1305324.0,37.48311,121.38114
B062,2082,3,8,stop,8,11,23,1394940.0,37.48289,121.38111
B062,2082,3,8,stop,9,10,24,1608677.0,37.48292,121.37985
B062,2082,3,8,stop,21,9,25,3092797.0,37.48266,121.37882
B062,2082,3,8,stop,6,6,26,1164322.0,37.47614,121.37671
B062,2082,3,8,stop,24,2,27,3507389.0,37.47324,121.37707
B062,2082,3,8,stop,29,3,28,4264457.0,37.47332,121.37951
B062,2082,3,8,stop,17,4,29,2756007.0,37.47227,121.3819
B062,2082,3,8,stop,13,5,30,2427753.0,37.47279,121.38447
B063,3707,0,8,depot,0,0,0,,37.41101,121.38064
B063,3707,0,8,stop,20,1,1,3513943.0,37.44434,121.35123
B063,3707,0,8,stop,13,2,2,2240039.0,37.44455,121.35108
B063,3707,0,8,stop,5,7,3,680222.0,37.47238,121.32725
B063,3707,0,8,stop,30,8,4,4496568.0,37.47242,121.32736
B063,3707,0,8,stop,15,9,5,2477782.0,37.47292,121.32761
B063,3707,0,8,stop,21,10,6,3525868.0,37.47742,121.33125
B063,3707,0,8,stop,1,11,7,150726.0,37.48432,121.3337
B063,3707,0,8,stop,27,12,8,3902224.0,37.48515,121.33244
B063,3707,0,8,stop,18,13,9,2782052.0,37.48568,121.33307
B063,3707,0,8,stop,9,17,10,1354289.0,37.487,121.33104
B063,3707,0,8,stop,24,16,11,3690149.0,37.48774,121.33162
B063,3707,0,8,stop,23,15,12,3682229.0,37.48723,121.33211
B063,3707,0,8,stop,3,14,13,508439.0,37.48705,121.33259
B063,3707,0,8,stop,28,18,14,4299466.0,37.48646,121.33612
B063,3707,0,8,stop,8,19,15,1162025.0,37.48692,121.3363
B063,3707,0,8,stop,6,20,16,837602.0,37.48766,121.3364
B063,3707,0,8,stop,25,22,17,3848957.0,37.49124,121.34792
B063,3707,0,8,stop,7,21,18,1095600.0,37.49184,121.34532
B063,3707,0,8,stop,10,23,19,1649230.0,37.49753,121.33602
B063,3707,0,8,stop,22,24,20,3650987.0,37.48836,121.32202
B063,3707,0,8,stop,12,25,21,2222811.0,37.48822,121.32201
B063,3707,0,8,stop,26,26,22,3888442.0,37.48896,121.3209
B063,3707,0,8,stop,17,27,23,2735621.0,37.48907,121.32081
B063,3707,0,8,stop,29,28,24,4418691.0,37.48823,121.32019
B063,3707,0,8,stop,11,29,25,2071258.0,37.48578,121.31734
B063,3707,0,8,stop,2,30,26,204363.0,37.48183,121.30805
B063,3707,0,8,stop,19,6,27,3449991.0,37.46375,121.31846
B063,3707,0,8,stop,16,5,28,2550969.0,37.465,121.32278
B063,3707,0,8,stop,4,4,29,512622.0,37.46495,121.3231
B063,3707,0,8,stop,14,3,30,2354322.0,37.45319,121.33833
B064,27,6,9,depot,0,0,0,,37.48166,121.28289
B064,27,6,9,stop,4,1,1,1431829.0,37.48799,121.26038
B064,27,6,9,stop,5,2,2,1501474.0,37.48846,121.25719
B064,27,6,9,stop,19,3,3,2748811.0,37.4912,121.2559
B064,27,6,9,stop,22,4,4,3159094.0,37.49446,121.25439
B064,27,6,9,stop,15,5,5,2337983.0,37.4967,121.25699
B064,27,6,9,stop,12,6,6,2008589.0,37.49827,121.2592
B064,27,6,9,stop,20,26,7,2924406.0,37.50962,121.26243
B064,27,6,9,stop,13,25,8,2078933.0,37.50964,121.26234
B064,27,6,9,stop,27,27,9,3571513.0,37.50978,121.26235
B064,27,6,9,stop,26,24,10,3394421.0,37.50865,121.25927
B064,27,6,9,stop,24,23,11,3252338.0,37.50841,121.2574
B064,27,6,9,stop,11,12,12,1872015.0,37.51007,121.25353
B064,27,6,9,stop,8,13,13,1710166.0,37.51026,121.25395
B064,27,6,9,stop,25,18,14,3380293.0,37.51203,121.25645
B064,27,6,9,stop,18,15,15,2682786.0,37.51194,121.25561
B064,27,6,9,stop,21,14,16,3141840.0,37.51192,121.25539
B064,27,6,9,stop,17,16,17,2482776.0,37.51216,121.25531
B064,27,6,9,stop,9,17,18,1797452.0,37.51225,121.2554
B064,27,6,9,stop,30,19,19,4255649.0,37.51275,121.25435
B064,27,6,9,stop,1,20,20,621110.0,37.5125,121.25412
B064,27,6,9,stop,28,21,21,3904019.0,37.51215,121.25012
B064,27,6,9,stop,16,22,22,2455495.0,37.51198,121.2453
B064,27,6,9,stop,14,10,23,2137458.0,37.50522,121.25272
B064,27,6,9,stop,10,9,24,1858406.0,37.50386,121.2535
B064,27,6,9,stop,3,11,25,1369817.0,37.50393,121.25144
B064,27,6,9,stop,7,8,26,1674095.0,37.4986,121.25261
B064,27,6,9,stop,29,7,27,3997624.0,37.49823,121.25274
B064,27,6,9,stop,2,28,28,1211769.0,37.49651,121.23981
B064,27,6,9,stop,23,29,29,3214441.0,37.48769,121.23424
B064,27,6,9,stop,6,30,30,1612331.0,37.48194,121.23767
B065,1789,1,10,depot,0,0,0,,37.48166,121.28291
B065,1789,1,10,stop,29,12,1,4333148.0,37.5206,121.2656
B065,1789,1,10,stop,26,11,2,3217430.0,37.52078,121.26447
B065,1789,1,10,stop,2,9,3,270938.0,37.52068,121.26422
B065,1789,1,10,stop,10,10,4,1583924.0,37.52054,121.26425
B065,1789,1,10,stop,4,8,5,689450.0,37.52085,121.25787
B065,1789,1,10,stop,19,6,6,2351540.0,37.51907,121.25568
B065,1789,1,10,stop,23,7,7,3141570.0,37.51961,121.25526
B065,1789,1,10,stop,30,13,8,4506779.0,37.52199,121.25144
B065,1789,1,10,stop,11,14,9,1659040.0,37.52192,121.25116
B065,1789,1,10,stop,14,15,10,1851437.0,37.52124,121.24879
B065,1789,1,10,stop,25,19,11,3207528.0,37.52028,121.23805
B065,1789,1,10,stop,13,20,12,1718778.0,37.52276,121.23629
B065,1789,1,10,stop,8,30,13,1308570.0,37.53107,121.22655
B065,1789,1,10,stop,24,29,14,3207476.0,37.52509,121.22509
B065,1789,1,10,stop,12,28,15,1670801.0,37.52358,121.22577
B065,1789,1,10,stop,18,25,16,2282096.0,37.52146,121.23084
B065,1789,1,10,stop,5,23,17,801262.0,37.52105,121.23225
B065,1789,1,10,stop,28,22,18,3844950.0,37.52189,121.23264
B065,1789,1,10,stop,6,21,19,883030.0,37.52146,121.23387
B065,1789,1,10,stop,1,24,20,24209.0,37.52028,121.2326
B065,1789,1,10,stop,3,26,21,605597.0,37.51886,121.23052
B065,1789,1,10,stop,20,27,22,2879715.0,37.51814,121.23066
B065,1789,1,10,stop,15,18,23,2149306.0,37.51737,121.23565
B065,1789,1,10,stop,16,17,24,2157515.0,37.5154,121.24325
B065,1789,1,10,stop,17,16,25,2240357.0,37.51602,121.24624
B065,1789,1,10,stop,9,4,26,1493568.0,37.51533,121.25137
B065,1789,1,10,stop,27,5,27,3375282.0,37.51649,121.25425
B065,1789,1,10,stop,7,3,28,1135761.0,37.51428,121.25199
B065,1789,1,10,stop,22,2,29,3087232.0,37.5136,121.25193
B065,1789,1,10,stop,21,1,30,3025740.0,37.51337,121.25349
B066,616,0,10,depot,0,0,0,,36.95737,120.65856
B066,616,0,10,stop,20,21,1,3474156.0,36.95303,120.69068
B066,616,0,10,stop,16,22,2,2610151.0,36.95845,120.69355
B066,616,0,10,stop,24,20,3,4060989.0,36.95412,120.69489
B066,616,0,10,stop,3,19,4,309391.0,36.95416,120.70118
B066,616,0,10,stop,9,18,5,2020839.0,36.9551,120.70717
B066,616,0,10,stop,8,17,6,1334183.0,36.95511,120.71781
B066,616,0,10,stop,25,16,7,4126097.0,36.95795,120.71809
B066,616,0,10,stop,4,15,8,387509.0,36.95967,120.71544
B066,616,0,10,stop,17,14,9,2753119.0,36.95949,120.71468
B066,616,0,10,stop,7,13,10,862495.0,36.96028,120.7122
B066,616,0,10,stop,15,25,11,2479584.0,36.96537,120.71748
B066,616,0,10,stop,10,24,12,2061523.0,36.96653,120.71157
B066,616,0,10,stop,14,23,13,2470527.0,36.96716,120.71076
B066,616,0,10,stop,6,12,14,853055.0,36.96326,120.71078
B066,616,0,10,stop,22,11,15,3917320.0,36.96244,120.70956
B066,616,0,10,stop,18,10,16,2774647.0,36.96338,120.70896
B066,616,0,10,stop,5,9,17,740601.0,36.96284,120.70794
B066,616,0,10,stop,1,8,18,221630.0,36.96202,120.70786
B066,616,0,10,stop,2,7,19,226859.0,36.96228,120.7019
B066,616,0,10,stop,13,6,20,2435821.0,36.96331,120.69913
B066,616,0,10,stop,23,5,21,3972930.0,36.96363,120.69851
B066,616,0,10,stop,11,4,22,2080887.0,36.96482,120.69699
B066,616,0,10,stop,21,3,23,3535142.0,36.96479,120.69613
B066,616,0,10,stop,12,2,24,2374266.0,36.96385,120.68972
B066,616,0,10,stop,19,1,25,2908892.0,36.96442,120.68209
B067,1508,5,7,depot,0,0,0,,37.41105,121.38035
B067,1508,5,7,stop,2,1,1,1079817.0,37.43831,121.42271
B067,1508,5,7,stop,10,2,2,4396489.0,37.44058,121.42807
B067,1508,5,7,stop,9,3,3,3355178.0,37.46035,121.43267
B067,1508,5,7,stop,1,4,4,1063225.0,37.46387,121.43246
B067,1508,5,7,stop,5,9,5,1443118.0,37.47812,121.44882
B067,1508,5,7,stop,6,5,6,3024620.0,37.46154,121.44234
B067,1508,5,7,stop,4,6,7,1400709.0,37.45179,121.4524
B067,1508,5,7,stop,8,7,8,3229536.0,37.44177,121.45401
B067,1508,5,7,stop,7,8,9,3152091.0,37.44905,121.49824
B067,1508,5,7,stop,3,10,10,1132519.0,37.32297,121.39059
B068,4155,2,10,depot,0,0,0,,37.78706,120.85517
B068,4155,2,10,stop,18,15,1,4380065.0,37.78978,120.78588
B068,4155,2,10,stop,8,14,2,1638274.0,37.78609,120.78077
B068,4155,2,10,stop,16,13,3,3530513.0,37.79088,120.77816
B068,4155,2,10,stop,12,12,4,2793735.0,37.79313,120.77215
B068,4155,2,10,stop,3,11,5,976799.0,37.79426,120.76441
B068,4155,2,10,stop,19,16,6,4498205.0,37.80013,120.75698
B068,4155,2,10,stop,17,10,7,3550273.0,37.80275,120.76774
B068,4155,2,10,stop,13,9,8,3005532.0,37.80177,120.77523
B068,4155,2,10,stop,6,8,9,1255631.0,37.79886,120.77716
B068,4155,2,10,stop,1,7,10,339261.0,37.80238,120.78663
B068,4155,2,10,stop,14,6,11,3038313.0,37.8022,120.78774
B068,4155,2,10,stop,5,5,12,1131412.0,37.79863,120.79409
B068,4155,2,10,stop,10,4,13,2092707.0,37.80018,120.79929
B068,4155,2,10,stop,15,3,14,3321623.0,37.80443,120.79861
B068,4155,2,10,stop,2,2,15,515988.0,37.80305,120.80212
B068,4155,2,10,stop,7,1,16,1271261.0,37.81876,120.86435
B068,4155,2,10,stop,11,17,17,2501745.0,37.78758,120.91983
B068,4155,2,10,stop,9,18,18,1848605.0,37.78743,120.91994
B068,4155,2,10,stop,4,19,19,985512.0,37.78741,120.91996
B069,783,6,7,depot,0,0,0,,37.55126,121.2826
B069,783,6,7,stop,6,1,1,2402429.0,37.57079,121.25562
B069,783,6,7,stop,8,2,2,3968708.0,37.57146,121.25437
B069,783,6,7,stop,5,3,3,1873923.0,37.56966,121.25081
B069,783,6,7,stop,10,4,4,4461835.0,37.57011,121.24937
B069,783,6,7,stop,2,5,5,843133.0,37.5698,121.24819
B069,783,6,7,stop,4,6,6,966692.0,37.57054,121.24823
B069,783,6,7,stop,7,7,7,3758798.0,37.57048,121.24609
B069,783,6,7,stop,3,10,8,965583.0,37.57046,121.23962
B069,783,6,7,stop,9,8,9,4025685.0,37.56962,121.24005
B069,783,6,7,stop,1,9,10,581894.0,37.56919,121.23992
B070,4017,1,10,depot,0,0,0,,37.55129,121.28263
B070,4017,1,10,stop,18,1,1,3415385.0,37.54977,121.25133
B070,4017,1,10,stop,12,2,2,2678775.0,37.54892,121.25131
B070,4017,1,10,stop,13,3,3,2823551.0,37.54709,121.25105
B070,4017,1,10,stop,26,16,4,4012934.0,37.54333,121.24809
B070,4017,1,10,stop,25,15,5,4006942.0,37.54257,121.24785
B070,4017,1,10,stop,21,14,6,3759399.0,37.54281,121.24539
B070,4017,1,10,stop,16,13,7,3318447.0,37.54382,121.24502
B070,4017,1,10,stop,22,12,8,3768091.0,37.54506,121.2428
B070,4017,1,10,stop,2,11,9,149439.0,37.54669,121.24374
B070,4017,1,10,stop,1,10,10,50444.0,37.54782,121.24283
B070,4017,1,10,stop,14,17,11,3174594.0,37.54816,121.24088
B070,4017,1,10,stop,28,18,12,4140508.0,37.54887,121.23929
B070,4017,1,10,stop,4,19,13,956434.0,37.55449,121.20964
B070,4017,1,10,stop,23,20,14,3868733.0,37.55446,121.20937
B070,4017,1,10,stop,29,21,15,4146914.0,37.55566,121.2099
B070,4017,1,10,stop,3,22,16,225300.0,37.5563,121.2076
B070,4017,1,10,stop,10,23,17,2179601.0,37.55963,121.20385
B070,4017,1,10,stop,19,24,18,3664016.0,37.56102,121.20285
B070,4017,1,10,stop,9,25,19,2024803.0,37.56223,121.20348
B070,4017,1,10,stop,6,26,20,1326849.0,37.56416,121.19845
B070,4017,1,10,stop,11,28,21,2503799.0,37.66089,121.06194
B070,4017,1,10,stop,17,29,22,3345982.0,37.67583,121.04232
B070,4017,1,10,stop,15,30,23,3271416.0,37.67928,121.04515
B070,4017,1,10,stop,5,27,24,1093009.0,37.62669,121.12087
B070,4017,1,10,stop,8,8,25,1849684.0,37.55375,121.24246
B070,4017,1,10,stop,27,7,26,4014408.0,37.55361,121.24277
B070,4017,1,10,stop,20,6,27,3717252.0,37.55262,121.24454
B070,4017,1,10,stop,24,5,28,3928458.0,37.55018,121.24743
B070,4017,1,10,stop,30,4,29,4482074.0,37.54976,121.24757
B070,4017,1,10,stop,7,9,30,1782739.0,37.55498,121.24893
B071,3707,6,9,depot,0,0,0,,37.41101,121.38064
B071,3707,6,9,stop,3,1,1,756729.0,37.43307,121.34245
B071,3707,6,9,stop,30,2,2,4443895.0,37.44428,121.35091
B071,3707,6,9,stop,11,4,3,1529176.0,37.44454,121.35126
B071,3707,6,9,stop,17,3,4,2269511.0,37.44456,121.35123
B071,3707,6,9,stop,13,5,5,1746942.0,37.46648,121.32292
B071,3707,6,9,stop,12,6,6,1591980.0,37.46307,121.31825
B071,3707,6,9,stop,9,7,7,1237172.0,37.47048,121.3134
B071,3707,6,9,stop,10,8,8,1483092.0,37.48332,121.30807
B071,3707,6,9,stop,21,9,9,3116948.0,37.48785,121.31997
B071,3707,6,9,stop,1,10,10,114318.0,37.48886,121.32054
B071,3707,6,9,stop,24,11,11,3721539.0,37.48905,121.32097
B071,3707,6,9,stop,20,26,12,3116394.0,37.4774,121.3312
B071,3707,6,9,stop,23,12,13,3688738.0,37.48629,121.33095
B071,3707,6,9,stop,27,13,14,4177249.0,37.48662,121.33154
B071,3707,6,9,stop,29,14,15,4436103.0,37.48708,121.3359
B071,3707,6,9,stop,25,25,16,3827001.0,37.49745,121.33618
B071,3707,6,9,stop,28,16,17,4382853.0,37.49099,121.34208
B071,3707,6,9,stop,18,15,18,2510897.0,37.48889,121.34344
B071,3707,6,9,stop,4,24,19,807764.0,37.49006,121.34611
B071,3707,6,9,stop,14,17,20,1835697.0,37.49096,121.34535
B071,3707,6,9,stop,2,18,21,470543.0,37.4919,121.3457
B071,3707,6,9,stop,7,19,22,1119913.0,37.4922,121.34606
B071,3707,6,9,stop,6,20,23,1066465.0,37.49159,121.34664
B071,3707,6,9,stop,8,21,24,1202300.0,37.4915,121.34684
B071,3707,6,9,stop,26,22,25,4001524.0,37.49039,121.34734
B071,3707,6,9,stop,15,23,26,2152110.0,37.49038,121.34847
B071,3707,6,9,stop,16,27,27,2211016.0,37.47869,121.37346
B071,3707,6,9,stop,5,28,28,1040361.0,37.4787,121.37349
B071,3707,6,9,stop,22,30,29,3557029.0,37.47884,121.3738
B071,3707,6,9,stop,19,29,30,2995372.0,37.47869,121.37383
B072,1586,3,14,depot,0,0,0,,37.41106,121.38039
B072,1586,3,14,stop,2,1,1,407713.0,37.42354,121.50968
B072,1586,3,14,stop,7,2,2,3850128.0,37.43061,121.51187
B072,1586,3,14,stop,3,3,3,797738.0,37.441,121.51321
B072,1586,3,14,stop,4,4,4,1907137.0,37.4405,121.51895
B072,1586,3,14,stop,5,5,5,2134366.0,37.44002,121.52319
B072,1586,3,14,stop,9,6,6,4498957.0,37.43936,121.52573
B072,1586,3,14,stop,1,7,7,65075.0,37.43924,121.52699
B072,1586,3,14,stop,8,8,8,4438110.0,37.44583,121.52442
B072,1586,3,14,stop,6,9,9,2882901.0,37.45071,121.51682
B073,2388,5,17,depot,0,0,0,,37.38602,120.41497
B073,2388,5,17,stop,19,1,1,2454796.0,37.37864,120.41745
B073,2388,5,17,stop,6,3,2,771638.0,37.37117,120.41963
B073,2388,5,17,stop,12,14,3,1403345.0,37.35441,120.41017
B073,2388,5,17,stop,17,13,4,2154951.0,37.35222,120.40318
B073,2388,5,17,stop,15,11,5,1843958.0,37.35044,120.40204
B073,2388,5,17,stop,2,12,6,502430.0,37.34929,120.40372
B073,2388,5,17,stop,20,15,7,2610565.0,37.34478,120.39956
B073,2388,5,17,stop,8,18,8,974979.0,37.34156,120.40024
B073,2388,5,17,stop,24,19,9,3431707.0,37.3411,120.40031
B073,2388,5,17,stop,4,17,10,630356.0,37.34101,120.39679
B073,2388,5,17,stop,3,16,11,628363.0,37.34247,120.39719
B073,2388,5,17,stop,13,20,12,1616673.0,37.34785,120.39187
B073,2388,5,17,stop,7,21,13,788637.0,37.34833,120.3905
B073,2388,5,17,stop,11,23,14,1346337.0,37.34797,120.38827
B073,2388,5,17,stop,14,22,15,1677194.0,37.34868,120.38907
B073,2388,5,17,stop,10,24,16,1323618.0,37.35492,120.39048
B073,2388,5,17,stop,1,25,17,156478.0,37.35557,120.38929
B073,2388,5,17,stop,16,27,18,2149817.0,37.35596,120.3885
B073,2388,5,17,stop,9,26,19,1002662.0,37.35581,120.38922
B073,2388,5,17,stop,23,28,20,3318102.0,37.35613,120.39131
B073,2388,5,17,stop,18,10,21,2305983.0,37.35285,120.39775
B073,2388,5,17,stop,5,9,22,739436.0,37.35343,120.39808
B073,2388,5,17,stop,27,8,23,4493201.0,37.35876,120.39758
B073,2388,5,17,stop,28,7,24,4497010.0,37.35744,120.40011
B073,2388,5,17,stop,21,6,25,2912524.0,37.35984,120.40554
B073,2388,5,17,stop,22,5,26,3031293.0,37.36176,120.40655
B073,2388,5,17,stop,26,4,27,4427143.0,37.3634,120.40621
B073,2388,5,17,stop,25,2,28,3999022.0,37.37744,120.41391
B074,23,0,7,depot,0,0,0,,36.95738,120.65841
B074,23,0,7,stop,14,1,1,2808057.0,36.96631,120.68175
B074,23,0,7,stop,7,4,2,1423974.0,36.97347,120.70897
B074,23,0,7,stop,3,5,3,526773.0,36.97371,120.70906
B074,23,0,7,stop,18,7,4,3294711.0,36.975,120.7134
B074,23,0,7,stop,19,6,5,3346774.0,36.97559,120.7128
B074,23,0,7,stop,23,25,6,4228341.0,36.97818,120.71058
B074,23,0,7,stop,2,24,7,488347.0,36.97843,120.70923
B074,23,0,7,stop,11,23,8,2138864.0,36.9799,120.70963
B074,23,0,7,stop,25,20,9,4294805.0,36.98266,120.70881
B074,23,0,7,stop,8,21,10,1596358.0,36.98352,120.70695
B074,23,0,7,stop,17,22,11,3184990.0,36.98473,120.70751
B074,23,0,7,stop,9,19,12,1951655.0,36.98235,120.71068
B074,23,0,7,stop,22,18,13,4219047.0,36.98134,120.71732
B074,23,0,7,stop,6,17,14,1400902.0,36.97822,120.71944
B074,23,0,7,stop,5,16,15,1318841.0,36.9767,120.71888
B074,23,0,7,stop,16,15,16,3013778.0,36.97672,120.71852
B074,23,0,7,stop,4,14,17,592713.0,36.97675,120.71836
B074,23,0,7,stop,12,12,18,2249072.0,36.97592,120.71746
B074,23,0,7,stop,15,13,19,2815654.0,36.97598,120.71733
B074,23,0,7,stop,1,8,20,284629.0,36.97296,120.71535
B074,23,0,7,stop,21,9,21,4047481.0,36.97175,120.71707
B074,23,0,7,stop,24,10,22,4262139.0,36.97114,120.71706
B074,23,0,7,stop,13,11,23,2789904.0,36.96987,120.71777
B074,23,0,7,stop,10,3,24,1957321.0,36.96849,120.70954
B074,23,0,7,stop,20,2,25,3690900.0,36.96892,120.7091
B075,740,2,13,depot,0,0,0,,37.55789,121.3219
B075,740,2,13,stop,14,27,1,2708389.0,37.48602,121.3568
B075,740,2,13,stop,18,26,2,3102116.0,37.54257,121.35953
B075,740,2,13,stop,20,24,3,3468402.0,37.5462,121.35421
B075,740,2,13,stop,10,23,4,1196704.0,37.54679,121.35425
B075,740,2,13,stop,9,25,5,1195781.0,37.54612,121.34966
B075,740,2,13,stop,4,14,6,733872.0,37.54983,121.35162
B075,740,2,13,stop,8,15,7,1013645.0,37.54896,121.35288
B075,740,2,13,stop,11,16,8,1321274.0,37.54908,121.35426
B075,740,2,13,stop,26,17,9,4429999.0,37.54914,121.35443
B075,740,2,13,stop,23,18,10,3984350.0,37.55024,121.35376
B075,740,2,13,stop,17,19,11,3043852.0,37.55064,121.35558
B075,740,2,13,stop,13,9,12,2469096.0,37.55232,121.35573
B075,740,2,13,stop,5,10,13,752529.0,37.55209,121.35471
B075,740,2,13,stop,19,11,14,3282596.0,37.55188,121.35397
B075,740,2,13,stop,15,12,15,2811399.0,37.55129,121.35313
B075,740,2,13,stop,12,13,16,1692113.0,37.55107,121.35207
B075,740,2,13,stop,16,20,17,2873078.0,37.55292,121.35258
B075,740,2,13,stop,7,21,18,785006.0,37.55334,121.352
B075,740,2,13,stop,21,22,19,3785903.0,37.55417,121.35231
B075,740,2,13,stop,1,3,20,331522.0,37.55531,121.35383
B075,740,2,13,stop,3,4,21,465651.0,37.55499,121.35518
B075,740,2,13,stop,25,6,22,4362731.0,37.55469,121.35537
B075,740,2,13,stop,6,8,23,772617.0,37.55415,121.35638
B075,740,2,13,stop,27,7,24,4458397.0,37.55499,121.35607
B075,740,2,13,stop,2,5,25,342482.0,37.55528,121.35526
B075,740,2,13,stop,22,2,26,3856899.0,37.55568,121.35415
B075,740,2,13,stop,24,1,27,4258515.0,37.55857,121.35004
B076,467,5,9,depot,0,0,0,,37.5462,121.3386
B076,467,5,9,stop,14,7,1,3479514.0,37.57271,121.35858
B076,467,5,9,stop,3,16,2,993128.0,37.58377,121.36242
B076,467,5,9,stop,7,12,3,1692968.0,37.58489,121.36304
B076,467,5,9,stop,5,15,4,1374312.0,37.58632,121.36118
B076,467,5,9,stop,11,14,5,3001385.0,37.58635,121.36297
B076,467,5,9,stop,16,13,6,4200626.0,37.58606,121.36345
B076,467,5,9,stop,1,11,7,309077.0,37.58341,121.3665
B076,467,5,9,stop,2,10,8,804416.0,37.58102,121.36689
B076,467,5,9,stop,15,9,9,3741921.0,37.58053,121.36602
B076,467,5,9,stop,8,8,10,1845655.0,37.57999,121.36567
B076,467,5,9,stop,4,6,11,1151565.0,37.57432,121.36436
B076,467,5,9,stop,17,5,12,4435488.0,37.57386,121.36402
B076,467,5,9,stop,13,3,13,3365192.0,37.57192,121.36207
B076,467,5,9,stop,10,2,14,1952613.0,37.57087,121.3616
B076,467,5,9,stop,6,4,15,1524147.0,37.5702,121.36427
B076,467,5,9,stop,12,1,16,3207244.0,37.56699,121.35964
B076,467,5,9,stop,9,17,17,1943311.0,37.46452,121.32331
B077,2233,4,11,depot,0,0,0,,37.3916,121.5809
B077,2233,4,11,stop,4,1,1,2178180.0,37.40623,121.59417
B077,2233,4,11,stop,2,2,2,1145051.0,37.40638,121.59401
B077,2233,4,11,stop,1,3,3,818056.0,37.41144,121.59989
B077,2233,4,11,stop,11,11,4,4036068.0,37.43051,121.58142
B077,2233,4,11,stop,7,10,5,2588795.0,37.42858,121.60074
B077,2233,4,11,stop,3,9,6,1604464.0,37.42697,121.60278
B077,2233,4,11,stop,10,8,7,3806756.0,37.42941,121.60819
B077,2233,4,11,stop,9,7,8,2858861.0,37.41909,121.61378
B077,2233,4,11,stop,6,6,9,2445268.0,37.40212,121.61753
B077,2233,4,11,stop,5,5,10,2439987.0,37.40164,121.61203
B077,2233,4,11,stop,8,4,11,2824877.0,37.39983,121.60122
B078,1016,5,12,depot,0,0,0,,37.5462,121.3386
B078,1016,5,12,stop,8,1,1,1599062.0,37.54219,121.34385
B078,1016,5,12,stop,22,2,2,4293083.0,37.54212,121.34431
B078,1016,5,12,stop,12,12,3,2246002.0,37.54052,121.34352
B078,1016,5,12,stop,4,11,4,1054624.0,37.54134,121.34586
B078,1016,5,12,stop,17,3,5,3138589.0,37.54228,121.34556
B078,1016,5,12,stop,1,4,6,8679.0,37.54191,121.34636
B078,1016,5,12,stop,11,5,7,1965114.0,37.5419,121.34706
B078,1016,5,12,stop,3,6,8,600871.0,37.54235,121.34802
B078,1016,5,12,stop,5,7,9,1078955.0,37.542,121.34844
B078,1016,5,12,stop,20,8,10,3655500.0,37.54163,121.349
B078,1016,5,12,stop,10,9,11,1722792.0,37.54123,121.34914
B078,1016,5,12,stop,2,10,12,133642.0,37.5425,121.34963
B078,1016,5,12,stop,7,14,13,1451862.0,37.56722,121.35941
B078,1016,5,12,stop,16,15,14,2776530.0,37.57026,121.36488
B078,1016,5,12,stop,6,16,15,1296118.0,37.57383,121.36497
B078,1016,5,12,stop,21,17,16,4059821.0,37.57784,121.36494
B078,1016,5,12,stop,13,19,17,2265084.0,37.58193,121.36804
B078,1016,5,12,stop,18,18,18,3162440.0,37.58176,121.36473
B078,1016,5,12,stop,14,20,19,2408376.0,37.58413,121.36301
B078,1016,5,12,stop,15,21,20,2581962.0,37.58426,121.3623
B078,1016,5,12,stop,19,22,21,3480584.0,37.57371,121.35938
B078,1016,5,12,stop,9,13,22,1615829.0,37.56753,121.3574
B079,3718,5,12,depot,0,0,0,,37.55128,121.28261
B079,3718,5,12,stop,2,1,1,343745.0,37.55133,121.28283
B079,3718,5,12,stop,6,2,2,771877.0,37.4981,121.2591
B079,3718,5,12,stop,22,3,3,3193242.0,37.48637,121.25938
B079,3718,5,12,stop,23,4,4,3201991.0,37.60533,121.1408
B079,3718,5,12,stop,24,6,5,4138403.0,37.62793,121.11341
B079,3718,5,12,stop,19,7,6,3023135.0,37.628,121.11341
B079,3718,5,12,stop,7,8,7,874302.0,37.62786,121.1092
B079,3718,5,12,stop,10,9,8,1247061.0,37.63225,121.11056
B079,3718,5,12,stop,13,13,9,1411389.0,37.64477,121.09891
B079,3718,5,12,stop,17,14,10,2608233.0,37.6452,121.09676
B079,3718,5,12,stop,5,15,11,605751.0,37.65127,121.09093
B079,3718,5,12,stop,1,23,12,333208.0,37.66066,121.064
B079,3718,5,12,stop,11,22,13,1253184.0,37.66303,121.06325
B079,3718,5,12,stop,3,20,14,368736.0,37.6685,121.05965
B079,3718,5,12,stop,14,24,15,1607877.0,37.67683,121.04623
B079,3718,5,12,stop,9,21,16,1168245.0,37.67086,121.05934
B079,3718,5,12,stop,16,19,17,2024126.0,37.66809,121.06209
B079,3718,5,12,stop,21,18,18,3179255.0,37.66609,121.06558
B079,3718,5,12,stop,8,17,19,888019.0,37.66704,121.06686
B079,3718,5,12,stop,4,16,20,545690.0,37.66604,121.09092
B079,3718,5,12,stop,20,12,21,3088058.0,37.63605,121.11607
B079,3718,5,12,stop,15,11,22,1880046.0,37.63178,121.11735
B079,3718,5,12,stop,18,10,23,2871473.0,37.63148,121.11677
B079,3718,5,12,stop,12,5,24,1382222.0,37.61028,121.14408
B080,1016,6,8,depot,0,0,0,,37.5462,121.3386
B080,1016,6,8,stop,15,1,1,4250440.0,37.55888,121.34163
B080,1016,6,8,stop,12,7,2,3657017.0,37.56638,121.34459
B080,1016,6,8,stop,8,8,3,2759892.0,37.57753,121.36089
B080,1016,6,8,stop,9,9,4,2776756.0,37.57721,121.36283
B080,1016,6,8,stop,3,10,5,1222938.0,37.57732,121.36295
B080,1016,6,8,stop,2,11,6,1032346.0,37.57915,121.36218
B080,1016,6,8,stop,13,12,7,3747936.0,37.58026,121.36249
B080,1016,6,8,stop,10,13,8,2780115.0,37.58037,121.36795
B080,1016,6,8,stop,1,14,9,136101.0,37.57845,121.36913
B080,1016,6,8,stop,6,15,10,2422893.0,37.57719,121.37125
B080,1016,6,8,stop,16,16,11,4474254.0,37.56948,121.36641
B080,1016,6,8,stop,11,6,12,3426243.0,37.56597,121.35158
B080,1016,6,8,stop,5,4,13,1977408.0,37.56466,121.34992
B080,1016,6,8,stop,14,5,14,3977379.0,37.56539,121.34916
B080,1016,6,8,stop,4,3,15,1566769.0,37.56428,121.34857
B080,1016,6,8,stop,7,2,16,2441518.0,37.56205,121.34885
B081,4017,2,14,depot,0,0,0,,37.55129,121.28263
B081,4017,2,14,stop,7,1,1,958235.0,37.54709,121.25143
B081,4017,2,14,stop,5,2,2,894869.0,37.54828,121.25056
B081,4017,2,14,stop,17,3,3,2954063.0,37.54883,121.25069
B081,4017,2,14,stop,16,4,4,2755783.0,37.5509,121.25031
B081,4017,2,14,stop,21,5,5,3584404.0,37.55301,121.24698
B081,4017,2,14,stop,9,6,6,1012165.0,37.55598,121.24572
B081,4017,2,14,stop,2,7,7,360143.0,37.55643,121.24028
B081,4017,2,14,stop,11,8,8,1408593.0,37.55684,121.23927
B081,4017,2,14,stop,20,17,9,3450338.0,37.59097,121.14447
B081,4017,2,14,stop,8,18,10,958560.0,37.59171,121.14492
B081,4017,2,14,stop,12,22,11,1796471.0,37.63638,121.11514
B081,4017,2,14,stop,3,21,12,485408.0,37.63405,121.11469
B081,4017,2,14,stop,18,20,13,3148372.0,37.62788,121.11446
B081,4017,2,14,stop,14,19,14,2229811.0,37.62139,121.11563
B081,4017,2,14,stop,1,16,15,183890.0,37.57921,121.1333
B081,4017,2,14,stop,13,15,16,2122065.0,37.58207,121.1418
B081,4017,2,14,stop,10,14,17,1287655.0,37.5617,121.20616
B081,4017,2,14,stop,6,9,18,944258.0,37.54431,121.24616
B081,4017,2,14,stop,22,10,19,4310573.0,37.54338,121.2465
B081,4017,2,14,stop,15,11,20,2523549.0,37.54302,121.24699
B081,4017,2,14,stop,4,12,21,656634.0,37.5434,121.24809
B081,4017,2,14,stop,19,13,22,3252567.0,37.53898,121.2478
B082,3718,6,10,depot,0,0,0,,37.55128,121.28261
B082,3718,6,10,stop,16,1,1,2733009.0,37.60561,121.14572
B082,3718,6,10,stop,23,2,2,3381604.0,37.60726,121.13889
B082,3718,6,10,stop,22,3,3,3339329.0,37.6196,121.12142
B082,3718,6,10,stop,20,7,4,3243907.0,37.63209,121.11778
B082,3718,6,10,stop,13,6,5,2504332.0,37.63213,121.11728
B082,3718,6,10,stop,9,8,6,1904692.0,37.63399,121.11574
B082,3718,6,10,stop,25,9,7,3555271.0,37.63414,121.11579
B082,3718,6,10,stop,11,10,8,2273750.0,37.63595,121.11525
B082,3718,6,10,stop,2,11,9,636266.0,37.63671,121.11464
B082,3718,6,10,stop,5,14,10,1113711.0,37.67039,121.07784
B082,3718,6,10,stop,3,15,11,1082107.0,37.66579,121.06815
B082,3718,6,10,stop,21,16,12,3300126.0,37.66595,121.06548
B082,3718,6,10,stop,15,17,13,2711469.0,37.66596,121.06547
B082,3718,6,10,stop,14,23,14,2561620.0,37.67015,121.06418
B082,3718,6,10,stop,12,22,15,2333790.0,37.67225,121.06163
B082,3718,6,10,stop,10,27,16,1964990.0,37.67692,121.04611
B082,3718,6,10,stop,28,28,17,4328709.0,37.67608,121.04343
B082,3718,6,10,stop,24,21,18,3391347.0,37.66879,121.05918
B082,3718,6,10,stop,17,20,19,2874176.0,37.66829,121.06093
B082,3718,6,10,stop,7,19,20,1327480.0,37.66784,121.06286
B082,3718,6,10,stop,6,18,21,1267153.0,37.66777,121.06334
B082,3718,6,10,stop,26,24,22,3842007.0,37.66538,121.06242
B082,3718,6,10,stop,27,25,23,4027677.0,37.66142,121.06135
B082,3718,6,10,stop,19,26,24,3106222.0,37.65921,121.06344
B082,3718,6,10,stop,1,13,25,463885.0,37.64527,121.09679
B082,3718,6,10,stop,29,12,26,4384976.0,37.63323,121.10983
B082,3718,6,10,stop,4,5,27,1100998.0,37.62407,121.11309
B082,3718,6,10,stop,8,4,28,1499127.0,37.62157,121.1125
B082,3718,6,10,stop,18,29,29,2940826.0,37.61132,121.11189
B082,3718,6,10,stop,30,30,30,4445624.0,37.60706,121.11447
B083,1147,2,11,depot,0,0,0,,37.78715,120.85517
B083,1147,2,11,stop,18,1,1,3122848.0,37.8086,120.80819
B083,1147,2,11,stop,5,2,2,889143.0,37.80934,120.80653
B083,1147,2,11,stop,15,29,3,2873288.0,37.81075,120.80902
B083,1147,2,11,stop,3,5,4,674953.0,37.81284,120.80577
B083,1147,2,11,stop,19,4,5,3162948.0,37.81136,120.805
B083,1147,2,11,stop,26,3,6,3804764.0,37.81055,120.80512
B083,1147,2,11,stop,24,6,7,3710274.0,37.81059,120.80297
B083,1147,2,11,stop,11,7,8,2204564.0,37.81046,120.80288
B083,1147,2,11,stop,14,8,9,2703233.0,37.80842,120.80285
B083,1147,2,11,stop,21,9,10,3586669.0,37.80947,120.79975
B083,1147,2,11,stop,8,11,11,1773332.0,37.80751,120.7962
B083,1147,2,11,stop,12,10,12,2254026.0,37.80845,120.79606
B083,1147,2,11,stop,16,12,13,2891348.0,37.81093,120.79016
B083,1147,2,11,stop,29,13,14,4277891.0,37.81107,120.79002
B083,1147,2,11,stop,2,14,15,183810.0,37.81208,120.79
B083,1147,2,11,stop,25,16,16,3736570.0,37.81292,120.7909
B083,1147,2,11,stop,30,15,17,4504809.0,37.8128,120.78989
B083,1147,2,11,stop,13,28,18,2308797.0,37.81487,120.78634
B083,1147,2,11,stop,6,17,19,1129983.0,37.81129,120.78615
B083,1147,2,11,stop,23,18,20,3630194.0,37.81106,120.78618
B083,1147,2,11,stop,28,19,21,4114559.0,37.8102,120.78179
B083,1147,2,11,stop,7,27,22,1656742.0,37.81525,120.77706
B083,1147,2,11,stop,4,26,23,702947.0,37.81501,120.77507
B083,1147,2,11,stop,20,25,24,3375720.0,37.81362,120.77397
B083,1147,2,11,stop,1,24,25,165400.0,37.81334,120.77538
B083,1147,2,11,stop,10,20,26,2161855.0,37.81042,120.77708
B083,1147,2,11,stop,22,21,27,3615817.0,37.80868,120.77587
B083,1147,2,11,stop,9,22,28,1813186.0,37.80448,120.77331
B083,1147,2,11,stop,17,23,29,3029839.0,37.80323,120.77966
B083,1147,2,11,stop,27,30,30,4055521.0,37.79871,120.79978
B084,1923,5,8,depot,0,0,0,,37.41117,121.38024
B084,1923,5,8,stop,4,1,1,1499595.0,37.43093,121.48231
B084,1923,5,8,stop,15,2,2,4299001.0,37.43747,121.49219
B084,1923,5,8,stop,1,5,3,1048176.0,37.43817,121.49414
B084,1923,5,8,stop,11,4,4,2589444.0,37.43707,121.49524
B084,1923,5,8,stop,14,3,5,3829260.0,37.43687,121.49371
B084,1923,5,8,stop,7,6,6,1924149.0,37.43507,121.4942
B084,1923,5,8,stop,13,7,7,3727542.0,37.4325,121.50426
B084,1923,5,8,stop,5,8,8,1646491.0,37.44365,121.50578
B084,1923,5,8,stop,6,9,9,1774067.0,37.44701,121.50319
B084,1923,5,8,stop,2,10,10,1074640.0,37.44809,121.4982
B084,1923,5,8,stop,10,11,11,2482301.0,37.44728,121.49657
B084,1923,5,8,stop,8,15,12,2195866.0,37.45078,121.49857
B084,1923,5,8,stop,9,14,13,2219355.0,37.45179,121.49765
B084,1923,5,8,stop,3,12,14,1390482.0,37.44933,121.49407
B084,1923,5,8,stop,12,13,15,3111881.0,37.44935,121.49312
B085,2875,5,12,depot,0,0,0,,37.52259,121.39491
B085,2875,5,12,stop,7,1,1,2142338.0,37.52535,121.398
B085,2875,5,12,stop,4,2,2,1272773.0,37.52315,121.40177
B085,2875,5,12,stop,10,3,3,3540140.0,37.51898,121.42193
B085,2875,5,12,stop,11,4,4,3955565.0,37.51891,121.42254
B085,2875,5,12,stop,5,5,5,1284616.0,37.51999,121.42718
B085,2875,5,12,stop,9,6,6,3455922.0,37.51927,121.43845
B085,2875,5,12,stop,3,10,7,1029050.0,37.51904,121.44276
B085,2875,5,12,stop,8,9,8,2725869.0,37.52017,121.44453
B085,2875,5,12,stop,6,8,9,1938146.0,37.52037,121.44366
B085,2875,5,12,stop,1,7,10,639531.0,37.5209,121.44156
B085,2875,5,12,stop,2,11,11,740456.0,37.56559,121.36528
B085,2875,5,12,stop,12,12,12,4317986.0,37.56625,121.35806
B086,339,6,16,depot,0,0,0,,36.95734,120.65865
B086,339,6,16,stop,6,1,1,2188373.0,36.92866,120.69062
B086,339,6,16,stop,11,2,2,4206704.0,36.96867,120.7388
B086,339,6,16,stop,1,3,3,68075.0,36.97053,120.74251
B086,339,6,16,stop,2,4,4,247576.0,36.97415,120.7426
B086,339,6,16,stop,5,5,5,2104047.0,36.97526,120.74288
B086,339,6,16,stop,3,12,6,960807.0,36.98976,120.74033
B086,339,6,16,stop,10,11,7,4130573.0,36.98818,120.73711
B086,339,6,16,stop,12,9,8,4212675.0,36.9779,120.72976
B086,339,6,16,stop,4,10,9,1554621.0,36.97775,120.72941
B086,339,6,16,stop,8,8,10,3738345.0,36.9739,120.73342
B086,339,6,16,stop,9,7,11,3949771.0,36.97385,120.73348
B086,339,6,16,stop,7,6,12,3060327.0,36.97382,120.7335
B087,3456,0,13,depot,0,0,0,,37.523,121.3816
B087,3456,0,13,stop,1,1,1,289043.0,37.532,121.40753
B087,3456,0,13,stop,7,2,2,3298136.0,37.5329,121.4126
B087,3456,0,13,stop,6,3,3,3034944.0,37.53401,121.41452
B087,3456,0,13,stop,8,4,4,3590376.0,37.53375,121.418
B087,3456,0,13,stop,2,5,5,653335.0,37.5331,121.41846
B087,3456,0,13,stop,4,9,6,1520346.0,37.53117,121.42458
B087,3456,0,13,stop,9,8,7,4378706.0,37.53064,121.42087
B087,3456,0,13,stop,3,7,8,1210866.0,37.53076,121.41982
B087,3456,0,13,stop,5,6,9,2301270.0,37.53091,121.41731
B088,2936,4,12,depot,0,0,0,,37.523,121.3816
B088,2936,4,12,stop,7,1,1,2368280.0,37.53411,121.38853
B088,2936,4,12,stop,4,2,2,1354635.0,37.53925,121.39352
B088,2936,4,12,stop,3,3,3,813191.0,37.5388,121.39618
B088,2936,4,12,stop,5,5,4,1491749.0,37.54118,121.3978
B088,2936,4,12,stop,9,4,5,4106868.0,37.54082,121.39627
B088,2936,4,12,stop,8,6,6,2977369.0,37.54172,121.39237
B088,2936,4,12,stop,6,9,7,1974866.0,37.54496,121.38587
B088,2936,4,12,stop,1,8,8,393729.0,37.54329,121.38577
B088,2936,4,12,stop,2,7,9,570602.0,37.54075,121.38846
B089,4352,6,8,depot,0,0,0,,37.55781,121.32161
B089,4352,6,8,stop,9,1,1,4423139.0,37.54257,121.32938
B089,4352,6,8,stop,8,2,2,3312392.0,37.54338,121.33489
B089,4352,6,8,stop,4,3,3,2094035.0,37.54295,121.34514
B089,4352,6,8,stop,5,4,4,2135903.0,37.5411,121.3466
B089,4352,6,8,stop,3,5,5,1889898.0,37.54215,121.34816
B089,4352,6,8,stop,7,6,6,3138365.0,37.54422,121.34856
B089,4352,6,8,stop,1,8,7,1353598.0,37.5444,121.35201
B089,4352,6,8,stop,2,7,8,1505992.0,37.54573,121.34964
B089,4352,6,8,stop,6,9,9,2592164.0,37.54594,121.34538
B090,4383,6,14,depot,0,0,0,,37.55131,121.2826
B090,4383,6,14,stop,10,1,1,2753566.0,37.56065,121.28092
B090,4383,6,14,stop,8,2,2,2100968.0,37.56072,121.28094
B090,4383,6,14,stop,9,12,3,2586811.0,37.67226,121.0616
B090,4383,6,14,stop,3,11,4,1750410.0,37.58969,121.15609
B090,4383,6,14,stop,4,10,5,1774511.0,37.58964,121.15613
B090,4383,6,14,stop,12,9,6,3713574.0,37.58962,121.15616
B090,4383,6,14,stop,2,8,7,519916.0,37.58977,121.15775
B090,4383,6,14,stop,11,7,8,2968894.0,37.58662,121.1608
B090,4383,6,14,stop,6,6,9,1983652.0,37.58675,121.16486
B090,4383,6,14,stop,1,5,10,397652.0,37.58615,121.16566
B090,4383,6,14,stop,7,4,11,2008228.0,37.58615,121.16643
B090,4383,6,14,stop,5,3,12,1913132.0,37.57084,121.23897
B091,2803,3,12,depot,0,0,0,,37.63179,120.52145
B091,2803,3,12,stop,4,1,1,823957.0,37.63267,120.52103
B091,2803,3,12,stop,3,2,2,788259.0,37.64766,120.496
B091,2803,3,12,stop,20,29,3,1982651.0,37.65896,120.49667
B091,2803,3,12,stop,19,28,4,1973190.0,37.65908,120.49124
B091,2803,3,12,stop,24,27,5,2838393.0,37.65687,120.49109
B091,2803,3,12,stop,10,26,6,1263918.0,37.65551,120.4872
B091,2803,3,12,stop,18,30,7,1945880.0,37.6604,120.47685
B091,2803,3,12,stop,28,22,8,3829972.0,37.6559,120.45735
B091,2803,3,12,stop,22,23,9,2529301.0,37.65554,120.44791
B091,2803,3,12,stop,8,21,10,1138620.0,37.65183,120.45892
B091,2803,3,12,stop,14,20,11,1717021.0,37.64728,120.46003
B091,2803,3,12,stop,9,19,12,1184225.0,37.64683,120.46155
B091,2803,3,12,stop,26,18,13,3377138.0,37.64651,120.46902
B091,2803,3,12,stop,6,17,14,1078344.0,37.64479,120.47163
B091,2803,3,12,stop,11,16,15,1375577.0,37.64411,120.47194
B091,2803,3,12,stop,16,15,16,1731755.0,37.64407,120.47105
B091,2803,3,12,stop,13,14,17,1655997.0,37.64336,120.47149
B091,2803,3,12,stop,2,24,18,479287.0,37.63882,120.46761
B091,2803,3,12,stop,29,25,19,4256345.0,37.6388,120.4677
B091,2803,3,12,stop,17,13,20,1900935.0,37.64055,120.47391
B091,2803,3,12,stop,15,12,21,1721180.0,37.63945,120.47956
B091,2803,3,12,stop,21,8,22,2361966.0,37.64044,120.48604
B091,2803,3,12,stop,5,7,23,938241.0,37.64177,120.48424
B091,2803,3,12,stop,27,10,24,3519314.0,37.64457,120.48194
B091,2803,3,12,stop,7,11,25,1135619.0,37.64698,120.48192
B091,2803,3,12,stop,12,6,26,1626065.0,37.64379,120.48474
B091,2803,3,12,stop,1,5,27,192913.0,37.64395,120.48622
B091,2803,3,12,stop,25,4,28,3310540.0,37.64367,120.48738
B091,2803,3,12,stop,23,3,29,2531630.0,37.64393,120.48961
B091,2803,3,12,stop,30,9,30,4316842.0,37.6417,120.48954
B092,339,6,13,depot,0,0,0,,36.95734,120.65865
B092,339,6,13,stop,17,1,1,2603808.0,36.94455,120.68832
B092,339,6,13,stop,6,2,2,903453.0,36.9482,120.69246
B092,339,6,13,stop,8,3,3,996281.0,36.94783,120.69875
B092,339,6,13,stop,4,11,4,728600.0,36.95142,120.70458
B092,339,6,13,stop,22,4,5,3141686.0,36.94344,120.70187
B092,339,6,13,stop,5,5,6,766712.0,36.94338,120.71127
B092,339,6,13,stop,3,6,7,367651.0,36.94496,120.71135
B092,339,6,13,stop,21,7,8,3124634.0,36.94815,120.71217
B092,339,6,13,stop,18,9,9,2699895.0,36.95176,120.71793
B092,339,6,13,stop,10,10,10,1711488.0,36.95298,120.71962
B092,339,6,13,stop,7,8,11,984055.0,36.9475,120.71798
B092,339,6,13,stop,11,12,12,1738624.0,36.94052,120.71932
B092,339,6,13,stop,23,13,13,4405802.0,36.93502,120.71447
B092,339,6,13,stop,15,14,14,2282123.0,36.93374,120.71517
B092,339,6,13,stop,9,15,15,1053834.0,36.93466,120.71086
B092,339,6,13,stop,1,17,16,87758.0,36.93522,120.70486
B092,339,6,13,stop,13,16,17,2053280.0,36.93363,120.70958
B092,339,6,13,stop,12,23,18,2043050.0,36.91921,120.7199
B092,339,6,13,stop,2,22,19,329308.0,36.90175,120.69595
B092,339,6,13,stop,20,18,20,3068618.0,36.92624,120.69197
B092,339,6,13,stop,19,19,21,2715566.0,36.92684,120.68113
B092,339,6,13,stop,14,20,22,2135234.0,36.92209,120.65498
B092,339,6,13,stop,16,21,23,2497346.0,36.9076,120.63922
B093,4017,5,12,depot,0,0,0,,37.55129,121.28263
B093,4017,5,12,stop,23,1,1,4041676.0,37.54795,121.25158
B093,4017,5,12,stop,1,2,2,137794.0,37.5664,121.22963
B093,4017,5,12,stop,28,3,3,4461426.0,37.56659,121.22876
B093,4017,5,12,stop,11,5,4,1319920.0,37.56719,121.22878
B093,4017,5,12,stop,9,4,5,1071757.0,37.56716,121.22891
B093,4017,5,12,stop,2,6,6,208196.0,37.56741,121.22963
B093,4017,5,12,stop,6,7,7,925980.0,37.56752,121.22969
B093,4017,5,12,stop,20,8,8,3599122.0,37.56827,121.23053
B093,4017,5,12,stop,5,9,9,872142.0,37.56886,121.22969
B093,4017,5,12,stop,18,10,10,2916483.0,37.56905,121.22812
B093,4017,5,12,stop,17,11,11,2891999.0,37.56843,121.22799
B093,4017,5,12,stop,7,12,12,983219.0,37.5669,121.22694
B093,4017,5,12,stop,24,13,13,4105720.0,37.56734,121.22563
B093,4017,5,12,stop,22,16,14,3847496.0,37.56998,121.22283
B093,4017,5,12,stop,21,15,15,3743669.0,37.56927,121.22291
B093,4017,5,12,stop,19,14,16,2940673.0,37.5689,121.22286
B093,4017,5,12,stop,14,21,17,1634921.0,37.56824,121.22217
B093,4017,5,12,stop,3,22,18,256824.0,37.56699,121.22101
B093,4017,5,12,stop,13,20,19,1607201.0,37.56809,121.22112
B093,4017,5,12,stop,16,19,20,2868545.0,37.56849,121.22106
B093,4017,5,12,stop,10,18,21,1305451.0,37.56874,121.22043
B093,4017,5,12,stop,15,25,22,2230063.0,37.63279,121.11714
B093,4017,5,12,stop,27,27,23,4423234.0,37.66806,121.06304
B093,4017,5,12,stop,26,28,24,4380152.0,37.67126,121.06405
B093,4017,5,12,stop,8,26,25,1011953.0,37.66715,121.06919
B093,4017,5,12,stop,25,24,26,4336707.0,37.6327,121.11878
B093,4017,5,12,stop,12,17,27,1372278.0,37.5716,121.22245
B093,4017,5,12,stop,4,23,28,866086.0,37.57158,121.22967
B094,422,2,14,depot,0,0,0,,37.3916,121.5809
B094,422,2,14,stop,3,10,1,1378840.0,37.40425,121.57539
B094,422,2,14,stop,11,4,2,4342209.0,37.40071,121.56749
B094,422,2,14,stop,4,3,3,2345420.0,37.40066,121.56747
B094,422,2,14,stop,6,2,4,2608340.0,37.40061,121.56755
B094,422,2,14,stop,1,5,5,272936.0,37.40052,121.56739
B094,422,2,14,stop,2,6,6,1132903.0,37.40061,121.56721
B094,422,2,14,stop,12,7,7,4510643.0,37.40065,121.56689
B094,422,2,14,stop,8,8,8,3250609.0,37.40322,121.56345
B094,422,2,14,stop,7,9,9,3003607.0,37.39782,121.56308
B094,422,2,14,stop,5,1,10,2382531.0,37.38704,121.5797
B094,422,2,14,stop,10,11,11,4119342.0,37.38381,121.6013
B094,422,2,14,stop,9,12,12,3353244.0,37.3838,121.60158
B095,2497,2,13,depot,0,0,0,,37.55126,121.28266
B095,2497,2,13,stop,8,1,1,2686361.0,37.54257,121.221
B095,2497,2,13,stop,7,6,2,2492453.0,37.55486,121.17642
B095,2497,2,13,stop,10,5,3,3260881.0,37.55528,121.17584
B095,2497,2,13,stop,6,4,4,2415536.0,37.55894,121.16857
B095,2497,2,13,stop,9,13,5,3216202.0,37.56947,121.13779
B095,2497,2,13,stop,2,12,6,666825.0,37.57447,121.13752
B095,2497,2,13,stop,5,11,7,2302454.0,37.57247,121.14831
B095,2497,2,13,stop,12,10,8,4228780.0,37.57946,121.15449
B095,2497,2,13,stop,11,9,9,4189877.0,37.57398,121.17004
B095,2497,2,13,stop,13,8,10,4454776.0,37.57338,121.1701
B095,2497,2,13,stop,4,7,11,1588843.0,37.57005,121.17598
B095,2497,2,13,stop,3,3,12,1414723.0,37.56327,121.17486
B095,2497,2,13,stop,1,2,13,354897.0,37.56327,121.20057
B096,2803,4,10,depot,0,0,0,,37.63179,120.52145
B096,2803,4,10,stop,25,1,1,3301374.0,37.63875,120.49118
B096,2803,4,10,stop,30,2,2,4371012.0,37.63746,120.49026
B096,2803,4,10,stop,26,3,3,3324331.0,37.63959,120.48492
B096,2803,4,10,stop,16,4,4,2242225.0,37.64408,120.48709
B096,2803,4,10,stop,15,28,5,2188139.0,37.64401,120.48069
B096,2803,4,10,stop,17,27,6,2521860.0,37.64398,120.48031
B096,2803,4,10,stop,18,15,7,2784345.0,37.64769,120.47125
B096,2803,4,10,stop,22,16,8,3123159.0,37.64429,120.47047
B096,2803,4,10,stop,21,17,9,3067920.0,37.64414,120.47059
B096,2803,4,10,stop,2,18,10,246366.0,37.63981,120.46389
B096,2803,4,10,stop,14,19,11,2180616.0,37.64676,120.46141
B096,2803,4,10,stop,23,20,12,3234610.0,37.6474,120.46112
B096,2803,4,10,stop,3,21,13,459075.0,37.64961,120.46432
B096,2803,4,10,stop,4,22,14,581043.0,37.65154,120.4599
B096,2803,4,10,stop,20,23,15,2960279.0,37.65308,120.45894
B096,2803,4,10,stop,6,24,16,922033.0,37.65333,120.45562
B096,2803,4,10,stop,1,25,17,230678.0,37.65875,120.45723
B096,2803,4,10,stop,19,26,18,2850986.0,37.65491,120.43746
B096,2803,4,10,stop,12,30,19,1697296.0,37.73132,120.46769
B096,2803,4,10,stop,10,29,20,1597228.0,37.73109,120.46813
B096,2803,4,10,stop,24,14,21,3264010.0,37.65596,120.47655
B096,2803,4,10,stop,8,13,22,943607.0,37.65608,120.48544
B096,2803,4,10,stop,11,8,23,1643642.0,37.65607,120.49267
B096,2803,4,10,stop,13,9,24,2004146.0,37.65772,120.49591
B096,2803,4,10,stop,27,11,25,3642162.0,37.65887,120.49656
B096,2803,4,10,stop,29,10,26,4327723.0,37.65848,120.49685
B096,2803,4,10,stop,28,12,27,4230436.0,37.65684,120.49775
B096,2803,4,10,stop,9,7,28,974240.0,37.64931,120.49615
B096,2803,4,10,stop,5,6,29,871369.0,37.64646,120.49156
B096,2803,4,10,stop,7,5,30,923334.0,37.644,120.49203
B097,498,4,16,depot,0,0,0,,37.41101,121.38055
B097,498,4,16,stop,21,1,1,3138574.0,37.42319,121.34042
B097,498,4,16,stop,24,29,2,3611225.0,37.48796,121.33688
B097,498,4,16,stop,9,18,3,1394470.0,37.4889,121.34186
B097,498,4,16,stop,3,17,4,701094.0,37.48964,121.34334
B097,498,4,16,stop,14,16,5,2071159.0,37.48916,121.34462
B097,498,4,16,stop,23,15,6,3495425.0,37.48935,121.34484
B097,498,4,16,stop,13,14,7,1996970.0,37.48947,121.34543
B097,498,4,16,stop,8,13,8,1347187.0,37.48989,121.34594
B097,498,4,16,stop,7,25,9,1336533.0,37.4904,121.3451
B097,498,4,16,stop,27,24,10,4200033.0,37.49083,121.34463
B097,498,4,16,stop,1,20,11,233458.0,37.49112,121.34287
B097,498,4,16,stop,15,19,12,2322778.0,37.4911,121.34283
B097,498,4,16,stop,4,21,13,793508.0,37.49148,121.34281
B097,498,4,16,stop,26,22,14,4108113.0,37.49152,121.34287
B097,498,4,16,stop,10,23,15,1546078.0,37.49157,121.3429
B097,498,4,16,stop,20,26,16,3129204.0,37.49191,121.34508
B097,498,4,16,stop,16,27,17,2621926.0,37.49232,121.34486
B097,498,4,16,stop,30,28,18,4491741.0,37.49955,121.34746
B097,498,4,16,stop,17,12,19,2851322.0,37.49043,121.35275
B097,498,4,16,stop,5,11,20,825906.0,37.48953,121.35746
B097,498,4,16,stop,28,30,21,4373468.0,37.49129,121.36362
B097,498,4,16,stop,18,10,22,3023300.0,37.48782,121.35713
B097,498,4,16,stop,6,6,23,1015264.0,37.4836,121.35779
B097,498,4,16,stop,29,5,24,4460169.0,37.48284,121.35822
B097,498,4,16,stop,19,9,25,3034268.0,37.48321,121.36098
B097,498,4,16,stop,2,8,26,293543.0,37.4821,121.36153
B097,498,4,16,stop,22,4,27,3308338.0,37.48121,121.3594
B097,498,4,16,stop,11,7,28,1546841.0,37.48126,121.35695
B097,498,4,16,stop,12,3,29,1899146.0,37.4805,121.35825
B097,498,4,16,stop,25,2,30,3884143.0,37.48041,121.35816
B098,4352,6,9,depot,0,0,0,,37.55781,121.32161
B098,4352,6,9,stop,8,5,1,1500993.0,37.54642,121.34
B098,4352,6,9,stop,18,6,2,4161832.0,37.54678,121.34529
B098,4352,6,9,stop,1,7,3,19169.0,37.54626,121.34905
B098,4352,6,9,stop,13,8,4,2820645.0,37.54553,121.34904
B098,4352,6,9,stop,2,11,5,79150.0,37.54396,121.34731
B098,4352,6,9,stop,17,9,6,3284012.0,37.54356,121.34921
B098,4352,6,9,stop,9,10,7,1767845.0,37.54225,121.34949
B098,4352,6,9,stop,7,12,8,1367103.0,37.54181,121.34627
B098,4352,6,9,stop,11,13,9,2285420.0,37.54154,121.34541
B098,4352,6,9,stop,5,14,10,1142234.0,37.54161,121.34377
B098,4352,6,9,stop,6,2,11,1206155.0,37.54481,121.33537
B098,4352,6,9,stop,10,3,12,1994946.0,37.5432,121.33417
B098,4352,6,9,stop,16,4,13,3252440.0,37.54309,121.33416
B098,4352,6,9,stop,20,19,14,4456663.0,37.59396,121.14669
B098,4352,6,9,stop,12,20,15,2604247.0,37.59365,121.14534
B098,4352,6,9,stop,19,18,16,4354513.0,37.59576,121.14647
B098,4352,6,9,stop,14,17,17,3172555.0,37.59602,121.14695
B098,4352,6,9,stop,3,16,18,643104.0,37.59498,121.14825
B098,4352,6,9,stop,15,15,19,3207482.0,37.59483,121.14855
B098,4352,6,9,stop,4,1,20,978999.0,37.55802,121.3136
B099,4181,0,6,depot,0,0,0,,37.46036,121.4276
B099,4181,0,6,stop,9,1,1,3810640.0,37.49441,121.44208
B099,4181,0,6,stop,1,2,2,46983.0,37.49761,121.44268
B099,4181,0,6,stop,5,3,3,519225.0,37.49917,121.44278
B099,4181,0,6,stop,7,5,4,1943743.0,37.52052,121.44528
B099,4181,0,6,stop,6,4,5,1651815.0,37.51976,121.44331
B099,4181,0,6,stop,3,6,6,451201.0,37.52001,121.43145
B099,4181,0,6,stop,8,7,7,2395327.0,37.51871,121.43032
B099,4181,0,6,stop,2,8,8,73930.0,37.51989,121.42747
B099,4181,0,6,stop,4,9,9,453149.0,37.52122,121.42181
B100,4181,5,8,depot,0,0,0,,37.46036,121.4276
B100,4181,5,8,stop,13,8,1,4401175.0,37.51921,121.42922
B100,4181,5,8,stop,8,9,2,2027807.0,37.5198,121.42647
B100,4181,5,8,stop,2,12,3,737109.0,37.52046,121.42209
B100,4181,5,8,stop,9,10,4,2680893.0,37.52138,121.42621
B100,4181,5,8,stop,11,11,5,4144850.0,37.52225,121.42668
B100,4181,5,8,stop,3,7,6,870643.0,37.52256,121.43167
B100,4181,5,8,stop,10,6,7,4042864.0,37.52396,121.43321
B100,4181,5,8,stop,1,5,8,610253.0,37.52221,121.43618
B100,4181,5,8,stop,6,4,9,1795324.0,37.51994,121.43733
B100,4181,5,8,stop,4,13,10,1559083.0,37.52052,121.44672
B100,4181,5,8,stop,5,3,11,1742510.0,37.49568,121.4411
B100,4181,5,8,stop,12,2,12,4331466.0,37.49258,121.44027
B100,4181,5,8,stop,7,1,13,1972695.0,37.4604,121.42763
B101,740,5,13,depot,0,0,0,,37.55789,121.3219
B101,740,5,13,stop,8,1,1,1783943.0,37.5594,121.3489
B101,740,5,13,stop,17,2,2,3812807.0,37.55699,121.34997
B101,740,5,13,stop,10,3,3,1892766.0,37.55551,121.3517
B101,740,5,13,stop,1,4,4,5342.0,37.55532,121.35242
B101,740,5,13,stop,13,5,5,2965947.0,37.55527,121.35356
B101,740,5,13,stop,5,6,6,714540.0,37.55413,121.35366
B101,740,5,13,stop,7,7,7,1300904.0,37.55377,121.35349
B101,740,5,13,stop,16,18,8,3796093.0,37.55303,121.35579
B101,740,5,13,stop,19,8,9,4153632.0,37.55327,121.35299
B101,740,5,13,stop,9,9,10,1850109.0,37.55303,121.35242
B101,740,5,13,stop,6,10,11,1051333.0,37.55268,121.35267
B101,740,5,13,stop,15,12,12,3582932.0,37.55103,121.35184
B101,740,5,13,stop,4,11,13,649270.0,37.55101,121.35247
B101,740,5,13,stop,20,13,14,4512760.0,37.55004,121.3546
B101,740,5,13,stop,2,17,15,353498.0,37.54849,121.35374
B101,740,5,13,stop,18,14,16,3915398.0,37.54875,121.35564
B101,740,5,13,stop,3,15,17,456764.0,37.54865,121.3569
B101,740,5,13,stop,11,16,18,2179341.0,37.5464,121.35633
B101,740,5,13,stop,14,19,19,3448156.0,37.54316,121.35927
B101,740,5,13,stop,12,20,20,2487825.0,37.47493,121.32827
B102,881,1,9,depot,0,0,0,,37.5462,121.3386
B102,881,1,9,stop,24,1,1,3361047.0,37.59198,121.36805
B102,881,1,9,stop,23,8,2,3334778.0,37.59428,121.36914
B102,881,1,9,stop,2,10,3,74507.0,37.59712,121.36699
B102,881,1,9,stop,25,25,4,3371957.0,37.61883,121.36728
B102,881,1,9,stop,19,24,5,2680298.0,37.60941,121.37207
B102,881,1,9,stop,18,15,6,2467406.0,37.60793,121.37761
B102,881,1,9,stop,15,14,7,1921572.0,37.608,121.37936
B102,881,1,9,stop,8,13,8,565533.0,37.60595,121.38005
B102,881,1,9,stop,9,16,9,794878.0,37.60613,121.38289
B102,881,1,9,stop,29,17,10,4297112.0,37.60551,121.3834
B102,881,1,9,stop,11,18,11,1303277.0,37.60532,121.38509
B102,881,1,9,stop,20,26,12,2694396.0,37.60685,121.39503
B102,881,1,9,stop,6,28,13,315896.0,37.60539,121.40887
B102,881,1,9,stop,21,30,14,2772015.0,37.59742,121.42728
B102,881,1,9,stop,27,29,15,4074005.0,37.59766,121.42137
B102,881,1,9,stop,22,27,16,3254479.0,37.60281,121.39624
B102,881,1,9,stop,10,22,17,1020273.0,37.60189,121.38615
B102,881,1,9,stop,16,21,18,2181347.0,37.60172,121.38424
B102,881,1,9,stop,26,19,19,4062618.0,37.60247,121.3836
B102,881,1,9,stop,4,20,20,244332.0,37.60241,121.38351
B102,881,1,9,stop,13,23,21,1615748.0,37.60374,121.38124
B102,881,1,9,stop,14,12,22,1834010.0,37.60506,121.37804
B102,881,1,9,stop,3,11,23,132677.0,37.6007,121.37334
B102,881,1,9,stop,17,9,24,2254662.0,37.59593,121.371
B102,881,1,9,stop,1,7,25,22831.0,37.59302,121.37177
B102,881,1,9,stop,28,6,26,4182776.0,37.59291,121.37138
B102,881,1,9,stop,7,5,27,415022.0,37.59271,121.37075
B102,881,1,9,stop,5,4,28,266355.0,37.5929,121.37046
B102,881,1,9,stop,12,3,29,1340324.0,37.59311,121.37009
B102,881,1,9,stop,30,2,30,4388584.0,37.59244,121.36935
B103,573,2,11,depot,0,0,0,,37.55123,121.28263
B103,573,2,11,stop,13,1,1,2089888.0,37.56748,121.22956
B103,573,2,11,stop,20,2,2,2516707.0,37.56697,121.22691
B103,573,2,11,stop,21,6,3,2653931.0,37.56728,121.22442
B103,573,2,11,stop,29,7,4,4345969.0,37.56763,121.22309
B103,573,2,11,stop,15,13,5,2198119.0,37.56716,121.22121
B103,573,2,11,stop,3,12,6,360590.0,37.56881,121.2212
B103,573,2,11,stop,1,11,7,107947.0,37.56904,121.22091
B103,573,2,11,stop,9,27,8,1402828.0,37.57005,121.18611
B103,573,2,11,stop,18,25,9,2379436.0,37.56963,121.18479
B103,573,2,11,stop,22,26,10,2887034.0,37.56916,121.18466
B103,573,2,11,stop,14,30,11,2181254.0,37.56748,121.18482
B103,573,2,11,stop,6,29,12,886739.0,37.56889,121.18272
B103,573,2,11,stop,30,28,13,4405500.0,37.56995,121.18301
B103,573,2,11,stop,10,22,14,1437720.0,37.57125,121.18399
B103,573,2,11,stop,23,23,15,2919518.0,37.57109,121.18441
B103,573,2,11,stop,4,24,16,821040.0,37.57118,121.18467
B103,573,2,11,stop,17,19,17,2360857.0,37.57294,121.18365
B103,573,2,11,stop,28,20,18,3907020.0,37.5733,121.1833
B103,573,2,11,stop,2,21,19,143032.0,37.57365,121.18352
B103,573,2,11,stop,7,18,20,923654.0,37.57259,121.18468
B103,573,2,11,stop,27,17,21,3792061.0,37.57256,121.18546
B103,573,2,11,stop,5,16,22,830463.0,37.57315,121.18645
B103,573,2,11,stop,16,10,23,2270552.0,37.57077,121.22157
B103,573,2,11,stop,11,9,24,1615451.0,37.56987,121.22245
B103,573,2,11,stop,26,8,25,3607237.0,37.56886,121.22259
B103,573,2,11,stop,12,5,26,2078051.0,37.56818,121.22562
B103,573,2,11,stop,8,4,27,1149546.0,37.56801,121.22574
B103,573,2,11,stop,19,3,28,2457616.0,37.56792,121.22657
B103,573,2,11,stop,25,14,29,3507865.0,37.56965,121.22865
B103,573,2,11,stop,24,15,30,3085132.0,37.56971,121.22929
B104,2760,3,10,depot,0,0,0,,37.55129,121.28264
B104,2760,3,10,stop,9,1,1,1294961.0,37.56385,121.22025
B104,2760,3,10,stop,16,3,2,2152184.0,37.56408,121.21961
B104,2760,3,10,stop,14,2,3,1909842.0,37.56337,121.21996
B104,2760,3,10,stop,28,4,4,4059169.0,37.55312,121.20708
B104,2760,3,10,stop,24,26,5,3716187.0,37.55395,121.18966
B104,2760,3,10,stop,8,25,6,1034611.0,37.55391,121.18948
B104,2760,3,10,stop,6,19,7,956044.0,37.55385,121.18955
B104,2760,3,10,stop,21,18,8,2996474.0,37.55381,121.1895
B104,2760,3,10,stop,3,17,9,686355.0,37.5538,121.18954
B104,2760,3,10,stop,15,16,10,1929388.0,37.5538,121.18957
B104,2760,3,10,stop,13,20,11,1791537.0,37.55381,121.1896
B104,2760,3,10,stop,17,21,12,2170774.0,37.55378,121.18967
B104,2760,3,10,stop,2,14,13,91661.0,37.55374,121.18962
B104,2760,3,10,stop,19,15,14,2268303.0,37.55376,121.18958
B104,2760,3,10,stop,5,13,15,858919.0,37.55371,121.1896
B104,2760,3,10,stop,27,22,16,3843455.0,37.55371,121.18953
B104,2760,3,10,stop,30,23,17,4296935.0,37.55374,121.18944
B104,2760,3,10,stop,1,24,18,27430.0,37.55369,121.18943
B104,2760,3,10,stop,22,11,19,3248613.0,37.55363,121.1895
B104,2760,3,10,stop,18,12,20,2231616.0,37.55362,121.18958
B104,2760,3,10,stop,12,10,21,1621011.0,37.55346,121.1894
B104,2760,3,10,stop,20,27,22,2938401.0,37.55734,121.17876
B104,2760,3,10,stop,29,28,23,4178565.0,37.55634,121.17662
B104,2760,3,10,stop,4,29,24,849501.0,37.55525,121.17531
B104,2760,3,10,stop,25,7,25,3724376.0,37.5486,121.19069
B104,2760,3,10,stop,7,6,26,991513.0,37.54895,121.19321
B104,2760,3,10,stop,23,5,27,3438527.0,37.54938,121.19398
B104,2760,3,10,stop,26,8,28,3764852.0,37.54687,121.1923
B104,2760,3,10,stop,11,9,29,1540498.0,37.54521,121.19459
B104,2760,3,10,stop,10,30,30,1474966.0,37.54567,121.21842
B105,2760,6,11,depot,0,0,0,,37.55129,121.28264
B105,2760,6,11,stop,22,1,1,3604761.0,37.56437,121.21991
B105,2760,6,11,stop,25,2,2,3779214.0,37.56514,121.21895
B105,2760,6,11,stop,20,27,3,3535992.0,37.56457,121.19629
B105,2760,6,11,stop,26,28,4,4013293.0,37.56492,121.19407
B105,2760,6,11,stop,8,26,5,1462174.0,37.55661,121.19632
B105,2760,6,11,stop,12,23,6,1733855.0,37.55375,121.18977
B105,2760,6,11,stop,30,22,7,4488150.0,37.55372,121.18964
B105,2760,6,11,stop,4,21,8,866533.0,37.5538,121.18966
B105,2760,6,11,stop,9,15,9,1470210.0,37.5538,121.18959
B105,2760,6,11,stop,29,16,10,4280581.0,37.55383,121.18958
B105,2760,6,11,stop,11,17,11,1494797.0,37.55387,121.18957
B105,2760,6,11,stop,15,18,12,1849981.0,37.55389,121.18957
B105,2760,6,11,stop,24,19,13,3743351.0,37.55391,121.1896
B105,2760,6,11,stop,5,20,14,1060873.0,37.55394,121.18966
B105,2760,6,11,stop,21,25,15,3546258.0,37.55399,121.18942
B105,2760,6,11,stop,2,24,16,552134.0,37.5538,121.18946
B105,2760,6,11,stop,13,14,17,1776252.0,37.55379,121.18953
B105,2760,6,11,stop,10,13,18,1471715.0,37.55372,121.18951
B105,2760,6,11,stop,17,12,19,2100180.0,37.55371,121.18951
B105,2760,6,11,stop,23,11,20,3633409.0,37.55245,121.1883
B105,2760,6,11,stop,6,29,21,1230383.0,37.55498,121.17732
B105,2760,6,11,stop,1,30,22,486196.0,37.5515,121.17328
B105,2760,6,11,stop,7,10,23,1294672.0,37.54548,121.19442
B105,2760,6,11,stop,19,9,24,2836569.0,37.5473,121.1929
B105,2760,6,11,stop,28,8,25,4269817.0,37.54786,121.19269
B105,2760,6,11,stop,18,7,26,2163808.0,37.54832,121.19361
B105,2760,6,11,stop,14,6,27,1788182.0,37.54873,121.19365
B105,2760,6,11,stop,3,5,28,748717.0,37.54927,121.19405
B105,2760,6,11,stop,16,4,29,2085353.0,37.55103,121.20191
B105,2760,6,11,stop,27,3,30,4032827.0,37.55168,121.20803
B106,858,6,9,depot,0,0,0,,37.41113,121.38023
B106,858,6,9,stop,10,1,1,1574327.0,37.42018,121.483
B106,858,6,9,stop,7,2,2,1391094.0,37.41497,121.49781
B106,858,6,9,stop,18,3,3,2402936.0,37.41524,121.50293
B106,858,6,9,stop,17,5,4,2269122.0,37.42577,121.49843
B106,858,6,9,stop,26,4,5,3374060.0,37.42412,121.50178
B106,858,6,9,stop,28,24,6,3799781.0,37.42323,121.51037
B106,858,6,9,stop,16,23,7,2197153.0,37.43347,121.51118
B106,858,6,9,stop,4,22,8,338189.0,37.43348,121.51111
B106,858,6,9,stop,23,21,9,2789792.0,37.43566,121.51045
B106,858,6,9,stop,29,6,10,4320829.0,37.43474,121.50008
B106,858,6,9,stop,21,7,11,2592412.0,37.43889,121.49487
B106,858,6,9,stop,11,8,12,1626569.0,37.43893,121.49481
B106,858,6,9,stop,2,9,13,266181.0,37.43956,121.49255
B106,858,6,9,stop,8,20,14,1431192.0,37.4449,121.50719
B106,858,6,9,stop,12,19,15,1635893.0,37.44676,121.50482
B106,858,6,9,stop,25,16,16,3083244.0,37.44739,121.50432
B106,858,6,9,stop,6,17,17,932204.0,37.44767,121.50465
B106,858,6,9,stop,9,18,18,1433594.0,37.44805,121.50507
B106,858,6,9,stop,19,15,19,2467933.0,37.44815,121.49812
B106,858,6,9,stop,22,14,20,2700779.0,37.45187,121.49832
B106,858,6,9,stop,15,13,21,2144232.0,37.45201,121.49744
B106,858,6,9,stop,1,10,22,173199.0,37.44817,121.4916
B106,858,6,9,stop,5,11,23,664944.0,37.44925,121.49181
B106,858,6,9,stop,14,12,24,2016141.0,37.45246,121.4923
B106,858,6,9,stop,27,30,25,3560490.0,37.45745,121.49075
B106,858,6,9,stop,20,28,26,2545737.0,37.4585,121.48926
B106,858,6,9,stop,24,29,27,3080478.0,37.45906,121.48884
B106,858,6,9,stop,30,27,28,4498138.0,37.45785,121.48763
B106,858,6,9,stop,3,26,29,270787.0,37.45079,121.48403
B106,858,6,9,stop,13,25,30,1902038.0,37.44888,121.48143
B107,3157,5,9,depot,0,0,0,,37.411,121.38064
B107,3157,5,9,stop,17,1,1,2787066.0,37.4111,121.38078
B107,3157,5,9,stop,18,27,2,2815930.0,37.47561,121.3735
B107,3157,5,9,stop,14,26,3,2325606.0,37.4782,121.37319
B107,3157,5,9,stop,28,28,4,4047724.0,37.47803,121.36982
B107,3157,5,9,stop,4,29,5,861790.0,37.47886,121.36782
B107,3157,5,9,stop,1,25,6,370891.0,37.47963,121.37202
B107,3157,5,9,stop,8,19,7,1571532.0,37.4826,121.37359
B107,3157,5,9,stop,20,18,8,2983590.0,37.48289,121.37321
B107,3157,5,9,stop,13,20,9,2179393.0,37.48374,121.37417
B107,3157,5,9,stop,27,21,10,3780924.0,37.48419,121.37436
B107,3157,5,9,stop,22,22,11,3102763.0,37.48424,121.37518
B107,3157,5,9,stop,9,24,12,1576835.0,37.48539,121.37348
B107,3157,5,9,stop,16,23,13,2582584.0,37.48535,121.37346
B107,3157,5,9,stop,10,17,14,1910460.0,37.48379,121.37215
B107,3157,5,9,stop,12,15,15,2075285.0,37.48521,121.36607
B107,3157,5,9,stop,3,16,16,807598.0,37.4872,121.36345
B107,3157,5,9,stop,24,14,17,3202776.0,37.48225,121.36504
B107,3157,5,9,stop,6,13,18,1360750.0,37.48085,121.36529
B107,3157,5,9,stop,30,12,19,4150513.0,37.48039,121.36503
B107,3157,5,9,stop,25,11,20,3372448.0,37.48081,121.36411
B107,3157,5,9,stop,2,10,21,428544.0,37.47801,121.36193
B107,3157,5,9,stop,19,9,22,2879148.0,37.47747,121.3625
B107,3157,5,9,stop,23,8,23,3198573.0,37.47788,121.363
B107,3157,5,9,stop,29,7,24,4135877.0,37.47745,121.3633
B107,3157,5,9,stop,21,6,25,3010068.0,37.46989,121.36389
B107,3157,5,9,stop,5,5,26,919068.0,37.44455,121.35114
B107,3157,5,9,stop,15,4,27,2416348.0,37.44453,121.35112
B107,3157,5,9,stop,7,2,28,1459804.0,37.40996,121.35596
B107,3157,5,9,stop,26,3,29,3657226.0,37.40328,121.35663
B107,3157,5,9,stop,11,30,30,2012459.0,37.34155,121.31696
B108,535,3,14,depot,0,0,0,,37.55123,121.28263
B108,535,3,14,stop,12,1,1,1683040.0,37.54647,121.25949
B108,535,3,14,stop,6,2,2,891117.0,37.54627,121.25854
B108,535,3,14,stop,26,3,3,3809958.0,37.54693,121.25836
B108,535,3,14,stop,22,4,4,3146736.0,37.54705,121.2585
B108,535,3,14,stop,3,5,5,423463.0,37.54762,121.25846
B108,535,3,14,stop,9,7,6,1315818.0,37.54755,121.25658
B108,535,3,14,stop,28,6,7,4251832.0,37.54672,121.2572
B108,535,3,14,stop,21,8,8,3073113.0,37.54609,121.25564
B108,535,3,14,stop,2,9,9,151267.0,37.54367,121.25733
B108,535,3,14,stop,30,11,10,4442653.0,37.54445,121.25927
B108,535,3,14,stop,15,10,11,2169089.0,37.54379,121.25911
B108,535,3,14,stop,5,12,12,658048.0,37.54274,121.26039
B108,535,3,14,stop,23,13,13,3391986.0,37.53747,121.25991
B108,535,3,14,stop,27,14,14,3924448.0,37.5381,121.25655
B108,535,3,14,stop,20,15,15,2638427.0,37.54005,121.25365
B108,535,3,14,stop,8,16,16,1025141.0,37.5394,121.25248
B108,535,3,14,stop,14,17,17,2091169.0,37.53802,121.2486
B108,535,3,14,stop,11,18,18,1659745.0,37.53824,121.24843
B108,535,3,14,stop,13,20,19,1955600.0,37.53883,121.24649
B108,535,3,14,stop,19,21,20,2620231.0,37.53916,121.24581
B108,535,3,14,stop,7,26,21,992265.0,37.5405,121.24243
B108,535,3,14,stop,1,25,22,145040.0,37.53924,121.2426
B108,535,3,14,stop,18,24,23,2549730.0,37.53805,121.24386
B108,535,3,14,stop,29,23,24,4425041.0,37.53747,121.24457
B108,535,3,14,stop,25,22,25,3638079.0,37.5381,121.24496
B108,535,3,14,stop,10,19,26,1355953.0,37.53765,121.24685
B108,535,3,14,stop,24,27,27,3499733.0,37.53642,121.24693
B108,535,3,14,stop,17,30,28,2459523.0,37.50828,121.25004
B108,535,3,14,stop,16,29,29,2181381.0,37.50824,121.25017
B108,535,3,14,stop,4,28,30,518385.0,37.51021,121.25279
B109,116,0,11,depot,0,0,0,,37.5462,121.3386
B109,116,0,11,stop,10,19,1,2491851.0,37.58251,121.35974
B109,116,0,11,stop,19,18,2,3881036.0,37.58488,121.3641
B109,116,0,11,stop,2,20,3,438606.0,37.60627,121.3828
B109,116,0,11,stop,3,17,4,706044.0,37.58176,121.36681
B109,116,0,11,stop,6,16,5,1632617.0,37.58203,121.36594
B109,116,0,11,stop,17,15,6,3245422.0,37.58186,121.36479
B109,116,0,11,stop,7,13,7,1946318.0,37.58003,121.36468
B109,116,0,11,stop,9,14,8,2397557.0,37.57986,121.36538
B109,116,0,11,stop,1,12,9,423051.0,37.57925,121.36465
B109,116,0,11,stop,18,11,10,3405246.0,37.57766,121.36482
B109,116,0,11,stop,12,10,11,2542121.0,37.5739,121.36342
B109,116,0,11,stop,5,9,12,1166257.0,37.57332,121.36383
B109,116,0,11,stop,16,8,13,3187183.0,37.57341,121.36447
B109,116,0,11,stop,8,7,14,2005224.0,37.57254,121.3645
B109,116,0,11,stop,11,6,15,2521280.0,37.5703,121.36489
B109,116,0,11,stop,20,3,16,4387340.0,37.56986,121.3638
B109,116,0,11,stop,4,4,17,792296.0,37.57025,121.3637
B109,116,0,11,stop,14,5,18,2982440.0,37.57042,121.36323
B109,116,0,11,stop,13,2,19,2843568.0,37.56974,121.36321
B109,116,0,11,stop,15,1,20,3058876.0,37.56981,121.36266
B110,3718,2,10,depot,0,0,0,,37.55128,121.28261
B110,3718,2,10,stop,3,30,1,403007.0,37.68974,121.09917
B110,3718,2,10,stop,29,21,2,4327017.0,37.67383,121.06782
B110,3718,2,10,stop,4,19,3,530572.0,37.67278,121.06759
B110,3718,2,10,stop,19,20,4,2314056.0,37.67222,121.06793
B110,3718,2,10,stop,2,16,5,349313.0,37.67013,121.06413
B110,3718,2,10,stop,18,17,6,2269179.0,37.67079,121.06355
B110,3718,2,10,stop,17,18,7,2176147.0,37.67226,121.0644
B110,3718,2,10,stop,14,22,8,1614856.0,37.6752,121.06305
B110,3718,2,10,stop,30,23,9,4419299.0,37.67725,121.05802
B110,3718,2,10,stop,16,29,10,2083173.0,37.67603,121.04399
B110,3718,2,10,stop,11,24,11,1432087.0,37.66882,121.0597
B110,3718,2,10,stop,25,25,12,3249700.0,37.66804,121.06025
B110,3718,2,10,stop,10,28,13,1352748.0,37.65913,121.05937
B110,3718,2,10,stop,9,27,14,1157134.0,37.66392,121.06296
B110,3718,2,10,stop,22,26,15,3087034.0,37.66809,121.06283
B110,3718,2,10,stop,6,15,16,822838.0,37.6678,121.06679
B110,3718,2,10,stop,12,14,17,1445357.0,37.66443,121.08874
B110,3718,2,10,stop,23,13,18,3216397.0,37.64623,121.09633
B110,3718,2,10,stop,20,10,19,2717256.0,37.63402,121.11465
B110,3718,2,10,stop,27,11,20,3903315.0,37.63391,121.11504
B110,3718,2,10,stop,26,12,21,3847821.0,37.63395,121.11566
B110,3718,2,10,stop,21,8,22,2871026.0,37.62937,121.11052
B110,3718,2,10,stop,13,9,23,1603780.0,37.6274,121.1092
B110,3718,2,10,stop,24,7,24,3243510.0,37.62794,121.11099
B110,3718,2,10,stop,7,6,25,881884.0,37.62803,121.11239
B110,3718,2,10,stop,1,5,26,45403.0,37.62766,121.11316
B110,3718,2,10,stop,28,4,27,3953958.0,37.62673,121.11346
B110,3718,2,10,stop,5,3,28,578463.0,37.62193,121.11495
B110,3718,2,10,stop,8,2,29,1078442.0,37.61672,121.12815
B110,3718,2,10,stop,15,1,30,2056961.0,37.60757,121.13886
B111,3561,2,7,depot,0,0,0,,37.1542,119.94949
B111,3561,2,7,stop,7,1,1,580878.0,37.15395,119.94925
B111,3561,2,7,stop,17,2,2,2423013.0,37.18062,119.98601
B111,3561,2,7,stop,12,3,3,1414647.0,37.17944,119.98814
B111,3561,2,7,stop,15,7,4,2173767.0,37.2262,120.08137
B111,3561,2,7,stop,30,8,5,4403238.0,37.23333,120.16774
B111,3561,2,7,stop,5,9,6,524208.0,37.29975,120.1484
B111,3561,2,7,stop,9,10,7,790873.0,37.29992,120.14764
B111,3561,2,7,stop,23,11,8,3333070.0,37.30016,120.13911
B111,3561,2,7,stop,13,12,9,1584763.0,37.30822,120.13133
B111,3561,2,7,stop,10,13,10,1016370.0,37.30189,120.11197
B111,3561,2,7,stop,8,30,11,761860.0,37.36227,120.09557
B111,3561,2,7,stop,3,29,12,177059.0,37.36557,120.10249
B111,3561,2,7,stop,11,28,13,1378317.0,37.37575,120.10917
B111,3561,2,7,stop,24,27,14,3351908.0,37.37523,120.09928
B111,3561,2,7,stop,19,26,15,2877844.0,37.39506,120.03017
B111,3561,2,7,stop,29,25,16,4348740.0,37.39501,120.02901
B111,3561,2,7,stop,22,24,17,3285360.0,37.36474,120.01019
B111,3561,2,7,stop,4,23,18,378033.0,37.35854,119.98775
B111,3561,2,7,stop,14,22,19,1618744.0,37.30182,120.01982
B111,3561,2,7,stop,26,21,20,4105566.0,37.29233,120.01968
B111,3561,2,7,stop,16,17,21,2196089.0,37.29225,120.03342
B111,3561,2,7,stop,1,18,22,154022.0,37.29223,120.03345
B111,3561,2,7,stop,27,19,23,4219480.0,37.29218,120.03345
B111,3561,2,7,stop,21,20,24,3170970.0,37.29222,120.03358
B111,3561,2,7,stop,25,16,25,3422880.0,37.29239,120.03354
B111,3561,2,7,stop,6,15,26,567012.0,37.29347,120.03488
B111,3561,2,7,stop,20,14,27,2969817.0,37.29301,120.03575
B111,3561,2,7,stop,2,6,28,165175.0,37.22545,120.01437
B111,3561,2,7,stop,18,5,29,2847987.0,37.22363,120.01188
B111,3561,2,7,stop,28,4,30,4331321.0,37.22236,120.00027
B112,881,5,9,depot,0,0,0,,37.5462,121.3386
B112,881,5,9,stop,26,28,1,3954659.0,37.5964,121.42187
B112,881,5,9,stop,8,27,2,1232835.0,37.59772,121.41314
B112,881,5,9,stop,16,26,3,2472041.0,37.60143,121.40173
B112,881,5,9,stop,30,25,4,4300617.0,37.6032,121.39551
B112,881,5,9,stop,10,24,5,1369090.0,37.60565,121.39406
B112,881,5,9,stop,1,23,6,109751.0,37.60389,121.38971
B112,881,5,9,stop,24,19,7,3853543.0,37.6021,121.38549
B112,881,5,9,stop,2,20,8,164155.0,37.60087,121.38372
B112,881,5,9,stop,28,21,9,4213907.0,37.60276,121.38177
B112,881,5,9,stop,5,22,10,848744.0,37.60311,121.38166
B112,881,5,9,stop,9,17,11,1323162.0,37.60542,121.38288
B112,881,5,9,stop,17,16,12,2750478.0,37.60561,121.3834
B112,881,5,9,stop,13,18,13,2128600.0,37.6054,121.38515
B112,881,5,9,stop,19,15,14,3411092.0,37.60583,121.38328
B112,881,5,9,stop,14,14,15,2178537.0,37.60623,121.38282
B112,881,5,9,stop,3,13,16,447657.0,37.60629,121.38278
B112,881,5,9,stop,22,12,17,3736176.0,37.60593,121.37934
B112,881,5,9,stop,18,11,18,2872026.0,37.60385,121.37709
B112,881,5,9,stop,4,30,19,636138.0,37.61876,121.36706
B112,881,5,9,stop,6,29,20,867573.0,37.61803,121.36686
B112,881,5,9,stop,27,9,21,4199600.0,37.59795,121.37058
B112,881,5,9,stop,29,8,22,4278245.0,37.59557,121.37224
B112,881,5,9,stop,21,7,23,3731428.0,37.59483,121.37131
B112,881,5,9,stop,25,5,24,3882081.0,37.59301,121.37175
B112,881,5,9,stop,12,4,25,1832514.0,37.59351,121.37085
B112,881,5,9,stop,11,3,26,1431872.0,37.59352,121.37022
B112,881,5,9,stop,20,6,27,3451278.0,37.59431,121.3703
B112,881,5,9,stop,7,10,28,1004881.0,37.59435,121.36833
B112,881,5,9,stop,23,2,29,3792148.0,37.59233,121.36853
B112,881,5,9,stop,15,1,30,2226352.0,37.55806,121.32155
B113,1923,5,11,depot,0,0,0,,37.41117,121.38024
B113,1923,5,11,stop,9,19,1,2103784.0,37.43658,121.50596
B113,1923,5,11,stop,14,18,2,2527129.0,37.45394,121.47172
B113,1923,5,11,stop,1,13,3,216462.0,37.4494,121.45673
B113,1923,5,11,stop,11,14,4,2283450.0,37.44673,121.45679
B113,1923,5,11,stop,18,15,5,3170138.0,37.44591,121.45502
B113,1923,5,11,stop,12,12,6,2479000.0,37.44902,121.45227
B113,1923,5,11,stop,19,11,7,4366126.0,37.45068,121.45152
B113,1923,5,11,stop,13,10,8,2525570.0,37.45082,121.45175
B113,1923,5,11,stop,10,9,9,2142630.0,37.45145,121.45276
B113,1923,5,11,stop,15,16,10,2906956.0,37.45233,121.45446
B113,1923,5,11,stop,16,17,11,2956727.0,37.45301,121.45578
B113,1923,5,11,stop,6,6,12,1683286.0,37.45321,121.45192
B113,1923,5,11,stop,2,7,13,1073063.0,37.4534,121.45194
B113,1923,5,11,stop,3,8,14,1192582.0,37.45379,121.45046
B113,1923,5,11,stop,8,5,15,2089176.0,37.45239,121.45126
B113,1923,5,11,stop,4,4,16,1410251.0,37.45212,121.44972
B113,1923,5,11,stop,17,3,17,2976915.0,37.45113,121.44857
B113,1923,5,11,stop,7,2,18,1829481.0,37.44869,121.44731
B113,1923,5,11,stop,5,1,19,1547255.0,37.44781,121.44711
B114,846,5,9,depot,0,0,0,,37.38603,120.41493
B114,846,5,9,stop,10,1,1,1675340.0,37.37802,120.42191
B114,846,5,9,stop,17,2,2,2176466.0,37.36197,120.42169
B114,846,5,9,stop,13,5,3,1905182.0,37.35912,120.41848
B114,846,5,9,stop,16,6,4,2164896.0,37.359,120.41791
B114,846,5,9,stop,1,4,5,65408.0,37.35845,120.41894
B114,846,5,9,stop,19,3,6,2438390.0,37.35898,120.42099
B114,846,5,9,stop,29,22,7,4024364.0,37.36176,120.42673
B114,846,5,9,stop,23,21,8,3026377.0,37.36099,120.42786
B114,846,5,9,stop,2,23,9,113649.0,37.36116,120.4296
B114,846,5,9,stop,3,30,10,150057.0,37.3612,120.43471
B114,846,5,9,stop,24,27,11,3026903.0,37.35851,120.43371
B114,846,5,9,stop,7,28,12,1308955.0,37.35804,120.43441
B114,846,5,9,stop,8,29,13,1358552.0,37.35624,120.43281
B114,846,5,9,stop,11,26,14,1751947.0,37.35819,120.4331
B114,846,5,9,stop,20,25,15,2506951.0,37.35919,120.43219
B114,846,5,9,stop,27,24,16,3499992.0,37.35881,120.43079
B114,846,5,9,stop,6,20,17,1001983.0,37.35926,120.4285
B114,846,5,9,stop,12,19,18,1756278.0,37.35692,120.42792
B114,846,5,9,stop,18,18,19,2362602.0,37.35446,120.42941
B114,846,5,9,stop,14,17,20,1964171.0,37.35143,120.43245
B114,846,5,9,stop,4,16,21,252785.0,37.3513,120.42888
B114,846,5,9,stop,25,14,22,3153945.0,37.35276,120.42222
B114,846,5,9,stop,21,15,23,2827091.0,37.35304,120.42193
B114,846,5,9,stop,15,13,24,2136853.0,37.35109,120.42041
B114,846,5,9,stop,30,12,25,4093637.0,37.35014,120.4193
B114,846,5,9,stop,26,11,26,3397034.0,37.35012,120.41597
B114,846,5,9,stop,28,10,27,3694537.0,37.35025,120.41596
B114,846,5,9,stop,22,7,28,2890731.0,37.35792,120.4121
B114,846,5,9,stop,9,8,29,1674364.0,37.36361,120.41208
B114,846,5,9,stop,5,9,30,945635.0,37.36592,120.39837
B115,1808,6,9,depot,0,0,0,,37.55131,121.28267
B115,1808,6,9,stop,9,1,1,2295795.0,37.55683,121.25374
B115,1808,6,9,stop,12,18,2,2541061.0,37.5582,121.24279
B115,1808,6,9,stop,17,17,3,4156789.0,37.55742,121.24173
B115,1808,6,9,stop,13,16,4,2544762.0,37.54834,121.23972
B115,1808,6,9,stop,18,15,5,4306571.0,37.5453,121.2408
B115,1808,6,9,stop,14,10,6,2645851.0,37.54285,121.24234
B115,1808,6,9,stop,5,11,7,1647565.0,37.54393,121.2429
B115,1808,6,9,stop,15,12,8,3075398.0,37.54525,121.24312
B115,1808,6,9,stop,7,14,9,2092959.0,37.54679,121.24323
B115,1808,6,9,stop,1,13,10,633942.0,37.5464,121.24407
B115,1808,6,9,stop,6,5,11,1666774.0,37.54461,121.24603
B115,1808,6,9,stop,3,6,12,1179323.0,37.54296,121.24559
B115,1808,6,9,stop,4,7,13,1246320.0,37.54246,121.24535
B115,1808,6,9,stop,16,8,14,4055424.0,37.5417,121.24669
B115,1808,6,9,stop,2,9,15,896968.0,37.54092,121.24761
B115,1808,6,9,stop,10,4,16,2439429.0,37.54421,121.24828
B115,1808,6,9,stop,11,3,17,2451764.0,37.54839,121.25125
B115,1808,6,9,stop,8,2,18,2268688.0,37.54873,121.25199
B116,4241,4,8,depot,0,0,0,,37.15455,119.94965
B116,4241,4,8,stop,8,2,1,2912471.0,37.14373,119.89185
B116,4241,4,8,stop,6,1,2,1840215.0,37.15203,119.90115
B116,4241,4,8,stop,1,4,3,276895.0,37.21407,119.92267
B116,4241,4,8,stop,3,6,4,1005777.0,37.25638,119.93314
B116,4241,4,8,stop,12,8,5,3758992.0,37.37703,119.94455
B116,4241,4,8,stop,5,9,6,1580960.0,37.40117,119.95161
B116,4241,4,8,stop,9,10,7,3064887.0,37.4031,119.95275
B116,4241,4,8,stop,4,11,8,1569583.0,37.40485,119.95879
B116,4241,4,8,stop,10,12,9,3070305.0,37.4049,119.95879
B116,4241,4,8,stop,14,13,10,4468128.0,37.40499,119.96057
B116,4241,4,8,stop,7,14,11,2524977.0,37.39853,119.96045
B116,4241,4,8,stop,11,7,12,3175145.0,37.32996,119.95785
B116,4241,4,8,stop,13,5,13,4099420.0,37.22061,119.93697
B116,4241,4,8,stop,2,3,14,950466.0,37.19405,119.92994
B117,2136,4,17,depot,0,0,0,,37.55129,121.2826
B117,2136,4,17,stop,8,9,1,3423536.0,37.54123,121.24535
B117,2136,4,17,stop,9,3,2,4494092.0,37.54525,121.24399
B117,2136,4,17,stop,6,4,3,1318921.0,37.54476,121.24305
B117,2136,4,17,stop,4,5,4,887482.0,37.54544,121.24149
B117,2136,4,17,stop,3,7,5,835324.0,37.54464,121.24036
B117,2136,4,17,stop,5,8,6,1148763.0,37.54795,121.23936
B117,2136,4,17,stop,2,6,7,661890.0,37.54648,121.24172
B117,2136,4,17,stop,7,2,8,1602970.0,37.54658,121.2441
B117,2136,4,17,stop,1,1,9,638827.0,37.56263,121.2716
B118,4765,6,11,depot,0,0,0,,37.6318,120.52149
B118,4765,6,11,stop,30,2,1,4385340.0,37.62771,120.5209
B118,4765,6,11,stop,16,3,2,2370119.0,37.6217,120.51719
B118,4765,6,11,stop,11,4,3,1374098.0,37.62683,120.51215
B118,4765,6,11,stop,9,5,4,1122418.0,37.63067,120.50921
B118,4765,6,11,stop,7,6,5,925242.0,37.63026,120.50748
B118,4765,6,11,stop,25,7,6,3881416.0,37.62947,120.50655
B118,4765,6,11,stop,14,26,7,1886445.0,37.64731,120.50014
B118,4765,6,11,stop,3,27,8,173264.0,37.65456,120.50701
B118,4765,6,11,stop,17,29,9,2397408.0,37.66239,120.43556
B118,4765,6,11,stop,10,30,10,1247014.0,37.66238,120.43549
B118,4765,6,11,stop,22,28,11,3347129.0,37.64766,120.48334
B118,4765,6,11,stop,23,9,12,3560150.0,37.62861,120.50217
B118,4765,6,11,stop,1,8,13,155188.0,37.62711,120.50381
B118,4765,6,11,stop,29,10,14,4341516.0,37.61788,120.50515
B118,4765,6,11,stop,19,11,15,2823922.0,37.60531,120.50755
B118,4765,6,11,stop,24,12,16,3672278.0,37.60535,120.50821
B118,4765,6,11,stop,26,13,17,3921925.0,37.60244,120.51741
B118,4765,6,11,stop,4,14,18,605948.0,37.60261,120.5189
B118,4765,6,11,stop,2,15,19,172855.0,37.60289,120.51915
B118,4765,6,11,stop,20,16,20,3000974.0,37.60585,120.51908
B118,4765,6,11,stop,15,17,21,2109556.0,37.60807,120.52016
B118,4765,6,11,stop,12,25,22,1458804.0,37.60371,120.53122
B118,4765,6,11,stop,13,18,23,1543778.0,37.61547,120.5252
B118,4765,6,11,stop,5,24,24,682914.0,37.61883,120.54273
B118,4765,6,11,stop,21,19,25,3326973.0,37.62702,120.53109
B118,4765,6,11,stop,28,21,26,4191585.0,37.628,120.53066
B118,4765,6,11,stop,6,20,27,877485.0,37.628,120.53079
B118,4765,6,11,stop,8,22,28,985642.0,37.62811,120.53079
B118,4765,6,11,stop,18,23,29,2740575.0,37.6323,120.52797
B118,4765,6,11,stop,27,1,30,4171926.0,37.63185,120.52166
B119,2519,3,10,depot,0,0,0,,37.78731,120.85518
B119,2519,3,10,stop,24,1,1,3020060.0,37.78617,120.87215
B119,2519,3,10,stop,14,2,2,1762731.0,37.79187,120.87508
B119,2519,3,10,stop,9,29,3,861484.0,37.77203,120.92192
B119,2519,3,10,stop,28,30,4,3958000.0,37.79408,120.92981
B119,2519,3,10,stop,15,5,5,1779191.0,37.81882,120.87599
B119,2519,3,10,stop,5,4,6,545230.0,37.81579,120.87585
B119,2519,3,10,stop,22,3,7,2913979.0,37.80287,120.87426
B119,2519,3,10,stop,1,6,8,75560.0,37.80283,120.84519
B119,2519,3,10,stop,26,7,9,3335010.0,37.79934,120.84223
B119,2519,3,10,stop,6,10,10,573043.0,37.80451,120.83926
B119,2519,3,10,stop,2,8,11,282428.0,37.80038,120.8353
B119,2519,3,10,stop,7,9,12,765058.0,37.79726,120.8339
B119,2519,3,10,stop,18,13,13,1959488.0,37.7935,120.80037
B119,2519,3,10,stop,27,11,14,3772251.0,37.79901,120.7989
B119,2519,3,10,stop,8,12,15,768910.0,37.79854,120.79729
B119,2519,3,10,stop,12,20,16,1396852.0,37.80407,120.78924
B119,2519,3,10,stop,30,19,17,4308981.0,37.80344,120.78891
B119,2519,3,10,stop,11,17,18,1052159.0,37.80081,120.78783
B119,2519,3,10,stop,20,18,19,2109667.0,37.80224,120.78666
B119,2519,3,10,stop,23,21,20,3009468.0,37.80034,120.77358
B119,2519,3,10,stop,10,25,21,949061.0,37.80169,120.76645
B119,2519,3,10,stop,17,26,22,1916320.0,37.80005,120.75549
B119,2519,3,10,stop,29,24,23,4298185.0,37.799,120.76709
B119,2519,3,10,stop,13,22,24,1699804.0,37.79763,120.76886
B119,2519,3,10,stop,25,23,25,3248666.0,37.7957,120.769
B119,2519,3,10,stop,19,16,26,2057090.0,37.79242,120.79488
B119,2519,3,10,stop,4,14,27,444687.0,37.79157,120.79608
B119,2519,3,10,stop,21,15,28,2761508.0,37.79141,120.79609
B119,2519,3,10,stop,3,27,29,296371.0,37.77721,120.80222
B119,2519,3,10,stop,16,28,30,1806054.0,37.76671,120.82838
B120,1630,0,10,depot,0,0,0,,37.4111,121.380205
B120,1630,0,10,stop,22,1,1,2579613.0,37.4486,121.44682
B120,1630,0,10,stop,27,2,2,3618683.0,37.45069,121.44738
B120,1630,0,10,stop,18,18,3,1834331.0,37.449,121.45031
B120,1630,0,10,stop,9,3,4,948249.0,37.45099,121.45087
B120,1630,0,10,stop,10,4,5,1185457.0,37.4525,121.4506
B120,1630,0,10,stop,8,5,6,771611.0,37.45205,121.45265
B120,1630,0,10,stop,24,6,7,3382572.0,37.45326,121.45389
B120,1630,0,10,stop,25,7,8,3516016.0,37.45348,121.45455
B120,1630,0,10,stop,3,8,9,527781.0,37.45337,121.45614
B120,1630,0,10,stop,5,9,10,719722.0,37.45273,121.45591
B120,1630,0,10,stop,11,10,11,1234500.0,37.45232,121.45588
B120,1630,0,10,stop,23,11,12,3326160.0,37.45216,121.4554
B120,1630,0,10,stop,1,12,13,192555.0,37.45182,121.45628
B120,1630,0,10,stop,19,13,14,2144957.0,37.45132,121.45557
B120,1630,0,10,stop,21,16,15,2561257.0,37.44871,121.45426
B120,1630,0,10,stop,17,14,16,1793961.0,37.44899,121.45399
B120,1630,0,10,stop,7,15,17,753082.0,37.44897,121.45385
B120,1630,0,10,stop,26,17,18,3546892.0,37.44851,121.45262
B120,1630,0,10,stop,14,19,19,1588120.0,37.44596,121.45367
B120,1630,0,10,stop,28,20,20,3758172.0,37.44593,121.45462
B120,1630,0,10,stop,30,21,21,4351317.0,37.4466,121.45497
B120,1630,0,10,stop,2,22,22,483628.0,37.44623,121.45653
B120,1630,0,10,stop,13,23,23,1559345.0,37.44776,121.45747
B120,1630,0,10,stop,29,24,24,3903213.0,37.44403,121.46045
B120,1630,0,10,stop,6,25,25,739975.0,37.4434,121.46141
B120,1630,0,10,stop,20,26,26,2236866.0,37.44275,121.45957
B120,1630,0,10,stop,4,27,27,544759.0,37.44351,121.45914
B120,1630,0,10,stop,15,28,28,1620935.0,37.44108,121.45591
B120,1630,0,10,stop,16,30,29,1659188.0,37.44307,121.4526
B120,1630,0,10,stop,12,29,30,1254174.0,37.44235,121.45252
B121,2760,2,10,depot,0,0,0,,37.55129,121.28264
B121,2760,2,10,stop,8,1,1,499167.0,37.55885,121.24018
B121,2760,2,10,stop,11,2,2,794995.0,37.56382,121.21911
B121,2760,2,10,stop,4,3,3,218697.0,37.56603,121.21175
B121,2760,2,10,stop,13,28,4,1029658.0,37.5651,121.19241
B121,2760,2,10,stop,27,29,5,4014071.0,37.56494,121.19259
B121,2760,2,10,stop,18,4,6,2092564.0,37.55798,121.19575
B121,2760,2,10,stop,23,5,7,3852175.0,37.55691,121.19564
B121,2760,2,10,stop,2,18,8,182595.0,37.55389,121.18957
B121,2760,2,10,stop,22,6,9,3005972.0,37.55382,121.18968
B121,2760,2,10,stop,24,7,10,3863154.0,37.5538,121.18969
B121,2760,2,10,stop,25,8,11,3915439.0,37.55376,121.18967
B121,2760,2,10,stop,12,9,12,853320.0,37.55376,121.1896
B121,2760,2,10,stop,1,10,13,16648.0,37.55369,121.18963
B121,2760,2,10,stop,15,11,14,1250752.0,37.55366,121.18958
B121,2760,2,10,stop,20,12,15,2739468.0,37.55362,121.18954
B121,2760,2,10,stop,5,16,16,274777.0,37.55356,121.18949
B121,2760,2,10,stop,6,15,17,307758.0,37.5536,121.18943
B121,2760,2,10,stop,9,14,18,635999.0,37.55365,121.18946
B121,2760,2,10,stop,19,13,19,2495954.0,37.55366,121.1895
B121,2760,2,10,stop,3,17,20,206278.0,37.55377,121.18946
B121,2760,2,10,stop,28,27,21,4055586.0,37.55565,121.17531
B121,2760,2,10,stop,10,26,22,733184.0,37.55468,121.17776
B121,2760,2,10,stop,14,19,23,1154149.0,37.54953,121.19167
B121,2760,2,10,stop,30,20,24,4260946.0,37.54896,121.19141
B121,2760,2,10,stop,7,21,25,351979.0,37.54796,121.19268
B121,2760,2,10,stop,26,23,26,3969657.0,37.54932,121.19401
B121,2760,2,10,stop,17,22,27,1873491.0,37.54772,121.19472
B121,2760,2,10,stop,16,24,28,1609829.0,37.54562,121.1943
B121,2760,2,10,stop,29,25,29,4079657.0,37.54528,121.19445
B121,2760,2,10,stop,21,30,30,2997223.0,37.54591,121.21666
B122,3533,0,9,depot,0,0,0,,37.523,121.3816
B122,3533,0,9,stop,11,2,1,3687024.0,37.52249,121.382
B122,3533,0,9,stop,6,1,2,2965604.0,37.52242,121.38157
B122,3533,0,9,stop,3,5,3,1115282.0,37.52193,121.38099
B122,3533,0,9,stop,13,4,4,4042082.0,37.52185,121.38112
B122,3533,0,9,stop,9,3,5,3571229.0,37.52181,121.38198
B122,3533,0,9,stop,8,6,6,3346092.0,37.52168,121.38354
B122,3533,0,9,stop,1,7,7,32700.0,37.52199,121.38408
B122,3533,0,9,stop,4,15,8,1278362.0,37.52175,121.39332
B122,3533,0,9,stop,5,14,9,1643092.0,37.5264,121.38559
B122,3533,0,9,stop,2,13,10,953817.0,37.52525,121.38309
B122,3533,0,9,stop,10,12,11,3610319.0,37.52475,121.38283
B122,3533,0,9,stop,7,11,12,3060257.0,37.52465,121.3824
B122,3533,0,9,stop,15,8,13,4456040.0,37.52364,121.38362
B122,3533,0,9,stop,12,9,14,4013850.0,37.52371,121.38273
B122,3533,0,9,stop,14,10,15,4455900.0,37.52378,121.38244
B123,1514,4,14,depot,0,0,0,,37.41104,121.38059
B123,1514,4,14,stop,5,1,1,1531380.0,37.45214,121.43117
B123,1514,4,14,stop,9,2,2,3806973.0,37.47701,121.42296
B123,1514,4,14,stop,2,3,3,448209.0,37.47911,121.41619
B123,1514,4,14,stop,1,4,4,61641.0,37.47929,121.41603
B123,1514,4,14,stop,6,5,5,1696669.0,37.47632,121.41315
B123,1514,4,14,stop,3,10,6,480460.0,37.48515,121.40673
B123,1514,4,14,stop,10,9,7,4303188.0,37.48231,121.40608
B123,1514,4,14,stop,4,6,8,1041610.0,37.4773,121.40324
B123,1514,4,14,stop,11,7,9,4496092.0,37.47605,121.40291
B123,1514,4,14,stop,7,8,10,1934015.0,37.47601,121.40302
B123,1514,4,14,stop,8,11,11,3691215.0,37.4688,121.3978
B124,3680,1,12,depot,0,0,0,,37.5428,121.3671
B124,3680,1,12,stop,9,1,1,4078985.0,37.54252,121.36722
B124,3680,1,12,stop,6,3,2,3506142.0,37.53996,121.37414
B124,3680,1,12,stop,8,4,3,3738975.0,37.53981,121.37423
B124,3680,1,12,stop,4,5,4,2293379.0,37.53972,121.37578
B124,3680,1,12,stop,7,6,5,3644066.0,37.53547,121.37114
B124,3680,1,12,stop,2,7,6,432718.0,37.53302,121.37298
B124,3680,1,12,stop,5,8,7,3352592.0,37.40843,121.37134
B124,3680,1,12,stop,1,9,8,112496.0,37.40757,121.35712
B124,3680,1,12,stop,3,2,9,1054351.0,37.54156,121.36504
B125,1808,3,11,depot,0,0,0,,37.55131,121.28267
B125,1808,3,11,stop,9,1,1,1555701.0,37.56402,121.27586
B125,1808,3,11,stop,7,2,2,808490.0,37.55245,121.25159
B125,1808,3,11,stop,10,3,3,1668854.0,37.55431,121.24874
B125,1808,3,11,stop,15,4,4,2173148.0,37.55458,121.24869
B125,1808,3,11,stop,29,5,5,4434507.0,37.55592,121.24856
B125,1808,3,11,stop,23,8,6,2895908.0,37.55614,121.24025
B125,1808,3,11,stop,16,7,7,2284470.0,37.55265,121.24293
B125,1808,3,11,stop,26,6,8,3310436.0,37.55188,121.24461
B125,1808,3,11,stop,8,9,9,838671.0,37.54993,121.24777
B125,1808,3,11,stop,25,29,10,3239407.0,37.54685,121.24284
B125,1808,3,11,stop,21,28,11,2671413.0,37.5464,121.24373
B125,1808,3,11,stop,13,27,12,1909817.0,37.54618,121.24375
B125,1808,3,11,stop,20,30,13,2605512.0,37.54548,121.24391
B125,1808,3,11,stop,6,26,14,614718.0,37.54603,121.24298
B125,1808,3,11,stop,2,24,15,320330.0,37.54445,121.24098
B125,1808,3,11,stop,18,23,16,2534333.0,37.54442,121.24097
B125,1808,3,11,stop,17,25,17,2380495.0,37.54431,121.24056
B125,1808,3,11,stop,1,22,18,108327.0,37.54099,121.24316
B125,1808,3,11,stop,24,21,19,3238031.0,37.54155,121.24352
B125,1808,3,11,stop,30,20,20,4453979.0,37.54161,121.24365
B125,1808,3,11,stop,22,19,21,2726549.0,37.54312,121.24434
B125,1808,3,11,stop,28,18,22,4380164.0,37.54354,121.24492
B125,1808,3,11,stop,11,17,23,1747153.0,37.54343,121.24502
B125,1808,3,11,stop,14,16,24,2048304.0,37.54426,121.24726
B125,1808,3,11,stop,12,15,25,1796255.0,37.54432,121.24735
B125,1808,3,11,stop,27,13,26,4157692.0,37.54634,121.25055
B125,1808,3,11,stop,19,12,27,2560668.0,37.54655,121.25108
B125,1808,3,11,stop,3,14,28,330706.0,37.5468,121.25055
B125,1808,3,11,stop,5,10,29,563683.0,37.54833,121.25059
B125,1808,3,11,stop,4,11,30,554493.0,37.54746,121.25209
B126,3561,3,9,depot,0,0,0,,37.1542,119.94949
B126,3561,3,9,stop,4,1,1,163156.0,37.18065,119.9861
B126,3561,3,9,stop,22,2,2,2129106.0,37.18271,119.98905
B126,3561,3,9,stop,10,28,3,508632.0,37.23292,120.16827
B126,3561,3,9,stop,9,29,4,403422.0,37.24441,120.21027
B126,3561,3,9,stop,1,30,5,18367.0,37.24435,120.22185
B126,3561,3,9,stop,27,27,6,3368234.0,37.26517,120.16009
B126,3561,3,9,stop,12,16,7,983708.0,37.30947,120.08838
B126,3561,3,9,stop,26,17,8,2911793.0,37.32223,120.09717
B126,3561,3,9,stop,24,19,9,2448167.0,37.36263,120.07912
B126,3561,3,9,stop,28,18,10,3504786.0,37.36221,120.0874
B126,3561,3,9,stop,21,20,11,2111646.0,37.3681,120.10023
B126,3561,3,9,stop,3,22,12,83183.0,37.36457,120.10503
B126,3561,3,9,stop,19,21,13,1914447.0,37.3655,120.10488
B126,3561,3,9,stop,7,23,14,251365.0,37.38429,120.11214
B126,3561,3,9,stop,30,24,15,3670905.0,37.40095,120.07451
B126,3561,3,9,stop,5,25,16,176806.0,37.35915,120.00211
B126,3561,3,9,stop,2,26,17,22867.0,37.35582,120.00126
B126,3561,3,9,stop,6,12,18,249912.0,37.29304,120.03564
B126,3561,3,9,stop,16,13,19,1550547.0,37.29299,120.03578
B126,3561,3,9,stop,20,14,20,2104925.0,37.29294,120.03576
B126,3561,3,9,stop,11,15,21,571063.0,37.29213,120.03672
B126,3561,3,9,stop,17,11,22,1821610.0,37.2923,120.0336
B126,3561,3,9,stop,14,10,23,1292896.0,37.29216,120.03359
B126,3561,3,9,stop,25,9,24,2852117.0,37.29216,120.03347
B126,3561,3,9,stop,29,8,25,3611529.0,37.28377,120.02648
B126,3561,3,9,stop,18,7,26,1829609.0,37.22216,120.00874
B126,3561,3,9,stop,8,6,27,294321.0,37.22232,120.00191
B126,3561,3,9,stop,15,5,28,1518591.0,37.22239,119.99991
B126,3561,3,9,stop,23,4,29,2380348.0,37.22242,119.99753
B126,3561,3,9,stop,13,3,30,1128189.0,37.22237,119.99552
B127,1707,0,11,depot,0,0,0,,37.3916,121.5809
B127,1707,0,11,stop,1,1,1,118713.0,37.3923,121.58037
B127,1707,0,11,stop,22,2,2,3604858.0,37.39946,121.5943
B127,1707,0,11,stop,3,4,3,308953.0,37.39948,121.5943
B127,1707,0,11,stop,23,3,4,3610320.0,37.39947,121.59432
B127,1707,0,11,stop,17,5,5,3009429.0,37.40231,121.59822
B127,1707,0,11,stop,9,6,6,1690988.0,37.40322,121.59794
B127,1707,0,11,stop,8,22,7,1231003.0,37.41574,121.59906
B127,1707,0,11,stop,4,21,8,376551.0,37.41342,121.60654
B127,1707,0,11,stop,13,19,9,2115811.0,37.41292,121.61074
B127,1707,0,11,stop,10,18,10,1699689.0,37.41282,121.61073
B127,1707,0,11,stop,7,20,11,1214160.0,37.4128,121.61089
B127,1707,0,11,stop,18,17,12,3186712.0,37.4091,121.60833
B127,1707,0,11,stop,24,7,13,3999874.0,37.39997,121.60489
B127,1707,0,11,stop,21,8,14,3592531.0,37.40023,121.60546
B127,1707,0,11,stop,14,9,15,2203260.0,37.40012,121.60663
B127,1707,0,11,stop,20,10,16,3369797.0,37.40013,121.60681
B127,1707,0,11,stop,12,11,17,1965293.0,37.4007,121.60742
B127,1707,0,11,stop,2,12,18,229694.0,37.39976,121.6104
B127,1707,0,11,stop,19,13,19,3312479.0,37.40148,121.61164
B127,1707,0,11,stop,16,14,20,2768170.0,37.40156,121.61248
B127,1707,0,11,stop,5,15,21,955131.0,37.40248,121.61318
B127,1707,0,11,stop,11,16,22,1769877.0,37.40082,121.61561
B127,1707,0,11,stop,6,23,23,1200863.0,37.3906,121.61224
B127,1707,0,11,stop,15,24,24,2616966.0,37.37864,121.59791
B128,2388,6,18,depot,0,0,0,,37.38602,120.41497
B128,2388,6,18,stop,28,1,1,4361292.0,37.37052,120.40146
B128,2388,6,18,stop,16,28,2,2360498.0,37.36042,120.4006
B128,2388,6,18,stop,14,27,3,2337647.0,37.36126,120.39776
B128,2388,6,18,stop,18,26,4,3440306.0,37.35885,120.39744
B128,2388,6,18,stop,2,25,5,132701.0,37.35847,120.39267
B128,2388,6,18,stop,25,20,6,3996028.0,37.35958,120.39175
B128,2388,6,18,stop,8,19,7,952494.0,37.35989,120.39153
B128,2388,6,18,stop,1,24,8,33012.0,37.36116,120.39332
B128,2388,6,18,stop,20,23,9,3492040.0,37.36113,120.39267
B128,2388,6,18,stop,10,22,10,1744740.0,37.36101,120.39245
B128,2388,6,18,stop,17,21,11,2926392.0,37.3604,120.39161
B128,2388,6,18,stop,24,18,12,3805590.0,37.36013,120.39078
B128,2388,6,18,stop,22,17,13,3627203.0,37.36004,120.39011
B128,2388,6,18,stop,29,16,14,4386808.0,37.35929,120.38926
B128,2388,6,18,stop,11,15,15,1746325.0,37.35899,120.39044
B128,2388,6,18,stop,9,14,16,966924.0,37.35798,120.38976
B128,2388,6,18,stop,26,13,17,4136346.0,37.35711,120.39048
B128,2388,6,18,stop,13,12,18,2071448.0,37.35568,120.38728
B128,2388,6,18,stop,12,11,19,1944277.0,37.35329,120.38776
B128,2388,6,18,stop,3,10,20,158037.0,37.35151,120.38821
B128,2388,6,18,stop,21,9,21,3572339.0,37.35035,120.39229
B128,2388,6,18,stop,23,29,22,3668632.0,37.35423,120.39269
B128,2388,6,18,stop,5,7,23,390062.0,37.35259,120.4002
B128,2388,6,18,stop,19,8,24,3456027.0,37.35083,120.40275
B128,2388,6,18,stop,7,6,25,600803.0,37.35523,120.40469
B128,2388,6,18,stop,15,5,26,2349251.0,37.35525,120.40505
B128,2388,6,18,stop,27,4,27,4165505.0,37.35712,120.40555
B128,2388,6,18,stop,6,3,28,498811.0,37.35997,120.40505
B128,2388,6,18,stop,4,2,29,181322.0,37.36149,120.40597
B129,1693,3,8,depot,0,0,0,,37.41111,121.38018
B129,1693,3,8,stop,25,1,1,3816741.0,37.45283,121.3989
B129,1693,3,8,stop,26,8,2,3823127.0,37.47005,121.39728
B129,1693,3,8,stop,10,7,3,1743453.0,37.47026,121.39719
B129,1693,3,8,stop,1,6,4,531210.0,37.48404,121.40816
B129,1693,3,8,stop,6,5,5,915329.0,37.47862,121.42283
B129,1693,3,8,stop,29,4,6,4245696.0,37.47655,121.42284
B129,1693,3,8,stop,30,3,7,4494741.0,37.46816,121.42041
B129,1693,3,8,stop,28,2,8,3909040.0,37.45511,121.41719
B129,1693,3,8,stop,23,9,9,3630970.0,37.45726,121.4367
B129,1693,3,8,stop,22,11,10,3549267.0,37.45573,121.43612
B129,1693,3,8,stop,7,10,11,966083.0,37.45577,121.43693
B129,1693,3,8,stop,19,12,12,2948367.0,37.4476,121.44166
B129,1693,3,8,stop,12,13,13,2182142.0,37.44649,121.44105
B129,1693,3,8,stop,13,29,14,2272941.0,37.44972,121.47232
B129,1693,3,8,stop,8,30,15,990378.0,37.44857,121.47883
B129,1693,3,8,stop,24,26,16,3787683.0,37.43388,121.45825
B129,1693,3,8,stop,5,24,17,793943.0,37.4324,121.45781
B129,1693,3,8,stop,14,25,18,2285394.0,37.43159,121.45774
B129,1693,3,8,stop,2,28,19,535591.0,37.42797,121.45699
B129,1693,3,8,stop,20,27,20,3218571.0,37.42856,121.45667
B129,1693,3,8,stop,18,14,21,2557685.0,37.44255,121.44048
B129,1693,3,8,stop,16,15,22,2388765.0,37.44278,121.43731
B129,1693,3,8,stop,17,16,23,2520026.0,37.44232,121.43126
B129,1693,3,8,stop,11,17,24,2072374.0,37.44161,121.42763
B129,1693,3,8,stop,9,21,25,1437184.0,37.44172,121.42586
B129,1693,3,8,stop,3,22,26,655092.0,37.44214,121.425
B129,1693,3,8,stop,15,20,27,2378553.0,37.44062,121.4253
B129,1693,3,8,stop,27,18,28,3875791.0,37.44101,121.42766
B129,1693,3,8,stop,4,19,29,727287.0,37.44002,121.42824
B129,1693,3,8,stop,21,23,30,3429018.0,37.43681,121.43067
B130,3680,6,11,depot,0,0,0,,37.5428,121.3671
B130,3680,6,11,stop,4,1,1,457749.0,37.54257,121.36724
B130,3680,6,11,stop,1,10,2,22788.0,37.54204,121.37398
B130,3680,6,11,stop,8,9,3,2345678.0,37.54045,121.37334
B130,3680,6,11,stop,2,7,4,77857.0,37.53337,121.37244
B130,3680,6,11,stop,9,8,5,2699606.0,37.53099,121.37279
B130,3680,6,11,stop,5,6,6,772337.0,37.53388,121.37171
B130,3680,6,11,stop,7,5,7,1864628.0,37.53408,121.37158
B130,3680,6,11,stop,6,3,8,1477593.0,37.53874,121.36661
B130,3680,6,11,stop,3,4,9,440347.0,37.53782,121.36131
B130,3680,6,11,stop,10,2,10,3596680.0,37.54221,121.36426
B131,846,3,10,depot,0,0,0,,37.38603,120.41493
B131,846,3,10,stop,29,1,1,4294438.0,37.3627,120.42027
B131,846,3,10,stop,21,2,2,3274543.0,37.35866,120.42018
B131,846,3,10,stop,26,3,3,3967020.0,37.35611,120.42174
B131,846,3,10,stop,10,4,4,1390086.0,37.35487,120.42125
B131,846,3,10,stop,12,5,5,1900588.0,37.35228,120.41964
B131,846,3,10,stop,22,12,6,3276789.0,37.35177,120.41779
B131,846,3,10,stop,14,13,7,1969031.0,37.35281,120.41469
B131,846,3,10,stop,4,14,8,552772.0,37.3532,120.41225
B131,846,3,10,stop,7,15,9,1069658.0,37.34898,120.41306
B131,846,3,10,stop,19,11,10,3194049.0,37.34989,120.41781
B131,846,3,10,stop,2,7,11,345774.0,37.35101,120.42007
B131,846,3,10,stop,18,6,12,3193271.0,37.35123,120.42024
B131,846,3,10,stop,23,9,13,3499267.0,37.35185,120.42202
B131,846,3,10,stop,1,8,14,320702.0,37.3513,120.42182
B131,846,3,10,stop,17,10,15,2737523.0,37.35081,120.42256
B131,846,3,10,stop,5,16,16,654859.0,37.35185,120.42831
B131,846,3,10,stop,28,17,17,4100166.0,37.35293,120.42957
B131,846,3,10,stop,16,18,18,2361456.0,37.35627,120.42752
B131,846,3,10,stop,24,19,19,3579589.0,37.35888,120.42731
B131,846,3,10,stop,13,30,20,1925123.0,37.3578,120.43189
B131,846,3,10,stop,8,29,21,1231216.0,37.35627,120.4328
B131,846,3,10,stop,25,28,22,3621481.0,37.35592,120.43378
B131,846,3,10,stop,20,27,23,3248209.0,37.35662,120.43391
B131,846,3,10,stop,15,26,24,2057850.0,37.35836,120.4344
B131,846,3,10,stop,30,25,25,4476446.0,37.35909,120.43505
B131,846,3,10,stop,6,24,26,913770.0,37.35943,120.43399
B131,846,3,10,stop,11,23,27,1825188.0,37.36041,120.4346
B131,846,3,10,stop,3,22,28,453002.0,37.36157,120.4328
B131,846,3,10,stop,9,20,29,1306081.0,37.36083,120.43117
B131,846,3,10,stop,27,21,30,3993630.0,37.36212,120.43145
B132,616,4,10,depot,0,0,0,,36.95737,120.65856
B132,616,4,10,stop,16,1,1,3634913.0,36.9663,120.69087
B132,616,4,10,stop,4,2,2,791913.0,36.96463,120.6967
B132,616,4,10,stop,19,3,3,4154221.0,36.96267,120.70053
B132,616,4,10,stop,20,4,4,4391251.0,36.96231,120.70511
B132,616,4,10,stop,1,5,5,29476.0,36.96303,120.70791
B132,616,4,10,stop,8,6,6,1947794.0,36.96298,120.70976
B132,616,4,10,stop,2,7,7,523053.0,36.96189,120.71074
B132,616,4,10,stop,15,8,8,3324462.0,36.9646,120.71194
B132,616,4,10,stop,14,9,9,2938117.0,36.96718,120.71101
B132,616,4,10,stop,7,20,10,1687533.0,36.9952,120.71235
B132,616,4,10,stop,13,19,11,2875781.0,36.99494,120.71255
B132,616,4,10,stop,5,18,12,1116816.0,36.98753,120.71395
B132,616,4,10,stop,3,10,13,779696.0,36.96544,120.7174
B132,616,4,10,stop,18,11,14,3803297.0,36.96536,120.71743
B132,616,4,10,stop,6,12,15,1228193.0,36.95963,120.71557
B132,616,4,10,stop,9,13,16,2242214.0,36.95958,120.71547
B132,616,4,10,stop,12,16,17,2800635.0,36.95766,120.71774
B132,616,4,10,stop,10,15,18,2359729.0,36.95751,120.71398
B132,616,4,10,stop,17,14,19,3767109.0,36.95779,120.71368
B132,616,4,10,stop,11,17,20,2369205.0,36.95425,120.70128
B133,400,3,10,depot,0,0,0,,37.787315,120.85514
B133,400,3,10,stop,1,1,1,375035.0,37.79279,120.85148
B133,400,3,10,stop,5,10,2,2965900.0,37.81688,120.87586
B133,400,3,10,stop,4,2,3,2625806.0,37.80375,120.84508
B133,400,3,10,stop,7,3,4,3268601.0,37.80089,120.83546
B133,400,3,10,stop,3,9,5,1957486.0,37.8071,120.75267
B133,400,3,10,stop,10,8,6,4346584.0,37.80695,120.7526
B133,400,3,10,stop,2,6,7,405616.0,37.78256,120.80416
B133,400,3,10,stop,9,4,8,4059225.0,37.78629,120.81348
B133,400,3,10,stop,8,5,9,3558784.0,37.78612,120.81342
B133,400,3,10,stop,6,7,10,3125357.0,37.77618,120.81431
B134,2880,6,12,depot,0,0,0,,37.5428,121.3671
B134,2880,6,12,stop,5,8,1,2908440.0,37.44673,121.39986
B134,2880,6,12,stop,6,2,2,3362719.0,37.53776,121.35922
B134,2880,6,12,stop,8,4,3,4311314.0,37.53862,121.35711
B134,2880,6,12,stop,1,3,4,236541.0,37.53847,121.35712
B134,2880,6,12,stop,2,5,5,387391.0,37.53793,121.35627
B134,2880,6,12,stop,4,6,6,2526976.0,37.53877,121.35557
B134,2880,6,12,stop,3,1,7,2328844.0,37.5422,121.36085
B134,2880,6,12,stop,7,7,8,3399334.0,37.5514,121.36786
B135,3478,5,12,depot,0,0,0,,37.41113,121.38035
B135,3478,5,12,stop,7,1,1,701764.0,37.4836,121.42719
B135,3478,5,12,stop,1,2,2,116432.0,37.48832,121.42921
B135,3478,5,12,stop,20,3,3,3624063.0,37.48982,121.42781
B135,3478,5,12,stop,16,4,4,3137027.0,37.49031,121.42562
B135,3478,5,12,stop,21,5,5,3817382.0,37.4911,121.42333
B135,3478,5,12,stop,18,6,6,3503021.0,37.49207,121.42408
B135,3478,5,12,stop,8,7,7,1291073.0,37.49277,121.42291
B135,3478,5,12,stop,15,8,8,3109921.0,37.49353,121.42287
B135,3478,5,12,stop,13,9,9,2767223.0,37.50169,121.4337
B135,3478,5,12,stop,22,10,10,3959466.0,37.50189,121.43387
B135,3478,5,12,stop,19,11,11,3546104.0,37.50456,121.43948
B135,3478,5,12,stop,4,12,12,642462.0,37.50611,121.44367
B135,3478,5,12,stop,5,13,13,654712.0,37.50735,121.4427
B135,3478,5,12,stop,3,14,14,433088.0,37.50864,121.44086
B135,3478,5,12,stop,14,15,15,3095855.0,37.51509,121.43892
B135,3478,5,12,stop,9,16,16,1299171.0,37.51531,121.44332
B135,3478,5,12,stop,12,17,17,2611127.0,37.51756,121.44397
B135,3478,5,12,stop,6,18,18,685896.0,37.51719,121.44658
B135,3478,5,12,stop,17,19,19,3198020.0,37.51736,121.44797
B135,3478,5,12,stop,2,20,20,332999.0,37.51865,121.45209
B135,3478,5,12,stop,11,21,21,1861295.0,37.50007,121.44837
B135,3478,5,12,stop,10,22,22,1567731.0,37.49534,121.44779
B136,160,2,9,depot,0,0,0,,37.2933,120.82409
B136,160,2,9,stop,6,1,1,1565165.0,37.2934,120.82411
B136,160,2,9,stop,13,12,2,3559666.0,37.30157,120.82214
B136,160,2,9,stop,15,13,3,4074996.0,37.30294,120.81807
B136,160,2,9,stop,8,14,4,2183783.0,37.30409,120.81452
B136,160,2,9,stop,10,15,5,2372335.0,37.30814,120.80305
B136,160,2,9,stop,5,8,6,1498120.0,37.2755,120.81056
B136,160,2,9,stop,11,10,7,2845164.0,37.26821,120.80588
B136,160,2,9,stop,3,11,8,1199765.0,37.25501,120.80094
B136,160,2,9,stop,1,9,9,1003325.0,37.27306,120.81258
B136,160,2,9,stop,14,7,10,3816807.0,37.28243,120.81661
B136,160,2,9,stop,4,6,11,1383604.0,37.28582,120.81888
B136,160,2,9,stop,12,5,12,3476987.0,37.28745,120.81866
B136,160,2,9,stop,7,4,13,1910261.0,37.28779,120.81882
B136,160,2,9,stop,9,3,14,2336734.0,37.28861,120.82061
B136,160,2,9,stop,2,2,15,1134501.0,37.28946,120.82112
B137,2497,1,10,depot,0,0,0,,37.55126,121.28266
B137,2497,1,10,stop,7,1,1,1123914.0,37.51208,121.32422
B137,2497,1,10,stop,26,2,2,3814706.0,37.55297,121.21066
B137,2497,1,10,stop,21,3,3,3093349.0,37.55598,121.20765
B137,2497,1,10,stop,29,13,4,4066703.0,37.55529,121.17791
B137,2497,1,10,stop,10,12,5,1440316.0,37.55606,121.17775
B137,2497,1,10,stop,19,11,6,2841794.0,37.55609,121.17776
B137,2497,1,10,stop,11,14,7,1456234.0,37.55546,121.17521
B137,2497,1,10,stop,3,17,8,914352.0,37.56301,121.17322
B137,2497,1,10,stop,23,16,9,3535529.0,37.56301,121.17221
B137,2497,1,10,stop,20,15,10,2918251.0,37.56147,121.17161
B137,2497,1,10,stop,12,18,11,1539161.0,37.56093,121.16925
B137,2497,1,10,stop,15,28,12,2043976.0,37.5568,121.15034
B137,2497,1,10,stop,30,27,13,4512985.0,37.5623,121.13959
B137,2497,1,10,stop,22,29,14,3244137.0,37.55463,121.09503
B137,2497,1,10,stop,18,30,15,2483468.0,37.55212,121.0757
B137,2497,1,10,stop,16,26,16,2080779.0,37.57493,121.12845
B137,2497,1,10,stop,14,25,17,1943349.0,37.56977,121.13456
B137,2497,1,10,stop,9,24,18,1364078.0,37.57219,121.13944
B137,2497,1,10,stop,4,23,19,946682.0,37.56986,121.15036
B137,2497,1,10,stop,25,22,20,3728477.0,37.57537,121.16796
B137,2497,1,10,stop,2,21,21,214394.0,37.5745,121.17039
B137,2497,1,10,stop,1,20,22,146317.0,37.57404,121.1697
B137,2497,1,10,stop,6,19,23,1103461.0,37.57348,121.17011
B137,2497,1,10,stop,28,10,24,4034971.0,37.56245,121.19602
B137,2497,1,10,stop,24,9,25,3720413.0,37.56383,121.19855
B137,2497,1,10,stop,8,8,26,1205901.0,37.5633,121.20086
B137,2497,1,10,stop,5,7,27,964358.0,37.5604,121.20353
B137,2497,1,10,stop,17,4,28,2459007.0,37.56035,121.20509
B137,2497,1,10,stop,13,5,29,1635730.0,37.56104,121.20499
B137,2497,1,10,stop,27,6,30,4028350.0,37.56099,121.20611
B138,2927,5,11,depot,0,0,0,,37.5462,121.3386
B138,2927,5,11,stop,6,1,1,2510584.0,37.56153,121.35419
B138,2927,5,11,stop,4,5,2,1613897.0,37.56132,121.36015
B138,2927,5,11,stop,2,7,3,689046.0,37.56066,121.36623
B138,2927,5,11,stop,7,8,4,3546950.0,37.56015,121.36892
B138,2927,5,11,stop,8,6,5,3844391.0,37.56387,121.36374
B138,2927,5,11,stop,1,2,6,147672.0,37.56445,121.35385
B138,2927,5,11,stop,5,3,7,2142645.0,37.56576,121.3534
B138,2927,5,11,stop,3,4,8,693819.0,37.56509,121.35206
B139,1016,6,13,depot,0,0,0,,37.5462,121.3386
B139,1016,6,13,stop,12,1,1,2970959.0,37.56816,121.35845
B139,1016,6,13,stop,8,3,2,1740953.0,37.5678,121.36137
B139,1016,6,13,stop,1,2,3,167914.0,37.56826,121.36103
B139,1016,6,13,stop,15,4,4,3536003.0,37.57002,121.36191
B139,1016,6,13,stop,9,5,5,2700491.0,37.57048,121.36202
B139,1016,6,13,stop,7,7,6,1700990.0,37.56964,121.36408
B139,1016,6,13,stop,13,6,7,3426151.0,37.57092,121.3632
B139,1016,6,13,stop,14,8,8,3520953.0,37.57239,121.36407
B139,1016,6,13,stop,6,9,9,817646.0,37.57381,121.36357
B139,1016,6,13,stop,4,12,10,719834.0,37.5776,121.36479
B139,1016,6,13,stop,5,13,11,733723.0,37.58048,121.36794
B139,1016,6,13,stop,11,16,12,2926633.0,37.5813,121.37164
B139,1016,6,13,stop,2,15,13,480087.0,37.58189,121.37145
B139,1016,6,13,stop,17,14,14,4506994.0,37.58123,121.36637
B139,1016,6,13,stop,3,17,15,644694.0,37.58636,121.3612
B139,1016,6,13,stop,16,10,16,4419003.0,37.57421,121.3598
B139,1016,6,13,stop,10,11,17,2839309.0,37.57204,121.35676
B140,2082,6,10,depot,0,0,0,,37.41101,121.38058
B140,2082,6,10,stop,7,1,1,1589422.0,37.47296,121.37701
B140,2082,6,10,stop,6,4,2,1447197.0,37.47945,121.37757
B140,2082,6,10,stop,1,5,3,390051.0,37.47974,121.37772
B140,2082,6,10,stop,11,6,4,4138299.0,37.48115,121.37724
B140,2082,6,10,stop,5,13,5,1383074.0,37.50569,121.37649
B140,2082,6,10,stop,8,12,6,2872326.0,37.50766,121.36779
B140,2082,6,10,stop,12,11,7,4454213.0,37.50668,121.36792
B140,2082,6,10,stop,4,10,8,653233.0,37.50544,121.36708
B140,2082,6,10,stop,13,9,9,4471724.0,37.50344,121.36731
B140,2082,6,10,stop,9,8,10,3284121.0,37.5034,121.36728
B140,2082,6,10,stop,2,7,11,481301.0,37.48233,121.37545
B140,2082,6,10,stop,3,3,12,551966.0,37.4798,121.37634
B140,2082,6,10,stop,10,2,13,3581787.0,37.47686,121.37446
B141,4517,4,11,depot,0,0,0,,37.41115,121.38036
B141,4517,4,11,stop,8,1,1,1226712.0,37.47151,121.4524
B141,4517,4,11,stop,3,2,2,91049.0,37.47368,121.45364
B141,4517,4,11,stop,21,17,3,3339492.0,37.47581,121.45902
B141,4517,4,11,stop,5,15,4,607955.0,37.48252,121.4575
B141,4517,4,11,stop,1,14,5,58092.0,37.48281,121.45545
B141,4517,4,11,stop,15,12,6,1894923.0,37.48659,121.45285
B141,4517,4,11,stop,19,13,7,2800107.0,37.48677,121.45296
B141,4517,4,11,stop,10,18,8,1588771.0,37.48956,121.4486
B141,4517,4,11,stop,27,19,9,4082109.0,37.49024,121.44707
B141,4517,4,11,stop,12,20,10,1692486.0,37.48994,121.44665
B141,4517,4,11,stop,28,21,11,4192443.0,37.49047,121.44612
B141,4517,4,11,stop,11,28,12,1637437.0,37.49301,121.44543
B141,4517,4,11,stop,14,27,13,1829881.0,37.49333,121.44567
B141,4517,4,11,stop,29,26,14,4403159.0,37.49459,121.44302
B141,4517,4,11,stop,6,25,15,742141.0,37.49459,121.44225
B141,4517,4,11,stop,2,24,16,90408.0,37.49291,121.44196
B141,4517,4,11,stop,24,23,17,3748544.0,37.49211,121.44301
B141,4517,4,11,stop,25,29,18,3937143.0,37.49053,121.4403
B141,4517,4,11,stop,7,22,19,938140.0,37.48916,121.4443
B141,4517,4,11,stop,22,11,20,3369698.0,37.4844,121.44866
B141,4517,4,11,stop,16,10,21,1921072.0,37.48406,121.45014
B141,4517,4,11,stop,18,9,22,2192144.0,37.48137,121.45104
B141,4517,4,11,stop,9,8,23,1470504.0,37.48132,121.45118
B141,4517,4,11,stop,23,7,24,3432005.0,37.48,121.45228
B141,4517,4,11,stop,17,16,25,2185483.0,37.47856,121.45318
B141,4517,4,11,stop,20,6,26,2812359.0,37.47808,121.44929
B141,4517,4,11,stop,4,5,27,605096.0,37.47675,121.44977
B141,4517,4,11,stop,26,4,28,4040748.0,37.47664,121.44979
B141,4517,4,11,stop,13,3,29,1776000.0,37.4747,121.4511
B142,535,6,14,depot,0,0,0,,37.55123,121.28263
B142,535,6,14,stop,24,29,1,3430321.0,37.50305,121.2525
B142,535,6,14,stop,1,28,2,287676.0,37.50838,121.25024
B142,535,6,14,stop,7,27,3,1429040.0,37.5117,121.25215
B142,535,6,14,stop,26,26,4,3744284.0,37.53629,121.24096
B142,535,6,14,stop,19,25,5,2698074.0,37.5374,121.23971
B142,535,6,14,stop,20,24,6,2782885.0,37.53776,121.23873
B142,535,6,14,stop,10,23,7,2048224.0,37.53808,121.23886
B142,535,6,14,stop,3,22,8,501621.0,37.53904,121.23954
B142,535,6,14,stop,9,18,9,1973688.0,37.53816,121.24196
B142,535,6,14,stop,28,19,10,3874869.0,37.53886,121.24186
B142,535,6,14,stop,17,20,11,2682990.0,37.53927,121.24238
B142,535,6,14,stop,14,21,12,2596896.0,37.53901,121.24282
B142,535,6,14,stop,12,17,13,2417668.0,37.53778,121.24341
B142,535,6,14,stop,6,16,14,1326682.0,37.53734,121.24518
B142,535,6,14,stop,25,15,15,3704461.0,37.53903,121.24571
B142,535,6,14,stop,11,14,16,2106698.0,37.53897,121.24598
B142,535,6,14,stop,30,11,17,4472714.0,37.53924,121.25147
B142,535,6,14,stop,18,10,18,2688529.0,37.54027,121.25379
B142,535,6,14,stop,29,9,19,4135184.0,37.53987,121.25408
B142,535,6,14,stop,21,12,20,2904560.0,37.53785,121.25446
B142,535,6,14,stop,16,13,21,2628606.0,37.53794,121.2551
B142,535,6,14,stop,8,8,22,1844418.0,37.53997,121.25562
B142,535,6,14,stop,4,7,23,716231.0,37.54034,121.25692
B142,535,6,14,stop,15,6,24,2620791.0,37.54332,121.25956
B142,535,6,14,stop,2,5,25,405503.0,37.54367,121.25896
B142,535,6,14,stop,5,4,26,1048083.0,37.54461,121.25814
B142,535,6,14,stop,22,3,27,3193827.0,37.54506,121.25713
B142,535,6,14,stop,13,1,28,2517365.0,37.54715,121.25858
B142,535,6,14,stop,27,2,29,3751570.0,37.54813,121.25751
B142,535,6,14,stop,23,30,30,3401406.0,37.56211,121.2548
B143,2083,2,8,depot,0,0,0,,36.95739,120.65846
B143,2083,2,8,stop,10,1,1,792704.0,36.96605,120.69677
B143,2083,2,8,stop,2,2,2,134278.0,36.967,120.69845
B143,2083,2,8,stop,5,3,3,207144.0,36.96843,120.69884
B143,2083,2,8,stop,1,15,4,6324.0,36.96172,120.72328
B143,2083,2,8,stop,19,16,5,1739872.0,36.95944,120.72818
B143,2083,2,8,stop,14,17,6,1387875.0,36.95879,120.72818
B143,2083,2,8,stop,29,18,7,4308928.0,36.95834,120.72968
B143,2083,2,8,stop,24,19,8,3145371.0,36.95695,120.72914
B143,2083,2,8,stop,8,20,9,357542.0,36.95684,120.72943
B143,2083,2,8,stop,27,21,10,3562359.0,36.95538,120.73053
B143,2083,2,8,stop,28,24,11,3622212.0,36.95314,120.72729
B143,2083,2,8,stop,21,23,12,2293069.0,36.95302,120.72728
B143,2083,2,8,stop,3,22,13,141626.0,36.95201,120.73005
B143,2083,2,8,stop,22,27,14,2860219.0,36.95819,120.74004
B143,2083,2,8,stop,18,25,15,1575615.0,36.96069,120.73785
B143,2083,2,8,stop,11,26,16,925436.0,36.96071,120.73876
B143,2083,2,8,stop,6,28,17,294858.0,36.96367,120.7425
B143,2083,2,8,stop,16,29,18,1517109.0,36.96407,120.7437
B143,2083,2,8,stop,7,30,19,300771.0,36.9646,120.73678
B143,2083,2,8,stop,15,14,20,1424866.0,36.96514,120.72896
B143,2083,2,8,stop,13,13,21,1324391.0,36.96795,120.73193
B143,2083,2,8,stop,17,12,22,1540281.0,36.97109,120.72834
B143,2083,2,8,stop,25,4,23,3197037.0,36.97177,120.70544
B143,2083,2,8,stop,26,5,24,3417524.0,36.97495,120.70409
B143,2083,2,8,stop,12,6,25,1123412.0,36.97511,120.70349
B143,2083,2,8,stop,20,7,26,1740499.0,36.97765,120.70494
B143,2083,2,8,stop,9,8,27,485954.0,36.97678,120.70049
B143,2083,2,8,stop,23,10,28,2955246.0,36.97574,120.69987
B143,2083,2,8,stop,4,9,29,166919.0,36.97636,120.69943
B143,2083,2,8,stop,30,11,30,4331815.0,36.9763,120.69775
B144,1586,5,16,depot,0,0,0,,37.41106,121.38039
B144,1586,5,16,stop,8,1,1,2045949.0,37.45823,121.48622
B144,1586,5,16,stop,3,2,2,967562.0,37.45819,121.48755
B144,1586,5,16,stop,2,3,3,909142.0,37.46157,121.4879
B144,1586,5,16,stop,9,4,4,2136167.0,37.45366,121.51818
B144,1586,5,16,stop,13,5,5,3388316.0,37.45367,121.51824
B144,1586,5,16,stop,14,6,6,3515443.0,37.44573,121.52328
B144,1586,5,16,stop,11,7,7,2682400.0,37.44585,121.52402
B144,1586,5,16,stop,15,8,8,3838890.0,37.44282,121.52488
B144,1586,5,16,stop,1,12,9,238178.0,37.43967,121.52935
B144,1586,5,16,stop,10,11,10,2201527.0,37.43956,121.52933
B144,1586,5,16,stop,16,10,11,4022063.0,37.43911,121.52685
B144,1586,5,16,stop,4,9,12,1232326.0,37.43899,121.52477
B144,1586,5,16,stop,5,13,13,1419185.0,37.44055,121.51871
B144,1586,5,16,stop,6,14,14,1432903.0,37.43688,121.51303
B144,1586,5,16,stop,7,15,15,1772267.0,37.43422,121.51038
B144,1586,5,16,stop,12,16,16,2717114.0,37.43285,121.50831
B145,3718,3,11,depot,0,0,0,,37.55128,121.28261
B145,3718,3,11,stop,18,1,1,2768094.0,37.4866,121.25945
B145,3718,3,11,stop,13,2,2,1611635.0,37.58816,121.15444
B145,3718,3,11,stop,22,3,3,3538828.0,37.60819,121.12952
B145,3718,3,11,stop,16,14,4,2316659.0,37.61074,121.10744
B145,3718,3,11,stop,21,13,5,3270012.0,37.61667,121.11113
B145,3718,3,11,stop,19,12,6,2955243.0,37.6183,121.10808
B145,3718,3,11,stop,12,10,7,1424035.0,37.63299,121.11087
B145,3718,3,11,stop,6,11,8,614503.0,37.63356,121.10917
B145,3718,3,11,stop,5,15,9,610556.0,37.65329,121.08718
B145,3718,3,11,stop,4,30,10,598755.0,37.66142,121.07012
B145,3718,3,11,stop,24,29,11,4020211.0,37.66015,121.06083
B145,3718,3,11,stop,28,28,12,4191768.0,37.66309,121.06218
B145,3718,3,11,stop,27,24,13,4178732.0,37.6664,121.06013
B145,3718,3,11,stop,3,25,14,476302.0,37.66855,121.05915
B145,3718,3,11,stop,2,26,15,435026.0,37.66857,121.05901
B145,3718,3,11,stop,29,27,16,4261020.0,37.6709,121.0615
B145,3718,3,11,stop,14,23,17,1882344.0,37.66783,121.06267
B145,3718,3,11,stop,23,22,18,3900411.0,37.66733,121.06261
B145,3718,3,11,stop,1,21,19,72205.0,37.66711,121.06319
B145,3718,3,11,stop,11,20,20,1401517.0,37.66829,121.06828
B145,3718,3,11,stop,10,19,21,1240566.0,37.66683,121.06908
B145,3718,3,11,stop,30,16,22,4367630.0,37.66505,121.08695
B145,3718,3,11,stop,8,17,23,1152244.0,37.66639,121.09089
B145,3718,3,11,stop,17,18,24,2660478.0,37.6685,121.09445
B145,3718,3,11,stop,9,9,25,1165618.0,37.6379,121.11768
B145,3718,3,11,stop,25,8,26,4084659.0,37.63527,121.11455
B145,3718,3,11,stop,7,7,27,806665.0,37.63273,121.11719
B145,3718,3,11,stop,20,6,28,3255575.0,37.63229,121.11751
B145,3718,3,11,stop,26,5,29,4166411.0,37.63224,121.11745
B145,3718,3,11,stop,15,4,30,1990185.0,37.62338,121.12295
B146,2519,2,13,depot,0,0,0,,37.78731,120.85518
B146,2519,2,13,stop,4,3,1,404751.0,37.79206,120.79155
B146,2519,2,13,stop,29,4,2,4266074.0,37.78966,120.78571
B146,2519,2,13,stop,2,26,3,269406.0,37.78352,120.78274
B146,2519,2,13,stop,1,5,4,211939.0,37.78956,120.78288
B146,2519,2,13,stop,26,6,5,3711974.0,37.78967,120.78024
B146,2519,2,13,stop,17,7,6,3008707.0,37.79202,120.77548
B146,2519,2,13,stop,10,9,7,1660295.0,37.7955,120.77657
B146,2519,2,13,stop,18,8,8,3051401.0,37.79517,120.7757
B146,2519,2,13,stop,15,17,9,2389142.0,37.79806,120.76919
B146,2519,2,13,stop,12,16,10,1786757.0,37.79914,120.76763
B146,2519,2,13,stop,21,18,11,3286652.0,37.7959,120.76352
B146,2519,2,13,stop,14,19,12,2219886.0,37.79973,120.75622
B146,2519,2,13,stop,24,15,13,3571347.0,37.80027,120.76406
B146,2519,2,13,stop,20,14,14,3117301.0,37.80079,120.76572
B146,2519,2,13,stop,30,13,15,4308698.0,37.80289,120.76893
B146,2519,2,13,stop,27,12,16,4018950.0,37.80193,120.77475
B146,2519,2,13,stop,13,11,17,1910899.0,37.80184,120.77513
B146,2519,2,13,stop,11,10,18,1764517.0,37.79992,120.77606
B146,2519,2,13,stop,8,20,19,931982.0,37.80006,120.78326
B146,2519,2,13,stop,16,25,20,2733610.0,37.80379,120.78641
B146,2519,2,13,stop,22,24,21,3419395.0,37.80384,120.78882
B146,2519,2,13,stop,6,23,22,837779.0,37.80257,120.78855
B146,2519,2,13,stop,9,22,23,1494208.0,37.80203,120.78849
B146,2519,2,13,stop,5,21,24,727513.0,37.80028,120.78757
B146,2519,2,13,stop,25,2,25,3579722.0,37.79814,120.79626
B146,2519,2,13,stop,3,1,26,317594.0,37.80046,120.79937
B146,2519,2,13,stop,7,30,27,883569.0,37.79282,120.92913
B146,2519,2,13,stop,28,29,28,4041184.0,37.78741,120.91988
B146,2519,2,13,stop,23,28,29,3543346.0,37.78751,120.91982
B146,2519,2,13,stop,19,27,30,3082009.0,37.78746,120.91979
B147,4155,4,13,depot,0,0,0,,37.78706,120.85517
B147,4155,4,13,stop,8,1,1,3844891.0,37.79059,120.86998
B147,4155,4,13,stop,5,6,2,2241943.0,37.7875,120.91973
B147,4155,4,13,stop,4,8,3,1904476.0,37.78747,120.91984
B147,4155,4,13,stop,2,7,4,1501907.0,37.7875,120.91982
B147,4155,4,13,stop,7,5,5,3705415.0,37.80444,120.91508
B147,4155,4,13,stop,1,2,6,758406.0,37.80619,120.83736
B147,4155,4,13,stop,6,3,7,3475901.0,37.8147,120.78567
B147,4155,4,13,stop,3,4,8,1818600.0,37.79952,120.7603
B148,1508,1,10,depot,0,0,0,,37.41105,121.38035
B148,1508,1,10,stop,28,11,1,3959776.0,37.39614,121.38794
B148,1508,1,10,stop,3,12,2,166625.0,37.39351,121.38374
B148,1508,1,10,stop,14,13,3,2080186.0,37.38833,121.39102
B148,1508,1,10,stop,19,14,4,2562389.0,37.36722,121.37339
B148,1508,1,10,stop,27,15,5,3911376.0,37.37584,121.35999
B148,1508,1,10,stop,7,16,6,792130.0,37.35965,121.35056
B148,1508,1,10,stop,5,17,7,364950.0,37.34832,121.34888
B148,1508,1,10,stop,22,18,8,3435250.0,37.29725,121.3659
B148,1508,1,10,stop,17,19,9,2372149.0,37.30262,121.38519
B148,1508,1,10,stop,29,20,10,4084966.0,37.39047,121.43034
B148,1508,1,10,stop,13,8,11,1457607.0,37.40227,121.41752
B148,1508,1,10,stop,6,9,12,780748.0,37.4031,121.41165
B148,1508,1,10,stop,23,10,13,3532430.0,37.40264,121.40718
B148,1508,1,10,stop,15,5,14,2327179.0,37.41155,121.40047
B148,1508,1,10,stop,11,4,15,1185455.0,37.41778,121.40664
B148,1508,1,10,stop,8,6,16,913680.0,37.411,121.41304
B148,1508,1,10,stop,26,7,17,3793571.0,37.41279,121.41741
B148,1508,1,10,stop,10,21,18,986557.0,37.42331,121.4224
B148,1508,1,10,stop,1,22,19,41599.0,37.42556,121.4202
B148,1508,1,10,stop,12,23,20,1384785.0,37.42863,121.41716
B148,1508,1,10,stop,30,24,21,4135574.0,37.43675,121.42078
B148,1508,1,10,stop,9,25,22,942371.0,37.44083,121.42353
B148,1508,1,10,stop,16,26,23,2369552.0,37.4434,121.42599
B148,1508,1,10,stop,25,30,24,3787294.0,37.46773,121.44595
B148,1508,1,10,stop,4,29,25,255799.0,37.46796,121.43278
B148,1508,1,10,stop,18,28,26,2374921.0,37.46261,121.42874
B148,1508,1,10,stop,24,27,27,3627914.0,37.44029,121.40205
B148,1508,1,10,stop,20,3,28,2573838.0,37.42641,121.39804
B148,1508,1,10,stop,21,2,29,3121078.0,37.42163,121.37227
B148,1508,1,10,stop,2,1,30,70653.0,37.4114,121.38071
B149,783,5,11,depot,0,0,0,,37.55126,121.2826
B149,783,5,11,stop,14,1,1,2760245.0,37.57019,121.27188
B149,783,5,11,stop,22,2,2,4184435.0,37.57013,121.27169
B149,783,5,11,stop,7,3,3,901150.0,37.56954,121.26309
B149,783,5,11,stop,24,7,4,4286560.0,37.57132,121.25523
B149,783,5,11,stop,13,20,5,2645734.0,37.57265,121.24762
B149,783,5,11,stop,12,23,6,1738325.0,37.57138,121.23489
B149,783,5,11,stop,6,24,7,594128.0,37.57094,121.23364
B149,783,5,11,stop,15,22,8,2937813.0,37.57014,121.24039
B149,783,5,11,stop,19,21,9,3638464.0,37.56918,121.24137
B149,783,5,11,stop,18,18,10,3556380.0,37.56896,121.24722
B149,783,5,11,stop,21,17,11,3701933.0,37.56859,121.24786
B149,783,5,11,stop,8,16,12,1048818.0,37.56892,121.24784
B149,783,5,11,stop,10,15,13,1542886.0,37.56954,121.24813
B149,783,5,11,stop,2,14,14,139007.0,37.57012,121.24773
B149,783,5,11,stop,5,13,15,342262.0,37.57028,121.24817
B149,783,5,11,stop,17,12,16,3503603.0,37.57018,121.24917
B149,783,5,11,stop,16,11,17,2995715.0,37.56986,121.24995
B149,783,5,11,stop,1,10,18,60792.0,37.57019,121.2503
B149,783,5,11,stop,3,19,19,252125.0,37.56927,121.25093
B149,783,5,11,stop,23,9,20,4266134.0,37.57005,121.25122
B149,783,5,11,stop,11,8,21,1559416.0,37.57,121.25171
B149,783,5,11,stop,4,6,22,303899.0,37.56973,121.25527
B149,783,5,11,stop,20,5,23,3640501.0,37.56972,121.25529
B149,783,5,11,stop,9,4,24,1525204.0,37.56795,121.25671
B150,2388,6,11,depot,0,0,0,,37.38602,120.41497
B150,2388,6,11,stop,21,5,1,3252664.0,37.37706,120.42028
B150,2388,6,11,stop,12,4,2,1983917.0,37.37618,120.41802
B150,2388,6,11,stop,25,3,3,3741205.0,37.37659,120.41734
B150,2388,6,11,stop,17,6,4,2555485.0,37.37432,120.41518
B150,2388,6,11,stop,20,7,5,2989835.0,37.37448,120.41379
B150,2388,6,11,stop,5,9,6,943365.0,37.36837,120.41455
B150,2388,6,11,stop,23,10,7,3389106.0,37.36444,120.4147
B150,2388,6,11,stop,14,11,8,2252101.0,37.3608,120.40844
B150,2388,6,11,stop,10,12,9,1444368.0,37.35795,120.40634
B150,2388,6,11,stop,28,30,10,4190863.0,37.3534,120.40954
B150,2388,6,11,stop,26,29,11,4143164.0,37.35241,120.40471
B150,2388,6,11,stop,15,28,12,2479672.0,37.35276,120.40258
B150,2388,6,11,stop,7,27,13,1197623.0,37.35296,120.39855
B150,2388,6,11,stop,30,26,14,4353558.0,37.35029,120.39982
B150,2388,6,11,stop,13,25,15,2170288.0,37.34675,120.40212
B150,2388,6,11,stop,6,24,16,951192.0,37.34467,120.40043
B150,2388,6,11,stop,8,23,17,1236866.0,37.34119,120.39664
B150,2388,6,11,stop,2,22,18,348266.0,37.34355,120.39474
B150,2388,6,11,stop,18,20,19,2625121.0,37.34884,120.394
B150,2388,6,11,stop,19,21,20,2732897.0,37.34898,120.39036
B150,2388,6,11,stop,9,19,21,1269080.0,37.35228,120.39373
B150,2388,6,11,stop,11,18,22,1470497.0,37.35585,120.38913
B150,2388,6,11,stop,3,17,23,521579.0,37.35814,120.39039
B150,2388,6,11,stop,27,16,24,4174368.0,37.35823,120.39077
B150,2388,6,11,stop,4,15,25,785947.0,37.35909,120.39281
B150,2388,6,11,stop,1,14,26,110333.0,37.36117,120.39674
B150,2388,6,11,stop,16,13,27,2535305.0,37.36087,120.40145
B150,2388,6,11,stop,24,8,28,3659048.0,37.37514,120.41188
B150,2388,6,11,stop,22,1,29,3385044.0,37.37687,120.414
B150,2388,6,11,stop,29,2,30,4217669.0,37.37682,120.41448
B151,286,2,9,depot,0,0,0,,37.15451,119.94963
B151,286,2,9,stop,3,1,1,1044107.0,37.18215,119.96366
B151,286,2,9,stop,7,2,2,1645075.0,37.18537,119.96226
B151,286,2,9,stop,13,3,3,2812873.0,37.1888,119.96196
B151,286,2,9,stop,11,4,4,2108473.0,37.18938,119.96196
B151,286,2,9,stop,16,9,5,3505779.0,37.19399,119.95721
B151,286,2,9,stop,5,5,6,1482871.0,37.18808,119.9659
B151,286,2,9,stop,10,6,7,1881443.0,37.18815,119.97074
B151,286,2,9,stop,19,8,8,4368009.0,37.19544,119.97281
B151,286,2,9,stop,6,7,9,1569502.0,37.19081,119.97754
B151,286,2,9,stop,1,19,10,83219.0,37.1679,119.99918
B151,286,2,9,stop,17,10,11,3721541.0,37.16193,119.98959
B151,286,2,9,stop,14,11,12,3263244.0,37.16126,119.99075
B151,286,2,9,stop,15,17,13,3447614.0,37.16128,119.99096
B151,286,2,9,stop,18,16,14,4293438.0,37.16118,119.99087
B151,286,2,9,stop,2,15,15,833644.0,37.16112,119.99085
B151,286,2,9,stop,8,12,16,1670257.0,37.16116,119.99071
B151,286,2,9,stop,12,13,17,2574837.0,37.1611,119.99075
B151,286,2,9,stop,9,14,18,1742179.0,37.16106,119.99083
B151,286,2,9,stop,4,18,19,1076782.0,37.15509,119.99274
B152,498,3,15,depot,0,0,0,,37.41101,121.38055
B152,498,3,15,stop,12,1,1,1573943.0,37.46859,121.3524
B152,498,3,15,stop,2,30,2,770096.0,37.48887,121.34171
B152,498,3,15,stop,30,29,3,4436350.0,37.4899,121.34172
B152,498,3,15,stop,19,28,4,2507602.0,37.49028,121.34371
B152,498,3,15,stop,17,27,5,2309280.0,37.49109,121.34279
B152,498,3,15,stop,5,26,6,1220482.0,37.49149,121.34327
B152,498,3,15,stop,6,24,7,1244894.0,37.49232,121.34454
B152,498,3,15,stop,23,25,8,3458303.0,37.49239,121.34461
B152,498,3,15,stop,22,23,9,3351974.0,37.49178,121.34479
B152,498,3,15,stop,26,22,10,3675269.0,37.49149,121.34509
B152,498,3,15,stop,3,21,11,902116.0,37.4904,121.35246
B152,498,3,15,stop,29,8,12,4399924.0,37.48964,121.3549
B152,498,3,15,stop,24,9,13,3586484.0,37.49141,121.35459
B152,498,3,15,stop,28,10,14,4194833.0,37.49145,121.35483
B152,498,3,15,stop,1,11,15,684481.0,37.49166,121.35699
B152,498,3,15,stop,11,12,16,1550653.0,37.49003,121.35977
B152,498,3,15,stop,16,13,17,2162846.0,37.49,121.35993
B152,498,3,15,stop,4,14,18,1015321.0,37.48989,121.36074
B152,498,3,15,stop,8,15,19,1362125.0,37.49019,121.36104
B152,498,3,15,stop,27,16,20,3944528.0,37.49076,121.36099
B152,498,3,15,stop,10,17,21,1478522.0,37.49047,121.36209
B152,498,3,15,stop,13,18,22,1647018.0,37.48927,121.36385
B152,498,3,15,stop,20,19,23,3151489.0,37.4886,121.36269
B152,498,3,15,stop,15,20,24,2057135.0,37.48776,121.36317
B152,498,3,15,stop,21,7,25,3189386.0,37.48362,121.35623
B152,498,3,15,stop,7,6,26,1327152.0,37.48308,121.3585
B152,498,3,15,stop,9,5,27,1414417.0,37.48205,121.36135
B152,498,3,15,stop,14,4,28,1858009.0,37.48093,121.36122
B152,498,3,15,stop,18,3,29,2347642.0,37.48067,121.36056
B152,498,3,15,stop,25,2,30,3673397.0,37.48064,121.35827
B153,467,6,11,depot,0,0,0,,37.5462,121.3386
B153,467,6,11,stop,4,1,1,768187.0,37.56067,121.34515
B153,467,6,11,stop,5,2,2,919633.0,37.56461,121.35307
B153,467,6,11,stop,6,3,3,969174.0,37.56506,121.35295
B153,467,6,11,stop,16,4,4,2334022.0,37.56541,121.35431
B153,467,6,11,stop,19,5,5,2525628.0,37.5673,121.35756
B153,467,6,11,stop,27,9,6,3621884.0,37.56814,121.35972
B153,467,6,11,stop,2,8,7,233092.0,37.56838,121.36048
B153,467,6,11,stop,3,15,8,701723.0,37.57329,121.36364
B153,467,6,11,stop,14,17,9,2114941.0,37.57949,121.36448
B153,467,6,11,stop,25,22,10,3533857.0,37.58418,121.36284
B153,467,6,11,stop,8,23,11,1233530.0,37.58443,121.36272
B153,467,6,11,stop,28,24,12,4114417.0,37.58526,121.36223
B153,467,6,11,stop,9,29,13,1313456.0,37.58608,121.36095
B153,467,6,11,stop,21,28,14,3058935.0,37.5864,121.36188
B153,467,6,11,stop,29,25,15,4389576.0,37.58552,121.36333
B153,467,6,11,stop,22,27,16,3274865.0,37.58653,121.36431
B153,467,6,11,stop,18,26,17,2459304.0,37.58581,121.36433
B153,467,6,11,stop,20,21,18,2858705.0,37.58208,121.36768
B153,467,6,11,stop,12,20,19,2013647.0,37.58181,121.36601
B153,467,6,11,stop,10,19,20,1737206.0,37.58078,121.3652
B153,467,6,11,stop,24,18,21,3506833.0,37.58039,121.3652
B153,467,6,11,stop,30,16,22,4460380.0,37.57835,121.36514
B153,467,6,11,stop,26,14,23,3542332.0,37.57317,121.3653
B153,467,6,11,stop,23,13,24,3482300.0,37.57284,121.36458
B153,467,6,11,stop,11,12,25,1882804.0,37.57116,121.36486
B153,467,6,11,stop,7,11,26,1201384.0,37.56767,121.36317
B153,467,6,11,stop,13,10,27,2025071.0,37.56825,121.36156
B153,467,6,11,stop,1,7,28,213681.0,37.56761,121.36058
B153,467,6,11,stop,15,6,29,2198014.0,37.56659,121.35908
B153,467,6,11,stop,17,30,30,2347344.0,37.4656,121.32264
B154,339,6,8,depot,0,0,0,,36.95734,120.65865
B154,339,6,8,stop,3,30,1,654206.0,36.91647,120.65018
B154,339,6,8,stop,8,4,2,1260063.0,36.94264,120.68904
B154,339,6,8,stop,25,2,3,3532776.0,36.9446,120.68837
B154,339,6,8,stop,17,1,4,2459089.0,36.94472,120.68839
B154,339,6,8,stop,1,3,5,531585.0,36.94442,120.6905
B154,339,6,8,stop,26,6,6,3874710.0,36.94517,120.70237
B154,339,6,8,stop,7,5,7,1026453.0,36.94196,120.70142
B154,339,6,8,stop,15,16,8,2200097.0,36.93847,120.70424
B154,339,6,8,stop,18,11,9,2565167.0,36.93888,120.70974
B154,339,6,8,stop,6,12,10,950035.0,36.93838,120.71031
B154,339,6,8,stop,23,13,11,2793838.0,36.93462,120.71009
B154,339,6,8,stop,9,14,12,1481985.0,36.9341,120.71634
B154,339,6,8,stop,20,15,13,2634966.0,36.93676,120.72093
B154,339,6,8,stop,10,10,14,1487331.0,36.9447,120.7116
B154,339,6,8,stop,30,9,15,4392063.0,36.94844,120.7102
B154,339,6,8,stop,29,8,16,4233572.0,36.95145,120.70499
B154,339,6,8,stop,14,7,17,2162524.0,36.95148,120.70482
B154,339,6,8,stop,5,17,18,750735.0,36.95088,120.71809
B154,339,6,8,stop,16,18,19,2403141.0,36.95125,120.71916
B154,339,6,8,stop,21,19,20,2689239.0,36.96785,120.73596
B154,339,6,8,stop,2,26,21,574751.0,36.97183,120.74336
B154,339,6,8,stop,13,28,22,2057371.0,36.97327,120.75442
B154,339,6,8,stop,28,25,23,4108469.0,36.97288,120.74233
B154,339,6,8,stop,27,24,24,4077553.0,36.97408,120.74174
B154,339,6,8,stop,22,23,25,2757604.0,36.97495,120.74154
B154,339,6,8,stop,4,22,26,663175.0,36.97507,120.74123
B154,339,6,8,stop,19,27,27,2604055.0,36.97726,120.74171
B154,339,6,8,stop,11,21,28,1602642.0,36.97538,120.73907
B154,339,6,8,stop,24,20,29,3131250.0,36.9738,120.73376
B154,339,6,8,stop,12,29,30,1689955.0,36.97893,120.72762
B155,417,6,10,depot,0,0,0,,37.55128,121.28263
B155,417,6,10,stop,1,24,1,474944.0,37.50775,121.24907
B155,417,6,10,stop,2,23,2,638016.0,37.53623,121.23581
B155,417,6,10,stop,29,22,3,4486149.0,37.54225,121.22747
B155,417,6,10,stop,7,3,4,1450212.0,37.5479,121.22485
B155,417,6,10,stop,15,4,5,2314540.0,37.54873,121.22014
B155,417,6,10,stop,6,21,6,1112022.0,37.55372,121.21158
B155,417,6,10,stop,16,15,7,2402004.0,37.5583,121.2059
B155,417,6,10,stop,13,14,8,2184346.0,37.55834,121.20491
B155,417,6,10,stop,28,10,9,4295578.0,37.55964,121.20586
B155,417,6,10,stop,27,11,10,4111889.0,37.55959,121.20559
B155,417,6,10,stop,11,12,11,1910519.0,37.5595,121.20479
B155,417,6,10,stop,17,13,12,2489934.0,37.56005,121.20433
B155,417,6,10,stop,26,19,13,4022778.0,37.5618,121.1995
B155,417,6,10,stop,24,25,14,3752978.0,37.5621,121.17432
B155,417,6,10,stop,12,26,15,2158613.0,37.56323,121.17436
B155,417,6,10,stop,21,27,16,2646180.0,37.5628,121.17251
B155,417,6,10,stop,23,28,17,3673710.0,37.56669,121.16908
B155,417,6,10,stop,19,30,18,2544783.0,37.57589,121.13832
B155,417,6,10,stop,8,29,19,1625429.0,37.57909,121.15313
B155,417,6,10,stop,30,20,20,4503506.0,37.56342,121.19731
B155,417,6,10,stop,25,18,21,3832291.0,37.56354,121.20029
B155,417,6,10,stop,22,17,22,3474480.0,37.56294,121.2027
B155,417,6,10,stop,20,16,23,2547000.0,37.56205,121.2033
B155,417,6,10,stop,14,9,24,2206985.0,37.56183,121.20716
B155,417,6,10,stop,3,7,25,672504.0,37.56269,121.22216
B155,417,6,10,stop,5,8,26,1077036.0,37.56352,121.22363
B155,417,6,10,stop,18,6,27,2504234.0,37.55664,121.2226
B155,417,6,10,stop,10,5,28,1820546.0,37.55443,121.22661
B155,417,6,10,stop,9,2,29,1737669.0,37.54941,121.23421
B155,417,6,10,stop,4,1,30,962065.0,37.54726,121.2346
B156,1508,2,9,depot,0,0,0,,37.41105,121.38035
B156,1508,2,9,stop,13,2,1,2417394.0,37.39287,121.37971
B156,1508,2,9,stop,28,1,2,4206388.0,37.39458,121.3868
B156,1508,2,9,stop,20,3,3,3431768.0,37.38622,121.39434
B156,1508,2,9,stop,15,30,4,2866251.0,37.30514,121.39107
B156,1508,2,9,stop,30,9,5,4451906.0,37.41111,121.42234
B156,1508,2,9,stop,1,29,6,72611.0,37.43121,121.4984
B156,1508,2,9,stop,5,28,7,1036008.0,37.44781,121.47916
B156,1508,2,9,stop,7,22,8,1227690.0,37.46006,121.44925
B156,1508,2,9,stop,22,21,9,3574935.0,37.46433,121.4436
B156,1508,2,9,stop,4,20,10,972909.0,37.46562,121.44035
B156,1508,2,9,stop,25,19,11,3746865.0,37.46595,121.43805
B156,1508,2,9,stop,14,23,12,2656192.0,37.4749,121.43801
B156,1508,2,9,stop,16,25,13,2993796.0,37.48266,121.45334
B156,1508,2,9,stop,27,26,14,3897657.0,37.51609,121.4454
B156,1508,2,9,stop,18,27,15,3333688.0,37.51581,121.44361
B156,1508,2,9,stop,10,24,16,1826406.0,37.47644,121.42049
B156,1508,2,9,stop,8,18,17,1481963.0,37.46303,121.429
B156,1508,2,9,stop,11,17,18,2041365.0,37.4548,121.43411
B156,1508,2,9,stop,6,16,19,1138482.0,37.45394,121.43143
B156,1508,2,9,stop,29,15,20,4416196.0,37.45308,121.43174
B156,1508,2,9,stop,23,14,21,3659194.0,37.44698,121.42769
B156,1508,2,9,stop,17,13,22,3318742.0,37.44663,121.42746
B156,1508,2,9,stop,2,12,23,386855.0,37.44367,121.42644
B156,1508,2,9,stop,12,11,24,2135561.0,37.43752,121.42139
B156,1508,2,9,stop,21,8,25,3432471.0,37.42346,121.42207
B156,1508,2,9,stop,24,7,26,3687613.0,37.42409,121.41358
B156,1508,2,9,stop,3,10,27,952428.0,37.4279,121.40261
B156,1508,2,9,stop,26,6,28,3896549.0,37.41895,121.40754
B156,1508,2,9,stop,9,5,29,1597927.0,37.41589,121.40515
B156,1508,2,9,stop,19,4,30,3413063.0,37.41383,121.4036
B157,2301,4,13,depot,0,0,0,,37.44369,121.48678
B157,2301,4,13,stop,20,1,1,3150676.0,37.44358,121.48666
B157,2301,4,13,stop,21,24,2,3315022.0,37.4436,121.48525
B157,2301,4,13,stop,24,20,3,3566286.0,37.44413,121.48458
B157,2301,4,13,stop,23,19,4,3523259.0,37.44419,121.48454
B157,2301,4,13,stop,27,21,5,4300344.0,37.44426,121.48478
B157,2301,4,13,stop,5,22,6,821901.0,37.44458,121.48471
B157,2301,4,13,stop,15,18,7,2210326.0,37.44427,121.48435
B157,2301,4,13,stop,14,17,8,2005231.0,37.44424,121.4841
B157,2301,4,13,stop,30,23,9,4470074.0,37.44466,121.48406
B157,2301,4,13,stop,17,30,10,2867838.0,37.44363,121.4808
B157,2301,4,13,stop,18,16,11,2900949.0,37.4433,121.48392
B157,2301,4,13,stop,13,15,12,1947018.0,37.44322,121.4843
B157,2301,4,13,stop,19,13,13,2906712.0,37.44215,121.48421
B157,2301,4,13,stop,10,14,14,1598862.0,37.4415,121.48398
B157,2301,4,13,stop,8,12,15,1105015.0,37.4419,121.48507
B157,2301,4,13,stop,28,11,16,4353492.0,37.44089,121.48567
B157,2301,4,13,stop,12,10,17,1889261.0,37.44154,121.48594
B157,2301,4,13,stop,2,28,18,266691.0,37.44152,121.48708
B157,2301,4,13,stop,9,9,19,1237295.0,37.44216,121.48603
B157,2301,4,13,stop,1,8,20,224383.0,37.4423,121.48632
B157,2301,4,13,stop,6,7,21,914967.0,37.44246,121.48671
B157,2301,4,13,stop,11,6,22,1683496.0,37.44262,121.48682
B157,2301,4,13,stop,29,5,23,4386953.0,37.44273,121.48682
B157,2301,4,13,stop,3,4,24,333715.0,37.44278,121.48679
B157,2301,4,13,stop,22,3,25,3334519.0,37.44307,121.48679
B157,2301,4,13,stop,4,2,26,766141.0,37.44314,121.48686
B157,2301,4,13,stop,26,27,27,3817826.0,37.44282,121.48752
B157,2301,4,13,stop,7,29,28,1032484.0,37.44553,121.4913
B157,2301,4,13,stop,16,26,29,2577407.0,37.4444,121.4868
B157,2301,4,13,stop,25,25,30,3738152.0,37.44426,121.48655
B158,816,3,9,depot,0,0,0,,37.41114,121.3804
B158,816,3,9,stop,5,1,1,529207.0,37.47064,121.39885
B158,816,3,9,stop,15,2,2,2259953.0,37.48213,121.405
B158,816,3,9,stop,19,3,3,2494485.0,37.48504,121.40623
B158,816,3,9,stop,12,4,4,1743817.0,37.48,121.41779
B158,816,3,9,stop,26,5,5,3839843.0,37.47938,121.4182
B158,816,3,9,stop,1,8,6,117374.0,37.47658,121.42138
B158,816,3,9,stop,13,6,7,1847121.0,37.47897,121.42243
B158,816,3,9,stop,25,7,8,3488988.0,37.47816,121.42413
B158,816,3,9,stop,24,28,9,3436382.0,37.47543,121.44529
B158,816,3,9,stop,3,27,10,357308.0,37.46839,121.44329
B158,816,3,9,stop,20,23,11,2599114.0,37.46516,121.43933
B158,816,3,9,stop,16,22,12,2322534.0,37.46521,121.43915
B158,816,3,9,stop,14,25,13,2244385.0,37.4637,121.43855
B158,816,3,9,stop,7,24,14,759139.0,37.46403,121.43854
B158,816,3,9,stop,22,21,15,3133247.0,37.46546,121.43862
B158,816,3,9,stop,4,20,16,439177.0,37.46592,121.43824
B158,816,3,9,stop,21,19,17,3060923.0,37.46619,121.43687
B158,816,3,9,stop,8,18,18,903073.0,37.46537,121.4348
B158,816,3,9,stop,18,17,19,2478465.0,37.46616,121.43341
B158,816,3,9,stop,6,26,20,675265.0,37.4675,121.43281
B158,816,3,9,stop,23,16,21,3348860.0,37.46453,121.42969
B158,816,3,9,stop,11,15,22,1673357.0,37.46482,121.42889
B158,816,3,9,stop,10,13,23,1123565.0,37.4677,121.42367
B158,816,3,9,stop,9,11,24,904257.0,37.468,121.42377
B158,816,3,9,stop,2,12,25,146162.0,37.468,121.42401
B158,816,3,9,stop,28,9,26,4512929.0,37.46969,121.42337
B158,816,3,9,stop,17,10,27,2394174.0,37.46938,121.4227
B158,816,3,9,stop,27,14,28,3980576.0,37.46553,121.42173
B159,535,6,12,depot,0,0,0,,37.55123,121.28263
B159,535,6,12,stop,6,1,1,1198351.0,37.55149,121.2653
B159,535,6,12,stop,17,3,2,4379929.0,37.54985,121.26052
B159,535,6,12,stop,1,2,3,496013.0,37.55312,121.26192
B159,535,6,12,stop,11,7,4,3229944.0,37.5574,121.26321
B159,535,6,12,stop,12,6,5,3425019.0,37.55907,121.25939
B159,535,6,12,stop,14,8,6,4080713.0,37.56198,121.25668
B159,535,6,12,stop,7,5,7,1343987.0,37.55522,121.25411
B159,535,6,12,stop,16,4,8,4200837.0,37.55186,121.25477
B159,535,6,12,stop,15,9,9,4159220.0,37.53934,121.24464
B159,535,6,12,stop,4,10,10,831861.0,37.53859,121.24265
B159,535,6,12,stop,3,11,11,615381.0,37.53824,121.24224
B159,535,6,12,stop,8,12,12,1588316.0,37.53897,121.2419
B159,535,6,12,stop,5,16,13,1053254.0,37.53831,121.23981
B159,535,6,12,stop,10,13,14,3148210.0,37.5376,121.24097
B159,535,6,12,stop,2,14,15,604129.0,37.53694,121.24108
B159,535,6,12,stop,9,15,16,2695196.0,37.53646,121.24047
B159,535,6,12,stop,13,17,17,3905880.0,37.5083,121.25021
B160,2927,1,9,depot,0,0,0,,37.5462,121.3386
B160,2927,1,9,stop,20,8,1,3317021.0,37.56105,121.36127
B160,2927,1,9,stop,19,9,2,3184218.0,37.55979,121.3636
B160,2927,1,9,stop,5,16,3,556967.0,37.56062,121.36617
B160,2927,1,9,stop,2,15,4,184362.0,37.56069,121.36616
B160,2927,1,9,stop,22,14,5,4018867.0,37.56068,121.36628
B160,2927,1,9,stop,10,13,6,1101928.0,37.56063,121.36633
B160,2927,1,9,stop,3,10,7,473498.0,37.55866,121.36548
B160,2927,1,9,stop,24,11,8,4254394.0,37.55893,121.36693
B160,2927,1,9,stop,17,12,9,2597807.0,37.55825,121.36776
B160,2927,1,9,stop,7,24,10,756604.0,37.55681,121.3708
B160,2927,1,9,stop,4,23,11,543463.0,37.55752,121.3717
B160,2927,1,9,stop,15,25,12,1750806.0,37.55725,121.37298
B160,2927,1,9,stop,12,22,13,1477595.0,37.56258,121.37094
B160,2927,1,9,stop,25,17,14,4355324.0,37.56255,121.36774
B160,2927,1,9,stop,8,18,15,918500.0,37.56319,121.36782
B160,2927,1,9,stop,1,19,16,93883.0,37.56419,121.36624
B160,2927,1,9,stop,9,20,17,1099474.0,37.5643,121.36515
B160,2927,1,9,stop,11,21,18,1193476.0,37.56577,121.36238
B160,2927,1,9,stop,6,7,19,754866.0,37.56347,121.35775
B160,2927,1,9,stop,21,6,20,3646690.0,37.56335,121.35702
B160,2927,1,9,stop,16,5,21,2574611.0,37.56532,121.35409
B160,2927,1,9,stop,14,4,22,1707094.0,37.56431,121.35203
B160,2927,1,9,stop,18,3,23,3018690.0,37.56377,121.35367
B160,2927,1,9,stop,13,2,24,1563094.0,37.56327,121.35348
B160,2927,1,9,stop,23,1,25,4155108.0,37.5621,121.35201
B161,4109,5,9,depot,0,0,0,,37.15426,119.94952
B161,4109,5,9,stop,3,1,1,857341.0,37.16848,119.95488
B161,4109,5,9,stop,7,2,2,3509988.0,37.17188,119.96081
B161,4109,5,9,stop,5,3,3,2699736.0,37.17503,119.95697
B161,4109,5,9,stop,1,4,4,67562.0,37.17138,119.93323
B161,4109,5,9,stop,2,5,5,250365.0,37.19399,119.92584
B161,4109,5,9,stop,6,6,6,3444867.0,37.21,119.87391
B161,4109,5,9,stop,4,7,7,1254970.0,37.12235,119.88025
B161,4109,5,9,stop,8,8,8,3990188.0,37.07514,119.93519
B162,1016,1,14,depot,0,0,0,,37.5462,121.3386
B162,1016,1,14,stop,5,1,1,434585.0,37.5677,121.35942
B162,1016,1,14,stop,7,2,2,598538.0,37.56952,121.36406
B162,1016,1,14,stop,3,3,3,228185.0,37.57083,121.36319
B162,1016,1,14,stop,20,4,4,2507025.0,37.572,121.3619
B162,1016,1,14,stop,4,5,5,394293.0,37.57244,121.36367
B162,1016,1,14,stop,13,6,6,1451701.0,37.5729,121.36394
B162,1016,1,14,stop,12,7,7,1172412.0,37.57331,121.36434
B162,1016,1,14,stop,6,8,8,570447.0,37.57342,121.3655
B162,1016,1,14,stop,22,9,9,2935099.0,37.57359,121.36948
B162,1016,1,14,stop,19,10,10,2095961.0,37.57605,121.36952
B162,1016,1,14,stop,16,11,11,1838979.0,37.57812,121.37013
B162,1016,1,14,stop,18,24,12,2060285.0,37.58413,121.37079
B162,1016,1,14,stop,1,23,13,14628.0,37.58315,121.3688
B162,1016,1,14,stop,9,22,14,784559.0,37.58224,121.36678
B162,1016,1,14,stop,23,21,15,3447913.0,37.58271,121.36678
B162,1016,1,14,stop,29,20,16,4370030.0,37.58304,121.36673
B162,1016,1,14,stop,14,19,17,1504325.0,37.58284,121.36636
B162,1016,1,14,stop,30,25,18,4404734.0,37.58622,121.36401
B162,1016,1,14,stop,26,26,19,4048382.0,37.58531,121.36183
B162,1016,1,14,stop,2,27,20,211122.0,37.58504,121.36125
B162,1016,1,14,stop,8,18,21,719286.0,37.58229,121.36482
B162,1016,1,14,stop,21,17,22,2523133.0,37.58123,121.36516
B162,1016,1,14,stop,15,16,23,1607247.0,37.58105,121.36561
B162,1016,1,14,stop,24,15,24,3537850.0,37.58067,121.36544
B162,1016,1,14,stop,10,14,25,793037.0,37.58052,121.36479
B162,1016,1,14,stop,11,12,26,1061566.0,37.57924,121.36532
B162,1016,1,14,stop,25,13,27,3614885.0,37.57926,121.36404
B162,1016,1,14,stop,28,28,28,4217795.0,37.57376,121.35938
B162,1016,1,14,stop,17,29,29,1857471.0,37.5722,121.35972
B162,1016,1,14,stop,27,30,30,4196299.0,37.57199,121.35665
B163,2880,1,12,depot,0,0,0,,37.5428,121.3671
B163,2880,1,12,stop,13,11,1,4322996.0,37.54098,121.3562
B163,2880,1,12,stop,7,10,2,3252144.0,37.53949,121.35508
B163,2880,1,12,stop,1,7,3,264999.0,37.5381,121.3559
B163,2880,1,12,stop,5,8,4,1513066.0,37.53778,121.35558
B163,2880,1,12,stop,4,9,5,1369504.0,37.53763,121.35607
B163,2880,1,12,stop,8,6,6,3511703.0,37.53833,121.35773
B163,2880,1,12,stop,11,5,7,4086181.0,37.53825,121.3583
B163,2880,1,12,stop,9,4,8,3804065.0,37.53826,121.35847
B163,2880,1,12,stop,2,3,9,617861.0,37.5384,121.35924
B163,2880,1,12,stop,3,2,10,648108.0,37.53792,121.36036
B163,2880,1,12,stop,10,12,11,3863101.0,37.53708,121.35961
B163,2880,1,12,stop,12,13,12,4298730.0,37.51532,121.40595
B163,2880,1,12,stop,6,1,13,3227590.0,37.53947,121.36912
B164,740,1,15,depot,0,0,0,,37.55789,121.3219
B164,740,1,15,stop,4,8,1,1711476.0,37.4111,121.3802
B164,740,1,15,stop,1,7,2,527231.0,37.54242,121.36057
B164,740,1,15,stop,8,6,3,4203091.0,37.54456,121.35573
B164,740,1,15,stop,6,4,4,2189556.0,37.5487,121.35663
B164,740,1,15,stop,5,3,5,2004514.0,37.54932,121.35617
B164,740,1,15,stop,3,5,6,1521408.0,37.55118,121.35554
B164,740,1,15,stop,2,2,7,1185598.0,37.54807,121.35308
B164,740,1,15,stop,7,1,8,4202484.0,37.54594,121.35123
B165,3680,6,10,depot,0,0,0,,37.5428,121.3671
B165,3680,6,10,stop,29,1,1,4347059.0,37.54243,121.36721
B165,3680,6,10,stop,18,2,2,2647455.0,37.54217,121.36696
B165,3680,6,10,stop,24,3,3,3842197.0,37.54129,121.36548
B165,3680,6,10,stop,7,4,4,606750.0,37.54124,121.36514
B165,3680,6,10,stop,26,5,5,3946561.0,37.54071,121.36566
B165,3680,6,10,stop,22,6,6,3287442.0,37.54039,121.36672
B165,3680,6,10,stop,16,28,7,2446084.0,37.5365,121.36209
B165,3680,6,10,stop,1,12,8,108460.0,37.53527,121.36639
B165,3680,6,10,stop,5,13,9,517727.0,37.53448,121.36686
B165,3680,6,10,stop,15,15,10,2060115.0,37.5325,121.3668
B165,3680,6,10,stop,21,14,11,3099567.0,37.53265,121.36707
B165,3680,6,10,stop,3,16,12,291927.0,37.53361,121.37036
B165,3680,6,10,stop,17,17,13,2641740.0,37.5337,121.37032
B165,3680,6,10,stop,30,18,14,4496251.0,37.53392,121.37154
B165,3680,6,10,stop,10,22,15,1212031.0,37.53136,121.37252
B165,3680,6,10,stop,12,21,16,1629505.0,37.53157,121.37283
B165,3680,6,10,stop,20,20,17,2717345.0,37.53238,121.37281
B165,3680,6,10,stop,14,19,18,2041535.0,37.53403,121.37266
B165,3680,6,10,stop,23,23,19,3398940.0,37.53644,121.37257
B165,3680,6,10,stop,9,9,20,1083688.0,37.53817,121.37074
B165,3680,6,10,stop,2,8,21,248708.0,37.53814,121.36954
B165,3680,6,10,stop,13,10,22,1674515.0,37.53714,121.36909
B165,3680,6,10,stop,25,11,23,3940832.0,37.53739,121.36818
B165,3680,6,10,stop,27,7,24,4031316.0,37.53962,121.36868
B165,3680,6,10,stop,28,26,25,4244711.0,37.54228,121.37013
B165,3680,6,10,stop,19,25,26,2687906.0,37.54223,121.37031
B165,3680,6,10,stop,11,24,27,1290752.0,37.54215,121.37054
B165,3680,6,10,stop,6,27,28,542656.0,37.54241,121.37116
B165,3680,6,10,stop,8,30,29,709307.0,37.56244,121.36977
B165,3680,6,10,stop,4,29,30,485922.0,37.56232,121.36894
B166,4155,2,13,depot,0,0,0,,37.78706,120.85517
B166,4155,2,13,stop,9,1,1,2969306.0,37.79049,120.85122
B166,4155,2,13,stop,4,8,2,1348859.0,37.79632,120.80864
B166,4155,2,13,stop,7,9,3,2718580.0,37.79402,120.79587
B166,4155,2,13,stop,1,10,4,2266.0,37.79396,120.7919
B166,4155,2,13,stop,2,11,5,534569.0,37.79079,120.79
B166,4155,2,13,stop,12,12,6,3884149.0,37.78595,120.7851
B166,4155,2,13,stop,3,13,7,616295.0,37.79407,120.76886
B166,4155,2,13,stop,16,14,8,4301909.0,37.80245,120.78681
B166,4155,2,13,stop,14,15,9,4126747.0,37.80174,120.78736
B166,4155,2,13,stop,5,16,10,1855687.0,37.80268,120.78846
B166,4155,2,13,stop,11,2,11,3594414.0,37.8017,120.84499
B166,4155,2,13,stop,10,3,12,3228983.0,37.81679,120.86383
B166,4155,2,13,stop,8,5,13,2752660.0,37.80812,120.90014
B166,4155,2,13,stop,13,6,14,3960651.0,37.78733,120.91985
B166,4155,2,13,stop,15,7,15,4155758.0,37.77287,120.90757
B166,4155,2,13,stop,6,4,16,2398271.0,37.78978,120.87492
B167,1016,2,13,depot,0,0,0,,37.5462,121.3386
B167,1016,2,13,stop,10,11,1,2439451.0,37.57199,121.35677
B167,1016,2,13,stop,19,10,2,3978701.0,37.57225,121.3591
B167,1016,2,13,stop,7,9,3,1960455.0,37.57407,121.36243
B167,1016,2,13,stop,16,8,4,3660901.0,37.57445,121.36345
B167,1016,2,13,stop,21,12,5,4470648.0,37.57937,121.36061
B167,1016,2,13,stop,1,18,6,809366.0,37.58584,121.36163
B167,1016,2,13,stop,18,17,7,3963612.0,37.58372,121.36347
B167,1016,2,13,stop,15,16,8,3534936.0,37.58333,121.36662
B167,1016,2,13,stop,12,19,9,2785573.0,37.58412,121.37078
B167,1016,2,13,stop,17,15,10,3789868.0,37.58194,121.36683
B167,1016,2,13,stop,6,14,11,1960066.0,37.58095,121.36662
B167,1016,2,13,stop,9,13,12,2243928.0,37.57983,121.36578
B167,1016,2,13,stop,2,20,13,1381487.0,37.57847,121.37111
B167,1016,2,13,stop,13,21,14,2950478.0,37.57597,121.36943
B167,1016,2,13,stop,4,7,15,1939978.0,37.57351,121.3653
B167,1016,2,13,stop,20,6,16,4308789.0,37.57318,121.36507
B167,1016,2,13,stop,14,4,17,2964640.0,37.57114,121.36495
B167,1016,2,13,stop,5,5,18,1958254.0,37.56952,121.36644
B167,1016,2,13,stop,8,3,19,2115610.0,37.5703,121.36281
B167,1016,2,13,stop,3,2,20,1461269.0,37.568,121.36032
B167,1016,2,13,stop,11,1,21,2691781.0,37.56658,121.36183
B168,339,3,7,depot,0,0,0,,36.95734,120.65865
B168,339,3,7,stop,3,2,1,349583.0,36.94809,120.69214
B168,339,3,7,stop,27,5,2,3959429.0,36.95174,120.70392
B168,339,3,7,stop,19,27,3,2667360.0,36.97888,120.72783
B168,339,3,7,stop,8,26,4,1026340.0,36.97805,120.7296
B168,339,3,7,stop,4,28,5,389156.0,36.97992,120.73229
B168,339,3,7,stop,28,29,6,4010341.0,36.99105,120.73881
B168,339,3,7,stop,1,30,7,36598.0,36.99698,120.75692
B168,339,3,7,stop,30,20,8,4396411.0,36.97795,120.74209
B168,339,3,7,stop,13,21,9,1584760.0,36.97911,120.73851
B168,339,3,7,stop,11,22,10,1476086.0,36.97666,120.73812
B168,339,3,7,stop,21,19,11,3167224.0,36.97657,120.74123
B168,339,3,7,stop,2,18,12,233295.0,36.97627,120.74215
B168,339,3,7,stop,16,17,13,2327845.0,36.97534,120.74277
B168,339,3,7,stop,22,16,14,3251050.0,36.97525,120.74266
B168,339,3,7,stop,25,15,15,3536957.0,36.97468,120.7427
B168,339,3,7,stop,5,14,16,535056.0,36.97345,120.74242
B168,339,3,7,stop,12,13,17,1574897.0,36.97044,120.74336
B168,339,3,7,stop,9,11,18,1165367.0,36.97015,120.74162
B168,339,3,7,stop,10,12,19,1391285.0,36.97058,120.74149
B168,339,3,7,stop,7,24,20,911733.0,36.97239,120.73931
B168,339,3,7,stop,18,23,21,2543477.0,36.97394,120.73796
B168,339,3,7,stop,24,25,22,3366826.0,36.97399,120.73371
B168,339,3,7,stop,14,4,23,1958404.0,36.94927,120.70891
B168,339,3,7,stop,20,3,24,2803508.0,36.94385,120.70285
B168,339,3,7,stop,26,7,25,3744876.0,36.93502,120.71448
B168,339,3,7,stop,15,6,26,2171463.0,36.93524,120.70868
B168,339,3,7,stop,23,8,27,3253912.0,36.93489,120.69516
B168,339,3,7,stop,6,9,28,727648.0,36.92608,120.69168
B168,339,3,7,stop,29,10,29,4200265.0,36.88993,120.68613
B168,339,3,7,stop,17,1,30,2383403.0,36.95725,120.65858
B169,1636,3,16,depot,0,0,0,,37.55126,121.28262
B169,1636,3,16,stop,24,1,1,3526000.0,37.56266,121.26784
B169,1636,3,16,stop,10,3,2,1474242.0,37.56372,121.26866
B169,1636,3,16,stop,20,2,3,2749864.0,37.56369,121.2676
B169,1636,3,16,stop,8,4,4,1187577.0,37.5642,121.26601
B169,1636,3,16,stop,16,5,5,1854976.0,37.56398,121.26536
B169,1636,3,16,stop,29,6,6,4134165.0,37.56412,121.26441
B169,1636,3,16,stop,15,7,7,1842915.0,37.56341,121.26298
B169,1636,3,16,stop,12,8,8,1604463.0,37.5619,121.26235
B169,1636,3,16,stop,28,9,9,4132059.0,37.56345,121.26057
B169,1636,3,16,stop,6,29,10,973663.0,37.56223,121.25605
B169,1636,3,16,stop,2,14,11,232987.0,37.56438,121.25696
B169,1636,3,16,stop,1,15,12,145266.0,37.56497,121.25646
B169,1636,3,16,stop,7,18,13,1054787.0,37.56611,121.25209
B169,1636,3,16,stop,26,19,14,3839647.0,37.56645,121.25081
B169,1636,3,16,stop,9,20,15,1265738.0,37.56645,121.25058
B169,1636,3,16,stop,11,21,16,1573718.0,37.56579,121.25015
B169,1636,3,16,stop,21,22,17,2796686.0,37.5654,121.24992
B169,1636,3,16,stop,3,23,18,272236.0,37.56616,121.24908
B169,1636,3,16,stop,14,24,19,1747680.0,37.56607,121.24815
B169,1636,3,16,stop,30,25,20,4377011.0,37.56577,121.24791
B169,1636,3,16,stop,13,26,21,1685906.0,37.56732,121.24757
B169,1636,3,16,stop,4,27,22,403996.0,37.56757,121.24916
B169,1636,3,16,stop,5,28,23,844097.0,37.57052,121.25658
B169,1636,3,16,stop,18,17,24,2096076.0,37.5672,121.255
B169,1636,3,16,stop,22,16,25,3058889.0,37.56572,121.25792
B169,1636,3,16,stop,17,13,26,1967323.0,37.56456,121.25852
B169,1636,3,16,stop,27,12,27,4078668.0,37.56457,121.25861
B169,1636,3,16,stop,23,10,28,3302439.0,37.56484,121.26178
B169,1636,3,16,stop,19,11,29,2131630.0,37.56596,121.26321
B169,1636,3,16,stop,25,30,30,3603580.0,37.56866,121.26926
B170,2497,4,11,depot,0,0,0,,37.55126,121.28266
B170,2497,4,11,stop,24,1,1,3552175.0,37.53024,121.25327
B170,2497,4,11,stop,11,3,2,2192182.0,37.5555,121.17553
B170,2497,4,11,stop,28,2,3,4338856.0,37.55558,121.17562
B170,2497,4,11,stop,27,6,4,3946529.0,37.56228,121.17519
B170,2497,4,11,stop,3,4,5,319983.0,37.5591,121.16853
B170,2497,4,11,stop,21,5,6,3176174.0,37.55909,121.16844
B170,2497,4,11,stop,14,17,7,2680783.0,37.55655,121.15032
B170,2497,4,11,stop,2,16,8,49866.0,37.5586,121.14905
B170,2497,4,11,stop,15,15,9,2724986.0,37.56615,121.14899
B170,2497,4,11,stop,10,14,10,2090029.0,37.56962,121.14822
B170,2497,4,11,stop,9,18,11,1775074.0,37.56209,121.14034
B170,2497,4,11,stop,17,19,12,2743161.0,37.56348,121.13791
B170,2497,4,11,stop,18,20,13,2780179.0,37.56855,121.13072
B170,2497,4,11,stop,30,27,14,4509864.0,37.55579,121.09902
B170,2497,4,11,stop,26,28,15,3669978.0,37.55708,121.08849
B170,2497,4,11,stop,19,29,16,2865763.0,37.55699,121.08717
B170,2497,4,11,stop,5,30,17,406470.0,37.55535,121.07955
B170,2497,4,11,stop,13,26,18,2677892.0,37.58197,121.11727
B170,2497,4,11,stop,25,25,19,3583720.0,37.58151,121.12133
B170,2497,4,11,stop,1,24,20,33126.0,37.58353,121.12308
B170,2497,4,11,stop,20,23,21,3133585.0,37.57889,121.12978
B170,2497,4,11,stop,23,22,22,3539369.0,37.57907,121.13031
B170,2497,4,11,stop,16,21,23,2733815.0,37.57431,121.13761
B170,2497,4,11,stop,29,13,24,4470091.0,37.57811,121.14748
B170,2497,4,11,stop,12,12,25,2466177.0,37.57616,121.17089
B170,2497,4,11,stop,4,11,26,359809.0,37.57472,121.17005
B170,2497,4,11,stop,7,10,27,845080.0,37.57413,121.16972
B170,2497,4,11,stop,8,9,28,1421967.0,37.574,121.16973
B170,2497,4,11,stop,22,8,29,3295387.0,37.574,121.17045
B170,2497,4,11,stop,6,7,30,590687.0,37.57007,121.17587
B171,616,2,9,depot,0,0,0,,36.95737,120.65856
B171,616,2,9,stop,21,1,1,3183319.0,36.96387,120.6831
B171,616,2,9,stop,26,2,2,4445786.0,36.96438,120.68649
B171,616,2,9,stop,8,3,3,1618197.0,36.96555,120.69024
B171,616,2,9,stop,7,4,4,1319838.0,36.96632,120.69497
B171,616,2,9,stop,19,5,5,2668806.0,36.96348,120.69846
B171,616,2,9,stop,11,6,6,1792851.0,36.964,120.69972
B171,616,2,9,stop,25,7,7,4191959.0,36.96128,120.70227
B171,616,2,9,stop,27,8,8,4479229.0,36.95972,120.70609
B171,616,2,9,stop,17,9,9,2277482.0,36.95946,120.70717
B171,616,2,9,stop,14,10,10,2049615.0,36.96051,120.70677
B171,616,2,9,stop,24,13,11,4163917.0,36.96317,120.70923
B171,616,2,9,stop,2,12,12,181465.0,36.96276,120.7095
B171,616,2,9,stop,22,11,13,3393021.0,36.96152,120.70945
B171,616,2,9,stop,1,15,14,137249.0,36.95997,120.71349
B171,616,2,9,stop,12,14,15,1804275.0,36.95942,120.71263
B171,616,2,9,stop,15,21,16,2103986.0,36.95785,120.71267
B171,616,2,9,stop,16,16,17,2152216.0,36.95918,120.71514
B171,616,2,9,stop,20,17,18,2990567.0,36.95969,120.71568
B171,616,2,9,stop,3,20,19,666811.0,36.95772,120.71792
B171,616,2,9,stop,4,19,20,795794.0,36.95788,120.71795
B171,616,2,9,stop,23,18,21,3421642.0,36.96004,120.71747
B171,616,2,9,stop,5,22,22,977462.0,36.96286,120.71755
B171,616,2,9,stop,9,25,23,1625906.0,36.96561,120.71548
B171,616,2,9,stop,18,23,24,2392016.0,36.96523,120.71731
B171,616,2,9,stop,13,24,25,1917032.0,36.96535,120.71764
B171,616,2,9,stop,10,26,26,1700219.0,36.96753,120.71845
B171,616,2,9,stop,6,27,27,1118742.0,36.99538,120.71259
B172,1514,0,11,depot,0,0,0,,37.41104,121.38059
B172,1514,0,11,stop,12,1,1,3891770.0,37.48613,121.36335
B172,1514,0,11,stop,5,2,2,1099403.0,37.49297,121.35836
B172,1514,0,11,stop,10,13,3,3469967.0,37.50408,121.36398
B172,1514,0,11,stop,4,12,4,880227.0,37.50305,121.36137
B172,1514,0,11,stop,3,11,5,388588.0,37.50025,121.34986
B172,1514,0,11,stop,13,10,6,4284530.0,37.50004,121.3482
B172,1514,0,11,stop,6,9,7,1782925.0,37.50127,121.34717
B172,1514,0,11,stop,11,8,8,3813137.0,37.50096,121.34516
B172,1514,0,11,stop,9,7,9,2564991.0,37.49854,121.34476
B172,1514,0,11,stop,8,6,10,2495556.0,37.49727,121.34567
B172,1514,0,11,stop,7,5,11,2358162.0,37.49724,121.34659
B172,1514,0,11,stop,2,3,12,237118.0,37.49631,121.34945
B172,1514,0,11,stop,1,4,13,98865.0,37.49492,121.34742
B173,2388,1,14,depot,0,0,0,,37.38602,120.41497
B173,2388,1,14,stop,30,1,1,4458841.0,37.36006,120.40399
B173,2388,1,14,stop,24,2,2,3651082.0,37.35669,120.39907
B173,2388,1,14,stop,14,3,3,1360407.0,37.35374,120.4003
B173,2388,1,14,stop,22,4,4,3170402.0,37.35219,120.40315
B173,2388,1,14,stop,11,5,5,989790.0,37.35245,120.40568
B173,2388,1,14,stop,20,6,6,2508954.0,37.35161,120.40684
B173,2388,1,14,stop,25,30,7,3789221.0,37.35357,120.41023
B173,2388,1,14,stop,16,7,8,1827668.0,37.3503,120.40808
B173,2388,1,14,stop,27,8,9,4139969.0,37.34977,120.40653
B173,2388,1,14,stop,1,9,10,219685.0,37.34734,120.40193
B173,2388,1,14,stop,18,10,11,2203986.0,37.34436,120.39377
B173,2388,1,14,stop,12,12,12,1060415.0,37.34786,120.38661
B173,2388,1,14,stop,10,11,13,980602.0,37.34877,120.38795
B173,2388,1,14,stop,29,15,14,4245887.0,37.35368,120.38697
B173,2388,1,14,stop,23,13,15,3282253.0,37.35118,120.39138
B173,2388,1,14,stop,9,14,16,957241.0,37.35135,120.39179
B173,2388,1,14,stop,4,29,17,315168.0,37.35588,120.39518
B173,2388,1,14,stop,5,28,18,360256.0,37.35581,120.39444
B173,2388,1,14,stop,13,16,19,1136439.0,37.35591,120.39135
B173,2388,1,14,stop,8,17,20,790774.0,37.35723,120.3904
B173,2388,1,14,stop,15,18,21,1789643.0,37.35744,120.38969
B173,2388,1,14,stop,26,19,22,4100183.0,37.35815,120.38995
B173,2388,1,14,stop,7,20,23,621308.0,37.35836,120.39007
B173,2388,1,14,stop,28,21,24,4184521.0,37.35839,120.39148
B173,2388,1,14,stop,17,22,25,1989379.0,37.3585,120.39156
B173,2388,1,14,stop,3,23,26,267727.0,37.35873,120.39207
B173,2388,1,14,stop,19,26,27,2480884.0,37.35959,120.39083
B173,2388,1,14,stop,21,25,28,2840222.0,37.35997,120.39201
B173,2388,1,14,stop,6,24,29,577960.0,37.35953,120.39233
B173,2388,1,14,stop,2,27,30,230234.0,37.35993,120.39383
B174,339,2,7,depot,0,0,0,,36.95734,120.65865
B174,339,2,7,stop,30,30,1,4439256.0,36.9221,120.65303
B174,339,2,7,stop,4,29,2,858988.0,36.90094,120.6961
B174,339,2,7,stop,28,9,3,4294629.0,36.92057,120.71348
B174,339,2,7,stop,7,10,4,1076639.0,36.92214,120.73201
B174,339,2,7,stop,29,8,5,4414733.0,36.92826,120.72027
B174,339,2,7,stop,1,7,6,873.0,36.93511,120.71435
B174,339,2,7,stop,24,6,7,3889546.0,36.93508,120.71401
B174,339,2,7,stop,12,5,8,1944294.0,36.93529,120.71391
B174,339,2,7,stop,15,11,9,2343278.0,36.94722,120.71788
B174,339,2,7,stop,19,12,10,3463498.0,36.95068,120.7196
B174,339,2,7,stop,27,13,11,4256511.0,36.95283,120.71745
B174,339,2,7,stop,22,23,12,3743218.0,36.97395,120.73353
B174,339,2,7,stop,8,24,13,1127222.0,36.97515,120.7383
B174,339,2,7,stop,9,25,14,1482880.0,36.97471,120.73999
B174,339,2,7,stop,6,26,15,969400.0,36.97534,120.74278
B174,339,2,7,stop,2,27,16,333675.0,36.97827,120.73546
B174,339,2,7,stop,3,28,17,546538.0,36.97867,120.72851
B174,339,2,7,stop,5,22,18,939311.0,36.96148,120.71837
B174,339,2,7,stop,21,21,19,3632612.0,36.95462,120.70713
B174,339,2,7,stop,16,20,20,2533937.0,36.95506,120.70195
B174,339,2,7,stop,11,19,21,1770991.0,36.9545,120.7008
B174,339,2,7,stop,25,18,22,3892614.0,36.95119,120.70089
B174,339,2,7,stop,10,17,23,1750914.0,36.95136,120.70486
B174,339,2,7,stop,17,14,24,2858040.0,36.94893,120.70954
B174,339,2,7,stop,13,15,25,1981841.0,36.94808,120.71028
B174,339,2,7,stop,26,16,26,4157320.0,36.94783,120.71005
B174,339,2,7,stop,20,4,27,3538610.0,36.93456,120.70938
B174,339,2,7,stop,23,3,28,3812612.0,36.92634,120.69402
B174,339,2,7,stop,14,2,29,2331611.0,36.93508,120.68927
B174,339,2,7,stop,18,1,30,3203405.0,36.94257,120.68112
B175,2082,3,9,depot,0,0,0,,37.41101,121.38058
B175,2082,3,9,stop,5,1,1,438835.0,37.44816,121.35648
B175,2082,3,9,stop,2,2,2,42964.0,37.45848,121.36972
B175,2082,3,9,stop,26,3,3,3205456.0,37.46946,121.37392
B175,2082,3,9,stop,4,4,4,294981.0,37.47153,121.37539
B175,2082,3,9,stop,21,5,5,2708743.0,37.47153,121.37541
B175,2082,3,9,stop,27,6,6,3313008.0,37.47067,121.37752
B175,2082,3,9,stop,15,7,7,2096630.0,37.47349,121.37913
B175,2082,3,9,stop,1,9,8,13718.0,37.47879,121.37612
B175,2082,3,9,stop,3,10,9,195156.0,37.48089,121.37654
B175,2082,3,9,stop,20,11,10,2669943.0,37.48145,121.37511
B175,2082,3,9,stop,18,16,11,2542009.0,37.48655,121.37543
B175,2082,3,9,stop,19,30,12,2648851.0,37.50396,121.36353
B175,2082,3,9,stop,17,29,13,2465496.0,37.50405,121.36364
B175,2082,3,9,stop,25,28,14,3156633.0,37.50408,121.36616
B175,2082,3,9,stop,9,19,15,1205432.0,37.50715,121.36794
B175,2082,3,9,stop,16,18,16,2248215.0,37.50703,121.37089
B175,2082,3,9,stop,8,20,17,1085183.0,37.50936,121.36872
B175,2082,3,9,stop,7,21,18,973351.0,37.51058,121.37243
B175,2082,3,9,stop,23,22,19,2731387.0,37.51053,121.37293
B175,2082,3,9,stop,6,23,20,534111.0,37.51366,121.37349
B175,2082,3,9,stop,12,24,21,1383189.0,37.51101,121.37726
B175,2082,3,9,stop,30,25,22,4104397.0,37.51106,121.37873
B175,2082,3,9,stop,24,26,23,2778104.0,37.50749,121.37851
B175,2082,3,9,stop,10,27,24,1241927.0,37.50646,121.37726
B175,2082,3,9,stop,29,17,25,3931645.0,37.50542,121.37285
B175,2082,3,9,stop,22,15,26,2720575.0,37.48732,121.37705
B175,2082,3,9,stop,28,14,27,3716009.0,37.48686,121.3767
B175,2082,3,9,stop,14,12,28,2022612.0,37.48322,121.3792
B175,2082,3,9,stop,11,13,29,1264666.0,37.48273,121.38122
B175,2082,3,9,stop,13,8,30,1987173.0,37.47231,121.38237
B176,2675,5,13,depot,0,0,0,,37.41129,121.38018
B176,2675,5,13,stop,19,22,1,2851984.0,37.51826,121.42383
B176,2675,5,13,stop,14,21,2,2042944.0,37.5186,121.42296
B176,2675,5,13,stop,3,20,3,613524.0,37.52006,121.42036
B176,2675,5,13,stop,22,19,4,4053542.0,37.52081,121.42157
B176,2675,5,13,stop,17,18,5,2259868.0,37.52086,121.42189
B176,2675,5,13,stop,5,23,6,950954.0,37.5325,121.42042
B176,2675,5,13,stop,6,17,7,1220877.0,37.52415,121.42852
B176,2675,5,13,stop,4,14,8,665380.0,37.52215,121.42821
B176,2675,5,13,stop,7,15,9,1227993.0,37.52153,121.4268
B176,2675,5,13,stop,9,16,10,1463230.0,37.52096,121.42684
B176,2675,5,13,stop,13,13,11,2034417.0,37.52118,121.4379
B176,2675,5,13,stop,2,12,12,544577.0,37.52129,121.43832
B176,2675,5,13,stop,21,11,13,3625220.0,37.52144,121.44041
B176,2675,5,13,stop,20,10,14,3340340.0,37.52045,121.44064
B176,2675,5,13,stop,12,8,15,1935499.0,37.45148,121.49169
B176,2675,5,13,stop,8,7,16,1452372.0,37.4512,121.49237
B176,2675,5,13,stop,1,9,17,533044.0,37.44773,121.5045
B176,2675,5,13,stop,11,6,18,1703841.0,37.44845,121.49239
B176,2675,5,13,stop,16,4,19,2221895.0,37.44921,121.49235
B176,2675,5,13,stop,10,3,20,1614873.0,37.44928,121.49201
B176,2675,5,13,stop,23,5,21,4473877.0,37.44973,121.49204
B176,2675,5,13,stop,18,2,22,2409457.0,37.44484,121.47186
B176,2675,5,13,stop,15,1,23,2172955.0,37.44287,121.47072
B177,229,0,11,depot,0,0,0,,37.5513,121.28261
B177,229,0,11,stop,17,3,1,2470425.0,37.56827,121.22152
B177,229,0,11,stop,5,4,2,995257.0,37.56809,121.22124
B177,229,0,11,stop,28,25,3,4145712.0,37.57156,121.18654
B177,229,0,11,stop,12,24,4,1761485.0,37.57087,121.18609
B177,229,0,11,stop,10,23,5,1702996.0,37.57072,121.18295
B177,229,0,11,stop,11,22,6,1733558.0,37.57126,121.18358
B177,229,0,11,stop,15,21,7,2041369.0,37.57191,121.18445
B177,229,0,11,stop,24,20,8,3643129.0,37.57305,121.18527
B177,229,0,11,stop,6,19,9,1357979.0,37.57327,121.18316
B177,229,0,11,stop,9,18,10,1679891.0,37.57631,121.18244
B177,229,0,11,stop,8,17,11,1391786.0,37.57803,121.18296
B177,229,0,11,stop,19,26,12,2733178.0,37.57792,121.17292
B177,229,0,11,stop,26,27,13,3971862.0,37.57922,121.1692
B177,229,0,11,stop,22,30,14,3212791.0,37.58267,121.17289
B177,229,0,11,stop,20,28,15,2886405.0,37.58181,121.17291
B177,229,0,11,stop,1,29,16,238329.0,37.58136,121.17356
B177,229,0,11,stop,16,15,17,2208113.0,37.58173,121.18332
B177,229,0,11,stop,3,16,18,536938.0,37.58227,121.18476
B177,229,0,11,stop,21,14,19,3206972.0,37.58006,121.18446
B177,229,0,11,stop,25,13,20,3788664.0,37.57997,121.18425
B177,229,0,11,stop,23,12,21,3554312.0,37.57858,121.18475
B177,229,0,11,stop,13,11,22,1774950.0,37.57792,121.18767
B177,229,0,11,stop,27,10,23,4139374.0,37.5796,121.19547
B177,229,0,11,stop,4,8,24,670737.0,37.57807,121.20225
B177,229,0,11,stop,30,9,25,4423158.0,37.57852,121.20304
B177,229,0,11,stop,18,7,26,2625623.0,37.57687,121.20286
B177,229,0,11,stop,2,6,27,404491.0,37.57589,121.2047
B177,229,0,11,stop,14,5,28,1927149.0,37.57693,121.20591
B177,229,0,11,stop,29,2,29,4269011.0,37.56945,121.22106
B177,229,0,11,stop,7,1,30,1361827.0,37.5695,121.2221
B178,27,3,10,depot,0,0,0,,37.48166,121.28289
B178,27,3,10,stop,22,1,1,3524545.0,37.48825,121.25982
B178,27,3,10,stop,16,4,2,2344269.0,37.49203,121.25425
B178,27,3,10,stop,14,5,3,2121657.0,37.49265,121.25354
B178,27,3,10,stop,2,6,4,267490.0,37.49771,121.25334
B178,27,3,10,stop,17,7,5,2375190.0,37.4979,121.2536
B178,27,3,10,stop,11,8,6,1588950.0,37.49879,121.25443
B178,27,3,10,stop,12,9,7,1967702.0,37.50058,121.2548
B178,27,3,10,stop,30,10,8,4402316.0,37.50226,121.25381
B178,27,3,10,stop,3,11,9,291899.0,37.50261,121.25287
B178,27,3,10,stop,27,15,10,3952895.0,37.50329,121.25607
B178,27,3,10,stop,9,24,11,1487251.0,37.50303,121.25957
B178,27,3,10,stop,24,23,12,3721113.0,37.50969,121.26248
B178,27,3,10,stop,6,22,13,892069.0,37.50974,121.26251
B178,27,3,10,stop,20,20,14,2931810.0,37.5119,121.25885
B178,27,3,10,stop,15,21,15,2155816.0,37.51355,121.25854
B178,27,3,10,stop,21,19,16,3151820.0,37.51158,121.25534
B178,27,3,10,stop,26,18,17,3764897.0,37.50885,121.25737
B178,27,3,10,stop,19,17,18,2554743.0,37.50618,121.25612
B178,27,3,10,stop,13,16,19,2070472.0,37.50593,121.25601
B178,27,3,10,stop,29,14,20,4336914.0,37.50457,121.25586
B178,27,3,10,stop,28,12,21,4069216.0,37.50463,121.25416
B178,27,3,10,stop,7,13,22,1028435.0,37.50475,121.25403
B178,27,3,10,stop,8,25,23,1039671.0,37.50714,121.24449
B178,27,3,10,stop,1,29,24,59636.0,37.51041,121.24128
B178,27,3,10,stop,23,28,25,3688737.0,37.51057,121.2412
B178,27,3,10,stop,25,27,26,3721199.0,37.50967,121.23805
B178,27,3,10,stop,10,26,27,1510874.0,37.50571,121.2401
B178,27,3,10,stop,18,30,28,2514573.0,37.48652,121.22954
B178,27,3,10,stop,4,3,29,356579.0,37.48627,121.2561
B178,27,3,10,stop,5,2,30,853380.0,37.48703,121.25926
B179,2083,6,13,depot,0,0,0,,36.95739,120.65846
B179,2083,6,13,stop,5,1,1,2912129.0,36.97246,120.69975
B179,2083,6,13,stop,3,2,2,1046138.0,36.97266,120.7035
B179,2083,6,13,stop,6,9,3,3134420.0,36.97125,120.72926
B179,2083,6,13,stop,10,7,4,4488769.0,36.97118,120.72932
B179,2083,6,13,stop,1,6,5,314442.0,36.97113,120.72923
B179,2083,6,13,stop,8,5,6,3886647.0,36.97111,120.72925
B179,2083,6,13,stop,7,8,7,3266657.0,36.97113,120.72936
B179,2083,6,13,stop,2,10,8,775222.0,36.95477,120.77433
B179,2083,6,13,stop,9,4,9,4443478.0,36.95165,120.72796
B179,2083,6,13,stop,4,3,10,2901266.0,36.95946,120.70828
B180,4800,3,10,depot,0,0,0,,37.38611,120.41497
B180,4800,3,10,stop,3,1,1,1165784.0,37.35527,120.43992
B180,4800,3,10,stop,4,2,2,1707393.0,37.3553,120.44013
B180,4800,3,10,stop,5,3,3,2652276.0,37.35513,120.44025
B180,4800,3,10,stop,7,4,4,3382206.0,37.35492,120.44019
B180,4800,3,10,stop,2,5,5,609598.0,37.3142,120.53218
B180,4800,3,10,stop,6,6,6,2742890.0,37.39544,120.56208
B180,4800,3,10,stop,1,7,7,149457.0,37.39552,120.56207
B180,4800,3,10,stop,8,8,8,3501675.0,37.3956,120.56218
B181,1426,4,10,depot,0,0,0,,37.63179,120.52143
B181,1426,4,10,stop,9,17,1,2256521.0,37.63501,120.55081
B181,1426,4,10,stop,3,14,2,1030663.0,37.64269,120.55028
B181,1426,4,10,stop,1,15,3,76267.0,37.64315,120.55394
B181,1426,4,10,stop,15,16,4,3743259.0,37.64474,120.55521
B181,1426,4,10,stop,16,18,5,4018759.0,37.65767,120.55509
B181,1426,4,10,stop,17,13,6,4218386.0,37.64838,120.5439
B181,1426,4,10,stop,13,12,7,3288242.0,37.65221,120.54442
B181,1426,4,10,stop,8,10,8,1925095.0,37.65633,120.54133
B181,1426,4,10,stop,19,11,9,4434839.0,37.65882,120.53716
B181,1426,4,10,stop,14,9,10,3471198.0,37.65112,120.53578
B181,1426,4,10,stop,7,8,11,1638765.0,37.65324,120.53079
B181,1426,4,10,stop,5,7,12,1312425.0,37.65562,120.52927
B181,1426,4,10,stop,18,6,13,4284077.0,37.65693,120.52852
B181,1426,4,10,stop,11,5,14,3081732.0,37.6564,120.52318
B181,1426,4,10,stop,10,4,15,2971538.0,37.6575,120.52094
B181,1426,4,10,stop,6,3,16,1430930.0,37.65692,120.51725
B181,1426,4,10,stop,4,20,17,1257265.0,37.66333,120.51354
B181,1426,4,10,stop,2,19,18,320384.0,37.65926,120.51364
B181,1426,4,10,stop,20,2,19,4459644.0,37.63842,120.50296
B181,1426,4,10,stop,12,1,20,3184019.0,37.63157,120.50447
B182,1586,6,7,depot,0,0,0,,37.41106,121.38039
B182,1586,6,7,stop,11,1,1,3152087.0,37.43516,121.50912
B182,1586,6,7,stop,13,3,2,3565311.0,37.44068,121.51932
B182,1586,6,7,stop,3,9,3,1998955.0,37.44516,121.51984
B182,1586,6,7,stop,6,11,4,2337323.0,37.45295,121.51385
B182,1586,6,7,stop,14,10,5,3678188.0,37.45235,121.52158
B182,1586,6,7,stop,2,8,6,1290543.0,37.44589,121.52407
B182,1586,6,7,stop,18,7,7,4188872.0,37.44566,121.5234
B182,1586,6,7,stop,17,6,8,4046502.0,37.44552,121.52332
B182,1586,6,7,stop,7,5,9,2531886.0,37.44288,121.52358
B182,1586,6,7,stop,4,4,10,2202614.0,37.44136,121.5228
B182,1586,6,7,stop,12,14,11,3560740.0,37.43926,121.53673
B182,1586,6,7,stop,9,13,12,2653723.0,37.4383,121.53438
B182,1586,6,7,stop,15,12,13,3929964.0,37.43633,121.53001
B182,1586,6,7,stop,19,2,14,4455733.0,37.43424,121.52135
B182,1586,6,7,stop,8,16,15,2544711.0,37.42163,121.52279
B182,1586,6,7,stop,5,15,16,2311850.0,37.42056,121.52558
B182,1586,6,7,stop,1,17,17,428723.0,37.41351,121.52753
B182,1586,6,7,stop,16,18,18,3977274.0,37.41122,121.531
B182,1586,6,7,stop,10,19,19,2971912.0,37.40834,121.52527
B183,2976,5,10,depot,0,0,0,,37.15419,119.94945
B183,2976,5,10,stop,9,5,1,1256948.0,37.16762,119.96238
B183,2976,5,10,stop,20,4,2,2516010.0,37.17005,119.96018
B183,2976,5,10,stop,13,3,3,1587030.0,37.16935,119.95434
B183,2976,5,10,stop,24,2,4,3326988.0,37.16815,119.95319
B183,2976,5,10,stop,4,8,5,394571.0,37.17252,119.94988
B183,2976,5,10,stop,12,11,6,1473601.0,37.17033,119.94823
B183,2976,5,10,stop,27,10,7,3802108.0,37.17155,119.94735
B183,2976,5,10,stop,2,9,8,161840.0,37.17248,119.94753
B183,2976,5,10,stop,15,12,9,1863480.0,37.17357,119.94563
B183,2976,5,10,stop,29,7,10,4333728.0,37.17633,119.94907
B183,2976,5,10,stop,6,6,11,841067.0,37.17632,119.95403
B183,2976,5,10,stop,5,21,12,652901.0,37.18271,119.9486
B183,2976,5,10,stop,8,20,13,1139136.0,37.18345,119.94869
B183,2976,5,10,stop,17,19,14,2134884.0,37.18938,119.94926
B183,2976,5,10,stop,22,25,15,3101024.0,37.19737,119.9482
B183,2976,5,10,stop,14,24,16,1832338.0,37.19861,119.9466
B183,2976,5,10,stop,11,23,17,1417522.0,37.19729,119.94201
B183,2976,5,10,stop,28,22,18,3998634.0,37.19605,119.94394
B183,2976,5,10,stop,30,18,19,4392067.0,37.19052,119.94444
B183,2976,5,10,stop,23,17,20,3184453.0,37.18847,119.94043
B183,2976,5,10,stop,10,16,21,1365005.0,37.18561,119.94403
B183,2976,5,10,stop,21,15,22,2653443.0,37.18418,119.94556
B183,2976,5,10,stop,19,14,23,2444901.0,37.1825,119.94154
B183,2976,5,10,stop,7,13,24,917532.0,37.18145,119.94093
B183,2976,5,10,stop,18,30,25,2407072.0,37.06212,119.69425
B183,2976,5,10,stop,1,29,26,30514.0,37.04115,119.76603
B183,2976,5,10,stop,25,28,27,3364664.0,37.03703,119.76564
B183,2976,5,10,stop,26,27,28,3485744.0,37.03722,119.76872
B183,2976,5,10,stop,16,26,29,2056109.0,37.03649,119.78162
B183,2976,5,10,stop,3,1,30,162106.0,37.14972,119.95282
B184,881,4,10,depot,0,0,0,,37.5462,121.3386
B184,881,4,10,stop,8,1,1,1124777.0,37.59293,121.36905
B184,881,4,10,stop,30,2,2,4427079.0,37.59312,121.36902
B184,881,4,10,stop,22,3,3,3203012.0,37.59345,121.36988
B184,881,4,10,stop,11,4,4,1698831.0,37.59412,121.37062
B184,881,4,10,stop,25,5,5,3626003.0,37.59417,121.37212
B184,881,4,10,stop,29,6,6,4259222.0,37.59548,121.37191
B184,881,4,10,stop,23,7,7,3274147.0,37.60079,121.37039
B184,881,4,10,stop,7,8,8,1092954.0,37.60133,121.36998
B184,881,4,10,stop,9,9,9,1245746.0,37.60273,121.36883
B184,881,4,10,stop,18,10,10,2514388.0,37.60417,121.37009
B184,881,4,10,stop,13,13,11,1943874.0,37.60707,121.37353
B184,881,4,10,stop,27,12,12,3910907.0,37.6071,121.374
B184,881,4,10,stop,26,11,13,3741134.0,37.6052,121.37407
B184,881,4,10,stop,5,14,14,889435.0,37.60449,121.37809
B184,881,4,10,stop,28,15,15,4115334.0,37.60302,121.37732
B184,881,4,10,stop,16,16,16,2267980.0,37.6025,121.37964
B184,881,4,10,stop,1,17,17,267035.0,37.60553,121.38135
B184,881,4,10,stop,24,18,18,3499178.0,37.60627,121.38136
B184,881,4,10,stop,14,19,19,2032908.0,37.60615,121.38337
B184,881,4,10,stop,2,20,20,389682.0,37.6058,121.384
B184,881,4,10,stop,12,22,21,1761466.0,37.60487,121.38431
B184,881,4,10,stop,17,21,22,2497983.0,37.60557,121.38498
B184,881,4,10,stop,15,23,23,2035527.0,37.60487,121.38614
B184,881,4,10,stop,3,24,24,646436.0,37.6056,121.3939
B184,881,4,10,stop,6,25,25,1030053.0,37.60707,121.39559
B184,881,4,10,stop,21,26,26,3123696.0,37.6031,121.39872
B184,881,4,10,stop,19,27,27,2663444.0,37.60228,121.39901
B184,881,4,10,stop,4,28,28,875153.0,37.59753,121.42564
B184,881,4,10,stop,20,29,29,2702498.0,37.59767,121.42669
B184,881,4,10,stop,10,30,30,1567925.0,37.51727,121.44732
B185,858,4,10,depot,0,0,0,,37.41113,121.38023
B185,858,4,10,stop,20,1,1,3725603.0,37.43214,121.4811
B185,858,4,10,stop,8,2,2,1317443.0,37.43814,121.49256
B185,858,4,10,stop,2,13,3,400686.0,37.44781,121.49835
B185,858,4,10,stop,5,14,4,909230.0,37.44807,121.49831
B185,858,4,10,stop,7,15,5,1189162.0,37.44806,121.49846
B185,858,4,10,stop,18,12,6,3363487.0,37.44358,121.50584
B185,858,4,10,stop,1,11,7,272894.0,37.43881,121.50392
B185,858,4,10,stop,16,7,8,3214785.0,37.43535,121.50818
B185,858,4,10,stop,3,9,9,418439.0,37.43232,121.51119
B185,858,4,10,stop,13,10,10,2956418.0,37.43229,121.51122
B185,858,4,10,stop,9,8,11,1373750.0,37.43195,121.50952
B185,858,4,10,stop,10,6,12,1793455.0,37.43331,121.50163
B185,858,4,10,stop,11,5,13,1849426.0,37.43338,121.50028
B185,858,4,10,stop,14,3,14,2997996.0,37.43371,121.49739
B185,858,4,10,stop,19,4,15,3586865.0,37.43313,121.49801
B185,858,4,10,stop,6,16,16,927573.0,37.42622,121.49721
B185,858,4,10,stop,22,17,17,3780623.0,37.42564,121.49832
B185,858,4,10,stop,23,18,18,4114868.0,37.42514,121.50094
B185,858,4,10,stop,4,19,19,683043.0,37.42328,121.50822
B185,858,4,10,stop,12,20,20,2014803.0,37.41499,121.50469
B185,858,4,10,stop,17,21,21,3239883.0,37.41475,121.5047
B185,858,4,10,stop,21,22,22,3739217.0,37.41502,121.5027
B185,858,4,10,stop,24,23,23,4276908.0,37.4151,121.49949
B185,858,4,10,stop,15,24,24,3127080.0,37.41455,121.49808
B186,615,6,14,depot,0,0,0,,37.523,121.3816
B186,615,6,14,stop,27,1,1,3554146.0,37.52339,121.40174
B186,615,6,14,stop,10,2,2,1555746.0,37.52305,121.40279
B186,615,6,14,stop,16,3,3,2296208.0,37.52443,121.40702
B186,615,6,14,stop,23,29,4,2751220.0,37.52223,121.42673
B186,615,6,14,stop,13,27,5,2110101.0,37.52626,121.43258
B186,615,6,14,stop,22,28,6,2709297.0,37.52701,121.43515
B186,615,6,14,stop,8,25,7,1375605.0,37.52852,121.43404
B186,615,6,14,stop,26,24,8,3370276.0,37.52857,121.43348
B186,615,6,14,stop,9,26,9,1413904.0,37.52938,121.43233
B186,615,6,14,stop,19,23,10,2458238.0,37.52777,121.43263
B186,615,6,14,stop,14,22,11,2161032.0,37.52764,121.4324
B186,615,6,14,stop,11,21,12,1682748.0,37.52818,121.43162
B186,615,6,14,stop,24,20,13,2929064.0,37.52777,121.42961
B186,615,6,14,stop,6,18,14,1292432.0,37.53146,121.4237
B186,615,6,14,stop,18,19,15,2437968.0,37.53165,121.42356
B186,615,6,14,stop,20,17,16,2599928.0,37.53124,121.42335
B186,615,6,14,stop,3,16,17,601043.0,37.53134,121.42249
B186,615,6,14,stop,12,15,18,2107386.0,37.53256,121.41925
B186,615,6,14,stop,29,14,19,4128556.0,37.53266,121.41876
B186,615,6,14,stop,28,13,20,3639715.0,37.53385,121.41502
B186,615,6,14,stop,17,12,21,2429129.0,37.5347,121.41492
B186,615,6,14,stop,5,11,22,1285873.0,37.53521,121.41426
B186,615,6,14,stop,4,30,23,914562.0,37.53714,121.41078
B186,615,6,14,stop,2,10,24,477810.0,37.5353,121.41288
B186,615,6,14,stop,7,9,25,1302271.0,37.53409,121.41307
B186,615,6,14,stop,15,8,26,2228655.0,37.53338,121.41187
B186,615,6,14,stop,1,7,27,102349.0,37.531,121.40911
B186,615,6,14,stop,30,4,28,4358508.0,37.52907,121.40963
B186,615,6,14,stop,25,5,29,3282743.0,37.52982,121.40795
B186,615,6,14,stop,21,6,30,2686160.0,37.53118,121.40718
B187,400,6,12,depot,0,0,0,,37.787315,120.85514
B187,400,6,12,stop,27,2,1,3999680.0,37.79931,120.85137
B187,400,6,12,stop,8,3,2,1436634.0,37.80248,120.84275
B187,400,6,12,stop,2,10,3,197661.0,37.79794,120.83438
B187,400,6,12,stop,9,11,4,1604722.0,37.79439,120.83396
B187,400,6,12,stop,20,12,5,2823396.0,37.78624,120.8134
B187,400,6,12,stop,28,13,6,4077568.0,37.7943,120.79721
B187,400,6,12,stop,18,14,7,2465711.0,37.80705,120.75291
B187,400,6,12,stop,1,21,8,130677.0,37.80705,120.75263
B187,400,6,12,stop,21,22,9,2913683.0,37.80698,120.75251
B187,400,6,12,stop,3,20,10,838864.0,37.80715,120.75255
B187,400,6,12,stop,15,19,11,2260867.0,37.80717,120.75265
B187,400,6,12,stop,6,18,12,1307629.0,37.80721,120.7527
B187,400,6,12,stop,16,16,13,2345404.0,37.80728,120.75275
B187,400,6,12,stop,23,17,14,2988562.0,37.80735,120.75278
B187,400,6,12,stop,12,15,15,1810284.0,37.80727,120.75292
B187,400,6,12,stop,26,23,16,3426226.0,37.80978,120.75366
B187,400,6,12,stop,25,4,17,3116210.0,37.80609,120.83702
B187,400,6,12,stop,22,5,18,2918299.0,37.80829,120.83715
B187,400,6,12,stop,11,6,19,1712109.0,37.81085,120.84729
B187,400,6,12,stop,13,7,20,2080026.0,37.82038,120.86103
B187,400,6,12,stop,10,8,21,1703465.0,37.81477,120.87603
B187,400,6,12,stop,14,9,22,2213825.0,37.82068,120.87904
B187,400,6,12,stop,7,24,23,1378745.0,37.79492,120.9318
B187,400,6,12,stop,17,28,24,2433503.0,37.60611,121.05625
B187,400,6,12,stop,4,27,25,1050763.0,37.60671,121.05429
B187,400,6,12,stop,24,26,26,2993803.0,37.61339,121.03882
B187,400,6,12,stop,19,25,27,2521138.0,37.68806,120.98359
B187,400,6,12,stop,5,1,28,1274734.0,37.79094,120.86676
B188,2519,3,11,depot,0,0,0,,37.78731,120.85518
B188,2519,3,11,stop,27,2,1,4056814.0,37.78287,120.83005
B188,2519,3,11,stop,9,3,2,1061142.0,37.78654,120.8087
B188,2519,3,11,stop,23,4,3,3155280.0,37.79091,120.79467
B188,2519,3,11,stop,8,5,4,714716.0,37.79424,120.79107
B188,2519,3,11,stop,4,6,5,545197.0,37.79078,120.78795
B188,2519,3,11,stop,17,7,6,2219069.0,37.79094,120.78705
B188,2519,3,11,stop,29,8,7,4140272.0,37.79547,120.77736
B188,2519,3,11,stop,30,9,8,4332122.0,37.79704,120.77547
B188,2519,3,11,stop,2,10,9,431773.0,37.79638,120.77045
B188,2519,3,11,stop,6,18,10,559814.0,37.79332,120.76861
B188,2519,3,11,stop,16,17,11,1899038.0,37.79009,120.76489
B188,2519,3,11,stop,21,16,12,2937082.0,37.79396,120.76033
B188,2519,3,11,stop,20,15,13,2877653.0,37.79464,120.7619
B188,2519,3,11,stop,14,14,14,1477048.0,37.79932,120.76027
B188,2519,3,11,stop,24,13,15,3204052.0,37.7993,120.76038
B188,2519,3,11,stop,19,12,16,2395349.0,37.79959,120.76181
B188,2519,3,11,stop,12,11,17,1368880.0,37.79929,120.76927
B188,2519,3,11,stop,11,19,18,1247331.0,37.80332,120.7823
B188,2519,3,11,stop,1,23,19,258178.0,37.80338,120.78811
B188,2519,3,11,stop,26,20,20,3739387.0,37.80191,120.78775
B188,2519,3,11,stop,18,21,21,2384471.0,37.80071,120.78843
B188,2519,3,11,stop,10,22,22,1151715.0,37.80035,120.78958
B188,2519,3,11,stop,13,24,23,1428124.0,37.80046,120.80058
B188,2519,3,11,stop,15,25,24,1522220.0,37.80259,120.8036
B188,2519,3,11,stop,28,27,25,4129411.0,37.80318,120.80471
B188,2519,3,11,stop,25,26,26,3286657.0,37.80309,120.80474
B188,2519,3,11,stop,5,28,27,555056.0,37.79774,120.81397
B188,2519,3,11,stop,22,1,28,3048867.0,37.79666,120.83435
B188,2519,3,11,stop,3,30,29,441171.0,37.78749,120.91994
B188,2519,3,11,stop,7,29,30,675155.0,37.78734,120.9198
B189,229,2,11,depot,0,0,0,,37.5513,121.28261
B189,229,2,11,stop,23,1,1,3281873.0,37.57592,121.20587
B189,229,2,11,stop,7,2,2,446966.0,37.57726,121.20148
B189,229,2,11,stop,22,3,3,2934563.0,37.57739,121.20132
B189,229,2,11,stop,29,4,4,4165165.0,37.57791,121.20129
B189,229,2,11,stop,21,5,5,2881118.0,37.57813,121.20107
B189,229,2,11,stop,19,6,6,2769690.0,37.58129,121.18473
B189,229,2,11,stop,14,7,7,1814741.0,37.58089,121.1833
B189,229,2,11,stop,25,30,8,3912392.0,37.58346,121.18386
B189,229,2,11,stop,17,24,9,2413213.0,37.58324,121.1736
B189,229,2,11,stop,1,23,10,9947.0,37.58163,121.17367
B189,229,2,11,stop,30,26,11,4241609.0,37.5815,121.17098
B189,229,2,11,stop,8,25,12,719171.0,37.58272,121.1706
B189,229,2,11,stop,20,29,13,2817782.0,37.58221,121.16601
B189,229,2,11,stop,18,27,14,2441371.0,37.58016,121.17024
B189,229,2,11,stop,28,28,15,4161801.0,37.57886,121.17199
B189,229,2,11,stop,9,22,16,1103151.0,37.58038,121.17375
B189,229,2,11,stop,2,21,17,191272.0,37.57959,121.17556
B189,229,2,11,stop,10,8,18,1144564.0,37.57872,121.18239
B189,229,2,11,stop,6,9,19,336796.0,37.57666,121.18287
B189,229,2,11,stop,4,10,20,305461.0,37.5765,121.18246
B189,229,2,11,stop,24,15,21,3584401.0,37.57224,121.18515
B189,229,2,11,stop,27,14,22,4007862.0,37.57221,121.18433
B189,229,2,11,stop,16,13,23,2404011.0,37.5724,121.18398
B189,229,2,11,stop,15,11,24,2146497.0,37.5725,121.1825
B189,229,2,11,stop,13,12,25,1610782.0,37.57147,121.18275
B189,229,2,11,stop,26,20,26,4007288.0,37.56959,121.18245
B189,229,2,11,stop,5,17,27,308309.0,37.57031,121.18461
B189,229,2,11,stop,12,16,28,1610154.0,37.57061,121.18517
B189,229,2,11,stop,11,18,29,1529008.0,37.57074,121.18605
B189,229,2,11,stop,3,19,30,300851.0,37.57023,121.18617
B190,2679,0,9,depot,0,0,0,,37.3861,120.415005
B190,2679,0,9,stop,3,1,1,645566.0,37.36449,120.39027
B190,2679,0,9,stop,2,8,2,393418.0,37.39437,120.22131
B190,2679,0,9,stop,7,7,3,2912106.0,37.39495,120.22164
B190,2679,0,9,stop,8,6,4,2966464.0,37.39505,120.2216
B190,2679,0,9,stop,5,5,5,1610755.0,37.39506,120.22157
B190,2679,0,9,stop,6,4,6,2171772.0,37.39507,120.22151
B190,2679,0,9,stop,4,3,7,961261.0,37.39766,120.22081
B190,2679,0,9,stop,1,2,8,251903.0,37.39904,120.22496
B191,2675,0,11,depot,0,0,0,,37.41129,121.38018
B191,2675,0,11,stop,19,1,1,4509923.0,37.51655,121.4222
B191,2675,0,11,stop,5,2,2,1267825.0,37.51934,121.42153
B191,2675,0,11,stop,10,3,3,2322835.0,37.52116,121.41944
B191,2675,0,11,stop,7,7,4,1500392.0,37.51911,121.42555
B191,2675,0,11,stop,2,5,5,129000.0,37.52127,121.42603
B191,2675,0,11,stop,14,4,6,3320614.0,37.52152,121.42584
B191,2675,0,11,stop,16,6,7,4077600.0,37.52155,121.42681
B191,2675,0,11,stop,13,8,8,3293805.0,37.52015,121.43154
B191,2675,0,11,stop,11,9,9,2565843.0,37.52394,121.43252
B191,2675,0,11,stop,12,10,10,3245255.0,37.52922,121.43125
B191,2675,0,11,stop,15,11,11,3519397.0,37.52228,121.44137
B191,2675,0,11,stop,17,19,12,4208366.0,37.51961,121.45127
B191,2675,0,11,stop,18,18,13,4306603.0,37.5174,121.45059
B191,2675,0,11,stop,9,12,14,1670902.0,37.51715,121.4467
B191,2675,0,11,stop,4,13,15,847682.0,37.51604,121.4464
B191,2675,0,11,stop,8,15,16,1514486.0,37.51466,121.44761
B191,2675,0,11,stop,3,14,17,137901.0,37.51466,121.44702
B191,2675,0,11,stop,1,16,18,87015.0,37.51442,121.44515
B191,2675,0,11,stop,6,17,19,1323906.0,37.51447,121.44162
B192,2233,0,11,depot,0,0,0,,37.3916,121.5809
B192,2233,0,11,stop,4,1,1,1232733.0,37.40445,121.59998
B192,2233,0,11,stop,1,8,2,286140.0,37.42724,121.60494
B192,2233,0,11,stop,6,9,3,1640291.0,37.42856,121.60925
B192,2233,0,11,stop,7,7,4,2325868.0,37.4128,121.6115
B192,2233,0,11,stop,8,4,5,2883853.0,37.40349,121.61436
B192,2233,0,11,stop,2,6,6,493673.0,37.39502,121.61419
B192,2233,0,11,stop,3,5,7,842084.0,37.39514,121.61411
B192,2233,0,11,stop,5,2,8,1286610.0,37.40083,121.60558
B192,2233,0,11,stop,9,3,9,4003692.0,37.39998,121.60497
B193,4221,1,9,depot,0,0,0,,37.48165,121.28294
B193,4221,1,9,stop,8,25,1,847344.0,37.51806,121.23549
B193,4221,1,9,stop,28,24,2,3550248.0,37.52405,121.22626
B193,4221,1,9,stop,3,23,3,184423.0,37.52771,121.23417
B193,4221,1,9,stop,20,22,4,1907448.0,37.52795,121.23873
B193,4221,1,9,stop,15,21,5,1397760.0,37.5297,121.24427
B193,4221,1,9,stop,4,20,6,304843.0,37.53221,121.24494
B193,4221,1,9,stop,1,17,7,39952.0,37.53004,121.24735
B193,4221,1,9,stop,25,18,8,2950612.0,37.53167,121.24937
B193,4221,1,9,stop,19,19,9,1723386.0,37.53252,121.24866
B193,4221,1,9,stop,11,30,10,1261991.0,37.53376,121.25487
B193,4221,1,9,stop,23,29,11,2565795.0,37.53559,121.25669
B193,4221,1,9,stop,5,28,12,318034.0,37.53291,121.25964
B193,4221,1,9,stop,14,27,13,1349832.0,37.52952,121.25644
B193,4221,1,9,stop,10,26,14,982563.0,37.53003,121.25553
B193,4221,1,9,stop,27,16,15,3435743.0,37.52668,121.25088
B193,4221,1,9,stop,17,15,16,1513989.0,37.52292,121.25678
B193,4221,1,9,stop,22,14,17,2084805.0,37.52329,121.25684
B193,4221,1,9,stop,26,13,18,2994746.0,37.52337,121.2568
B193,4221,1,9,stop,6,12,19,552362.0,37.52338,121.25688
B193,4221,1,9,stop,24,11,20,2690342.0,37.52564,121.26437
B193,4221,1,9,stop,30,10,21,3697236.0,37.52631,121.26547
B193,4221,1,9,stop,13,8,22,1294328.0,37.52757,121.26552
B193,4221,1,9,stop,12,9,23,1276063.0,37.528,121.26531
B193,4221,1,9,stop,21,7,24,1911982.0,37.52799,121.26749
B193,4221,1,9,stop,18,6,25,1630947.0,37.52772,121.26934
B193,4221,1,9,stop,29,5,26,3613774.0,37.52742,121.27678
B193,4221,1,9,stop,7,4,27,627186.0,37.52944,121.27849
B193,4221,1,9,stop,9,3,28,908347.0,37.53049,121.28394
B193,4221,1,9,stop,16,2,29,1402722.0,37.52402,121.28441
B193,4221,1,9,stop,2,1,30,64335.0,37.52282,121.28515
B194,616,2,10,depot,0,0,0,,36.95737,120.65856
B194,616,2,10,stop,3,5,1,3038328.0,36.95935,120.70057
B194,616,2,10,stop,10,4,2,4099430.0,36.9592,120.70319
B194,616,2,10,stop,11,6,3,4107948.0,36.95959,120.70809
B194,616,2,10,stop,7,7,4,3769451.0,36.95773,120.71397
B194,616,2,10,stop,6,8,5,3512851.0,36.96352,120.71764
B194,616,2,10,stop,4,9,6,3246019.0,36.96536,120.71748
B194,616,2,10,stop,8,10,7,4056332.0,36.96724,120.71172
B194,616,2,10,stop,9,11,8,4061505.0,36.96514,120.71103
B194,616,2,10,stop,5,3,9,3342695.0,36.96191,120.70221
B194,616,2,10,stop,1,1,10,1867268.0,36.96361,120.69851
B194,616,2,10,stop,2,2,11,2650136.0,36.96582,120.69823
B195,2388,0,9,depot,0,0,0,,37.38602,120.41497
B195,2388,0,9,stop,12,4,1,1662645.0,37.37713,120.41418
B195,2388,0,9,stop,27,7,2,3921795.0,37.36307,120.40745
B195,2388,0,9,stop,14,8,3,1848770.0,37.36264,120.40713
B195,2388,0,9,stop,5,9,4,466304.0,37.36052,120.40456
B195,2388,0,9,stop,30,10,5,4458508.0,37.35913,120.40514
B195,2388,0,9,stop,28,12,6,3923562.0,37.35769,120.4016
B195,2388,0,9,stop,19,13,7,2326327.0,37.35734,120.40081
B195,2388,0,9,stop,3,14,8,359223.0,37.36142,120.3962
B195,2388,0,9,stop,23,15,9,3004136.0,37.35985,120.39191
B195,2388,0,9,stop,29,16,10,4262788.0,37.35891,120.39092
B195,2388,0,9,stop,13,30,11,1743541.0,37.36009,120.38572
B195,2388,0,9,stop,9,17,12,825757.0,37.35652,120.39151
B195,2388,0,9,stop,6,18,13,705226.0,37.35493,120.39085
B195,2388,0,9,stop,2,19,14,283146.0,37.35383,120.39188
B195,2388,0,9,stop,22,20,15,2585671.0,37.35414,120.39445
B195,2388,0,9,stop,25,21,16,3737723.0,37.34864,120.3903
B195,2388,0,9,stop,11,22,17,1226743.0,37.34461,120.39292
B195,2388,0,9,stop,24,23,18,3185876.0,37.34267,120.40127
B195,2388,0,9,stop,18,24,19,2180114.0,37.34556,120.40408
B195,2388,0,9,stop,17,25,20,2167412.0,37.34685,120.40219
B195,2388,0,9,stop,1,26,21,28313.0,37.34972,120.40169
B195,2388,0,9,stop,15,27,22,2084148.0,37.34986,120.40535
B195,2388,0,9,stop,7,28,23,734695.0,37.35093,120.40943
B195,2388,0,9,stop,20,29,24,2389310.0,37.35218,120.40908
B195,2388,0,9,stop,10,11,25,1004834.0,37.35805,120.4065
B195,2388,0,9,stop,8,6,26,780317.0,37.37019,120.41797
B195,2388,0,9,stop,4,5,27,437726.0,37.37082,120.41889
B195,2388,0,9,stop,16,3,28,2145350.0,37.37607,120.41967
B195,2388,0,9,stop,26,2,29,3810521.0,37.37613,120.41808
B195,2388,0,9,stop,21,1,30,2516651.0,37.37817,120.41798
B196,3471,5,9,depot,0,0,0,,37.41115,121.38016
B196,3471,5,9,stop,20,1,1,3087260.0,37.43925,121.42338
B196,3471,5,9,stop,19,2,2,2755537.0,37.44798,121.44723
B196,3471,5,9,stop,1,3,3,163550.0,37.44885,121.44755
B196,3471,5,9,stop,22,4,4,3713341.0,37.45064,121.44976
B196,3471,5,9,stop,17,24,5,2702910.0,37.45218,121.44826
B196,3471,5,9,stop,8,5,6,1251489.0,37.45206,121.4507
B196,3471,5,9,stop,3,6,7,352870.0,37.45188,121.45154
B196,3471,5,9,stop,4,7,8,673818.0,37.45274,121.45125
B196,3471,5,9,stop,15,23,9,2467087.0,37.45365,121.45026
B196,3471,5,9,stop,24,25,10,4275183.0,37.45594,121.44976
B196,3471,5,9,stop,18,8,11,2720872.0,37.45349,121.45201
B196,3471,5,9,stop,23,9,12,3811680.0,37.45303,121.45365
B196,3471,5,9,stop,7,22,13,948657.0,37.45249,121.45594
B196,3471,5,9,stop,11,21,14,1828298.0,37.45208,121.45683
B196,3471,5,9,stop,21,10,15,3160449.0,37.45156,121.45273
B196,3471,5,9,stop,25,11,16,4372427.0,37.45128,121.4527
B196,3471,5,9,stop,6,12,17,906452.0,37.44909,121.45227
B196,3471,5,9,stop,14,13,18,2434955.0,37.4489,121.45385
B196,3471,5,9,stop,13,14,19,2395590.0,37.44692,121.45607
B196,3471,5,9,stop,12,15,20,1968042.0,37.44451,121.45821
B196,3471,5,9,stop,10,16,21,1657739.0,37.44406,121.45889
B196,3471,5,9,stop,5,18,22,872153.0,37.44341,121.46147
B196,3471,5,9,stop,16,17,23,2694551.0,37.44318,121.46
B196,3471,5,9,stop,2,19,24,257732.0,37.44301,121.45709
B196,3471,5,9,stop,9,20,25,1513668.0,37.44035,121.45645
B197,615,2,9,depot,0,0,0,,37.523,121.3816
B197,615,2,9,stop,19,30,1,2505742.0,37.53131,121.40735
B197,615,2,9,stop,30,5,2,4481835.0,37.53218,121.40904
B197,615,2,9,stop,22,6,3,3457566.0,37.53269,121.40973
B197,615,2,9,stop,21,7,4,3414232.0,37.53357,121.41169
B197,615,2,9,stop,20,8,5,3059741.0,37.53339,121.4126
B197,615,2,9,stop,23,9,6,4007722.0,37.53399,121.41332
B197,615,2,9,stop,10,10,7,1195839.0,37.53448,121.41374
B197,615,2,9,stop,16,11,8,2230007.0,37.53511,121.41268
B197,615,2,9,stop,4,12,9,718764.0,37.53555,121.41506
B197,615,2,9,stop,17,13,10,2356408.0,37.53537,121.41632
B197,615,2,9,stop,24,14,11,4043359.0,37.53406,121.4157
B197,615,2,9,stop,3,15,12,715940.0,37.53344,121.41612
B197,615,2,9,stop,14,16,13,1984566.0,37.53298,121.41579
B197,615,2,9,stop,7,21,14,1070383.0,37.53241,121.41815
B197,615,2,9,stop,2,22,15,203760.0,37.53305,121.41842
B197,615,2,9,stop,25,24,16,4088931.0,37.53197,121.42241
B197,615,2,9,stop,13,27,17,1964819.0,37.52923,121.43187
B197,615,2,9,stop,12,26,18,1868142.0,37.52835,121.43232
B197,615,2,9,stop,29,28,19,4275469.0,37.52784,121.43339
B197,615,2,9,stop,15,29,20,1984713.0,37.52776,121.4336
B197,615,2,9,stop,27,25,21,4206329.0,37.52732,121.42966
B197,615,2,9,stop,9,23,22,1173989.0,37.53121,121.42146
B197,615,2,9,stop,1,20,23,74104.0,37.53072,121.41789
B197,615,2,9,stop,8,19,24,1100607.0,37.53096,121.41721
B197,615,2,9,stop,26,17,25,4121359.0,37.53259,121.41371
B197,615,2,9,stop,11,18,26,1267920.0,37.5326,121.41358
B197,615,2,9,stop,18,4,27,2480845.0,37.53048,121.40962
B197,615,2,9,stop,6,3,28,989403.0,37.52678,121.40809
B197,615,2,9,stop,5,2,29,886201.0,37.52464,121.40779
B197,615,2,9,stop,28,1,30,4246021.0,37.52434,121.407
B198,570,2,8,depot,0,0,0,,37.41099,121.38057
B198,570,2,8,stop,16,23,1,1998851.0,37.49282,121.3461
B198,570,2,8,stop,10,21,2,1167957.0,37.4941,121.34733
B198,570,2,8,stop,22,22,3,3207839.0,37.49372,121.34852
B198,570,2,8,stop,8,20,4,864227.0,37.4957,121.34822
B198,570,2,8,stop,6,19,5,705984.0,37.49639,121.34866
B198,570,2,8,stop,1,18,6,101978.0,37.49688,121.34793
B198,570,2,8,stop,13,24,7,1621178.0,37.49843,121.35095
B198,570,2,8,stop,23,25,8,3475412.0,37.49901,121.35146
B198,570,2,8,stop,24,26,9,3591124.0,37.50032,121.35184
B198,570,2,8,stop,9,27,10,1010210.0,37.50099,121.35196
B198,570,2,8,stop,27,13,11,3798099.0,37.50117,121.34894
B198,570,2,8,stop,29,14,12,4248054.0,37.50031,121.34756
B198,570,2,8,stop,19,15,13,2555724.0,37.50049,121.3473
B198,570,2,8,stop,14,17,14,1788155.0,37.50073,121.34622
B198,570,2,8,stop,12,16,15,1562890.0,37.50081,121.34662
B198,570,2,8,stop,17,12,16,2345007.0,37.50194,121.34833
B198,570,2,8,stop,18,11,17,2421307.0,37.50213,121.34949
B198,570,2,8,stop,25,10,18,3696902.0,37.50248,121.35058
B198,570,2,8,stop,30,9,19,4347510.0,37.50235,121.3522
B198,570,2,8,stop,3,7,20,561674.0,37.50245,121.35344
B198,570,2,8,stop,2,6,21,337547.0,37.50325,121.35382
B198,570,2,8,stop,20,8,22,2581167.0,37.50303,121.35262
B198,570,2,8,stop,11,28,23,1486243.0,37.50384,121.35136
B198,570,2,8,stop,15,29,24,1830903.0,37.50387,121.35121
B198,570,2,8,stop,7,30,25,782384.0,37.51543,121.35874
B198,570,2,8,stop,26,5,26,3738501.0,37.50407,121.35845
B198,570,2,8,stop,4,4,27,609093.0,37.50437,121.36021
B198,570,2,8,stop,28,3,28,3883199.0,37.49774,121.36356
B198,570,2,8,stop,21,2,29,3103995.0,37.49581,121.36146
B198,570,2,8,stop,5,1,30,626062.0,37.49105,121.36519
B199,1016,1,10,depot,0,0,0,,37.5462,121.3386
B199,1016,1,10,stop,29,3,1,4175346.0,37.54787,121.32373
B199,1016,1,10,stop,7,7,2,1721074.0,37.55119,121.2826
B199,1016,1,10,stop,16,6,3,2619579.0,37.55742,121.31171
B199,1016,1,10,stop,3,5,4,822701.0,37.55846,121.31857
B199,1016,1,10,stop,19,4,5,2787204.0,37.55731,121.32218
B199,1016,1,10,stop,17,8,6,2644777.0,37.5655,121.34396
B199,1016,1,10,stop,8,9,7,2162490.0,37.56348,121.34675
B199,1016,1,10,stop,14,10,8,2494728.0,37.56499,121.3489
B199,1016,1,10,stop,1,11,9,316616.0,37.56507,121.34934
B199,1016,1,10,stop,2,12,10,613124.0,37.5661,121.35074
B199,1016,1,10,stop,5,13,11,1136503.0,37.5659,121.35106
B199,1016,1,10,stop,26,14,12,3544818.0,37.56593,121.35176
B199,1016,1,10,stop,15,15,13,2568952.0,37.56786,121.35858
B199,1016,1,10,stop,6,16,14,1187330.0,37.56833,121.36114
B199,1016,1,10,stop,25,17,15,3378108.0,37.56933,121.36075
B199,1016,1,10,stop,10,18,16,2289387.0,37.57227,121.35708
B199,1016,1,10,stop,23,19,17,3087336.0,37.57429,121.36105
B199,1016,1,10,stop,12,27,18,2372023.0,37.58483,121.36158
B199,1016,1,10,stop,20,26,19,2793187.0,37.58366,121.36468
B199,1016,1,10,stop,13,28,20,2487326.0,37.58621,121.37537
B199,1016,1,10,stop,27,25,21,3570077.0,37.58277,121.3667
B199,1016,1,10,stop,18,24,22,2760058.0,37.58229,121.36586
B199,1016,1,10,stop,21,23,23,2879788.0,37.58155,121.36679
B199,1016,1,10,stop,30,22,24,4325137.0,37.57928,121.36508
B199,1016,1,10,stop,22,21,25,3066489.0,37.57924,121.36515
B199,1016,1,10,stop,9,20,26,2255297.0,37.57415,121.36497
B199,1016,1,10,stop,4,29,27,988795.0,37.56925,121.36934
B199,1016,1,10,stop,11,30,28,2336791.0,37.55749,121.37158
B199,1016,1,10,stop,28,2,29,3732530.0,37.55166,121.33903
B199,1016,1,10,stop,24,1,30,3322942.0,37.55102,121.3378
B200,2760,3,9,depot,0,0,0,,37.55129,121.28264
B200,2760,3,9,stop,2,1,1,721991.0,37.55882,121.24046
B200,2760,3,9,stop,6,16,2,1245897.0,37.56492,121.19346
B200,2760,3,9,stop,5,15,3,1147577.0,37.56605,121.16795
B200,2760,3,9,stop,13,14,4,2852089.0,37.55583,121.1786
B200,2760,3,9,stop,11,11,5,2463262.0,37.55385,121.18946
B200,2760,3,9,stop,12,10,6,2851114.0,37.55374,121.1895
B200,2760,3,9,stop,15,12,7,3364743.0,37.55383,121.18967
B200,2760,3,9,stop,16,13,8,4465175.0,37.55365,121.18969
B200,2760,3,9,stop,9,9,9,2146419.0,37.55362,121.18944
B200,2760,3,9,stop,10,8,10,2325437.0,37.55352,121.18947
B200,2760,3,9,stop,14,7,11,3098151.0,37.54824,121.18956
B200,2760,3,9,stop,3,5,12,1002756.0,37.54713,121.19172
B200,2760,3,9,stop,7,4,13,1899636.0,37.54746,121.19256
B200,2760,3,9,stop,8,6,14,2009621.0,37.54608,121.19309
B200,2760,3,9,stop,1,3,15,581872.0,37.5475,121.19403
B200,2760,3,9,stop,4,2,16,1138288.0,37.54087,121.22351
