region_id,hour_of_day,day_of_week,is_weekend,predicted_min_per_km,congestion_level
86,0,0,True,61.951,Moderate
86,0,0,False,59.141,Moderate
86,0,1,True,59.234,Moderate
86,0,1,False,56.052,Moderate
86,0,2,True,51.949,Moderate
86,0,2,False,46.645,Moderate
86,0,3,True,59.523,Moderate
86,0,3,False,55.237,Moderate
86,0,4,True,56.982,Moderate
86,0,4,False,51.255,Moderate
86,0,5,True,59.802,Moderate
86,0,5,False,54.076,Moderate
86,0,6,True,42.96,Low
86,0,6,False,44.724,Moderate
86,1,0,True,61.951,Moderate
86,1,0,False,59.141,Moderate
86,1,1,True,59.234,Moderate
86,1,1,False,56.052,Moderate
86,1,2,True,51.949,Moderate
86,1,2,False,46.645,Moderate
86,1,3,True,59.523,Moderate
86,1,3,False,55.237,Moderate
86,1,4,True,56.982,Moderate
86,1,4,False,51.255,Moderate
86,1,5,True,59.802,Moderate
86,1,5,False,54.076,Moderate
86,1,6,True,42.96,Low
86,1,6,False,44.724,Moderate
86,2,0,True,61.951,Moderate
86,2,0,False,59.141,Moderate
86,2,1,True,59.234,Moderate
86,2,1,False,56.052,Moderate
86,2,2,True,51.949,Moderate
86,2,2,False,46.645,Moderate
86,2,3,True,59.523,Moderate
86,2,3,False,55.237,Moderate
86,2,4,True,56.982,Moderate
86,2,4,False,51.255,Moderate
86,2,5,True,59.802,Moderate
86,2,5,False,54.076,Moderate
86,2,6,True,42.96,Low
86,2,6,False,44.724,Moderate
86,3,0,True,61.951,Moderate
86,3,0,False,59.141,Moderate
86,3,1,True,59.234,Moderate
86,3,1,False,56.052,Moderate
86,3,2,True,51.949,Moderate
86,3,2,False,46.645,Moderate
86,3,3,True,59.523,Moderate
86,3,3,False,55.237,Moderate
86,3,4,True,56.982,Moderate
86,3,4,False,51.255,Moderate
86,3,5,True,59.802,Moderate
86,3,5,False,54.076,Moderate
86,3,6,True,42.96,Low
86,3,6,False,44.724,Moderate
86,4,0,True,61.951,Moderate
86,4,0,False,59.141,Moderate
86,4,1,True,59.234,Moderate
86,4,1,False,56.052,Moderate
86,4,2,True,51.949,Moderate
86,4,2,False,46.645,Moderate
86,4,3,True,59.523,Moderate
86,4,3,False,55.237,Moderate
86,4,4,True,56.982,Moderate
86,4,4,False,51.255,Moderate
86,4,5,True,59.802,Moderate
86,4,5,False,54.076,Moderate
86,4,6,True,42.96,Low
86,4,6,False,44.724,Moderate
86,5,0,True,61.951,Moderate
86,5,0,False,59.141,Moderate
86,5,1,True,59.234,Moderate
86,5,1,False,56.052,Moderate
86,5,2,True,51.949,Moderate
86,5,2,False,46.645,Moderate
86,5,3,True,59.523,Moderate
86,5,3,False,55.237,Moderate
86,5,4,True,56.982,Moderate
86,5,4,False,51.255,Moderate
86,5,5,True,59.802,Moderate
86,5,5,False,54.076,Moderate
86,5,6,True,42.96,Low
86,5,6,False,44.724,Moderate
86,6,0,True,66.034,Moderate
86,6,0,False,56.096,Moderate
86,6,1,True,64.334,Moderate
86,6,1,False,53.811,Moderate
86,6,2,True,55.269,Moderate
86,6,2,False,42.623,Low
86,6,3,True,66.333,Moderate
86,6,3,False,54.81,Moderate
86,6,4,True,63.426,Moderate
86,6,4,False,49.886,Moderate
86,6,5,True,69.387,Moderate
86,6,5,False,55.848,Moderate
86,6,6,True,50.308,Moderate
86,6,6,False,44.645,Moderate
86,7,0,True,65.66,Moderate
86,7,0,False,64.232,Moderate
86,7,1,True,63.468,Moderate
86,7,1,False,61.218,Moderate
86,7,2,True,50.16,Moderate
86,7,2,False,45.801,Moderate
86,7,3,True,70.779,High
86,7,3,False,69.14,Moderate
86,7,4,True,67.84,Moderate
86,7,4,False,63.728,Moderate
86,7,5,True,69.045,Moderate
86,7,5,False,64.933,Moderate
86,7,6,True,62.338,Moderate
86,7,6,False,59.457,Moderate
86,8,0,True,45.682,Moderate
86,8,0,False,44.433,Low
86,8,1,True,45.269,Moderate
86,8,1,False,44.046,Low
86,8,2,True,43.612,Low
86,8,2,False,42.303,Low
86,8,3,True,47.806,Moderate
86,8,3,False,46.937,Moderate
86,8,4,True,47.469,Moderate
86,8,4,False,46.765,Moderate
86,8,5,True,48.365,Moderate
86,8,5,False,47.661,Moderate
86,8,6,True,48.198,Moderate
86,8,6,False,47.849,Moderate
86,9,0,True,48.014,Moderate
86,9,0,False,47.528,Moderate
86,9,1,True,47.295,Moderate
86,9,1,False,46.669,Moderate
86,9,2,True,47.264,Moderate
86,9,2,False,46.45,Moderate
86,9,3,True,46.795,Moderate
86,9,3,False,45.905,Moderate
86,9,4,True,48.071,Moderate
86,9,4,False,46.997,Moderate
86,9,5,True,48.582,Moderate
86,9,5,False,47.507,Moderate
86,9,6,True,59.921,Moderate
86,9,6,False,58.993,Moderate
86,10,0,True,52.796,Moderate
86,10,0,False,50.745,Moderate
86,10,1,True,53.626,Moderate
86,10,1,False,51.659,Moderate
86,10,2,True,57.534,Moderate
86,10,2,False,55.804,Moderate
86,10,3,True,55.303,Moderate
86,10,3,False,53.847,Moderate
86,10,4,True,47.092,Moderate
86,10,4,False,44.989,Moderate
86,10,5,True,47.618,Moderate
86,10,5,False,45.516,Moderate
86,10,6,True,60.584,Moderate
86,10,6,False,57.488,Moderate
86,11,0,True,92.525,High
86,11,0,False,99.889,High
86,11,1,True,88.561,High
86,11,1,False,95.619,High
86,11,2,True,90.852,High
86,11,2,False,97.799,High
86,11,3,True,87.081,High
86,11,3,False,93.589,High
86,11,4,True,103.868,High
86,11,4,False,123.741,High
86,11,5,True,97.81,High
86,11,5,False,117.684,High
86,11,6,True,158.824,High
86,11,6,False,158.823,High
86,12,0,True,96.09,High
86,12,0,False,90.871,High
86,12,1,True,74.371,High
86,12,1,False,64.972,Moderate
86,12,2,True,68.054,Moderate
86,12,2,False,57.573,Moderate
86,12,3,True,78.937,High
86,12,3,False,69.389,Moderate
86,12,4,True,77.632,High
86,12,4,False,73.682,High
86,12,5,True,82.736,High
86,12,5,False,78.785,High
86,12,6,True,125.291,High
86,12,6,False,114.603,High
86,13,0,True,147.129,High
86,13,0,False,134.876,High
86,13,1,True,152.939,High
86,13,1,False,140.035,High
86,13,2,True,156.559,High
86,13,2,False,144.585,High
86,13,3,True,173.121,High
86,13,3,False,168.581,High
86,13,4,True,173.001,High
86,13,4,False,167.905,High
86,13,5,True,175.748,High
86,13,5,False,170.652,High
86,13,6,True,175.12,High
86,13,6,False,171.635,High
86,14,0,True,102.224,High
86,14,0,False,95.542,High
86,14,1,True,111.157,High
86,14,1,False,105.525,High
86,14,2,True,125.21,High
86,14,2,False,126.964,High
86,14,3,True,163.66,High
86,14,3,False,186.171,High
86,14,4,True,156.775,High
86,14,4,False,178.784,High
86,14,5,True,152.889,High
86,14,5,False,174.898,High
86,14,6,True,151.015,High
86,14,6,False,171.265,High
86,15,0,True,70.169,Moderate
86,15,0,False,68.776,Moderate
86,15,1,True,107.919,High
86,15,1,False,111.63,High
86,15,2,True,62.728,Moderate
86,15,2,False,62.587,Moderate
86,15,3,True,117.549,High
86,15,3,False,137.96,High
86,15,4,True,106.79,High
86,15,4,False,127.059,High
86,15,5,True,104.497,High
86,15,5,False,124.767,High
86,15,6,True,101.089,High
86,15,6,False,118.871,High
86,16,0,True,51.415,Moderate
86,16,0,False,42.386,Low
86,16,1,True,66.044,Moderate
86,16,1,False,61.462,Moderate
86,16,2,True,45.124,Moderate
86,16,2,False,34.755,Low
86,16,3,True,98.621,High
86,16,3,False,96.799,High
86,16,4,True,96.252,High
86,16,4,False,90.935,High
86,16,5,True,101.785,High
86,16,5,False,96.468,High
86,16,6,True,74.379,High
86,16,6,False,72.484,High
86,17,0,True,88.657,High
86,17,0,False,82.372,High
86,17,1,True,90.239,High
86,17,1,False,81.953,High
86,17,2,True,71.98,High
86,17,2,False,58.817,Moderate
86,17,3,True,101.578,High
86,17,3,False,92.491,High
86,17,4,True,107.687,High
86,17,4,False,96.975,High
86,17,5,True,109.631,High
86,17,5,False,98.919,High
86,17,6,True,113.255,High
86,17,6,False,101.282,High
86,18,0,True,115.09,High
86,18,0,False,115.152,High
86,18,1,True,113.852,High
86,18,1,False,113.332,High
86,18,2,True,108.229,High
86,18,2,False,109.038,High
86,18,3,True,133.855,High
86,18,3,False,137.411,High
86,18,4,True,116.501,High
86,18,4,False,117.123,High
86,18,5,True,112.953,High
86,18,5,False,113.575,High
86,18,6,True,130.381,High
86,18,6,False,126.67,High
86,19,0,True,61.926,Moderate
86,19,0,False,70.96,High
86,19,1,True,67.992,Moderate
86,19,1,False,79.958,High
86,19,2,True,64.303,Moderate
86,19,2,False,80.495,High
86,19,3,True,56.623,Moderate
86,19,3,False,76.156,High
86,19,4,True,25.333,Low
86,19,4,False,41.281,Low
86,19,5,True,18.74,Low
86,19,5,False,34.688,Low
86,19,6,True,44.363,Low
86,19,6,False,45.979,Moderate
86,20,0,True,105.612,High
86,20,0,False,120.623,High
86,20,1,True,124.124,High
86,20,1,False,145.855,High
86,20,2,True,71.083,High
86,20,2,False,86.877,High
86,20,3,True,55.062,Moderate
86,20,3,False,72.314,High
86,20,4,True,24.266,Low
86,20,4,False,37.934,Low
86,20,5,True,19.696,Low
86,20,5,False,33.364,Low
86,20,6,True,44.572,Moderate
86,20,6,False,46.115,Moderate
86,21,0,True,63.91,Moderate
86,21,0,False,72.999,High
86,21,1,True,81.729,High
86,21,1,False,94.578,High
86,21,2,True,31.611,Low
86,21,2,False,36.509,Low
86,21,3,True,38.255,Low
86,21,3,False,51.672,Moderate
86,21,4,True,72.087,High
86,21,4,False,107.679,High
86,21,5,True,50.57,Moderate
86,21,5,False,86.162,High
86,21,6,True,35.759,Low
86,21,6,False,73.479,High
86,22,0,True,55.746,Moderate
86,22,0,False,59.825,Moderate
86,22,1,True,73.794,High
86,22,1,False,81.691,High
86,22,2,True,27.267,Low
86,22,2,False,29.227,Low
86,22,3,True,33.42,Low
86,22,3,False,41.097,Low
86,22,4,True,58.515,Moderate
86,22,4,False,85.61,High
86,22,5,True,45.434,Moderate
86,22,5,False,72.529,High
86,22,6,True,30.847,Low
86,22,6,False,60.41,Moderate
86,23,0,True,55.755,Moderate
86,23,0,False,59.855,Moderate
86,23,1,True,73.804,High
86,23,1,False,81.72,High
86,23,2,True,27.276,Low
86,23,2,False,29.254,Low
86,23,3,True,33.43,Low
86,23,3,False,41.125,Low
86,23,4,True,58.524,Moderate
86,23,4,False,85.638,High
86,23,5,True,45.443,Moderate
86,23,5,False,72.557,High
86,23,6,True,30.857,Low
86,23,6,False,60.437,Moderate
95,0,0,True,45.042,Moderate
95,0,0,False,47.798,Moderate
95,0,1,True,40.272,Low
95,0,1,False,42.648,Low
95,0,2,True,38.912,Low
95,0,2,False,40.526,Low
95,0,3,True,37.662,Low
95,0,3,False,39.911,Low
95,0,4,True,37.172,Low
95,0,4,False,39.063,Low
95,0,5,True,37.322,Low
95,0,5,False,39.213,Low
95,0,6,True,30.959,Low
95,0,6,False,34.266,Low
95,1,0,True,45.042,Moderate
95,1,0,False,47.798,Moderate
95,1,1,True,40.272,Low
95,1,1,False,42.648,Low
95,1,2,True,38.912,Low
95,1,2,False,40.526,Low
95,1,3,True,37.662,Low
95,1,3,False,39.911,Low
95,1,4,True,37.172,Low
95,1,4,False,39.063,Low
95,1,5,True,37.322,Low
95,1,5,False,39.213,Low
95,1,6,True,30.959,Low
95,1,6,False,34.266,Low
95,2,0,True,45.042,Moderate
95,2,0,False,47.798,Moderate
95,2,1,True,40.272,Low
95,2,1,False,42.648,Low
95,2,2,True,38.912,Low
95,2,2,False,40.526,Low
95,2,3,True,37.662,Low
95,2,3,False,39.911,Low
95,2,4,True,37.172,Low
95,2,4,False,39.063,Low
95,2,5,True,37.322,Low
95,2,5,False,39.213,Low
95,2,6,True,30.959,Low
95,2,6,False,34.266,Low
95,3,0,True,45.042,Moderate
95,3,0,False,47.798,Moderate
95,3,1,True,40.272,Low
95,3,1,False,42.648,Low
95,3,2,True,38.912,Low
95,3,2,False,40.526,Low
95,3,3,True,37.662,Low
95,3,3,False,39.911,Low
95,3,4,True,37.172,Low
95,3,4,False,39.063,Low
95,3,5,True,37.322,Low
95,3,5,False,39.213,Low
95,3,6,True,30.959,Low
95,3,6,False,34.266,Low
95,4,0,True,45.042,Moderate
95,4,0,False,47.798,Moderate
95,4,1,True,40.272,Low
95,4,1,False,42.648,Low
95,4,2,True,38.912,Low
95,4,2,False,40.526,Low
95,4,3,True,37.662,Low
95,4,3,False,39.911,Low
95,4,4,True,37.172,Low
95,4,4,False,39.063,Low
95,4,5,True,37.322,Low
95,4,5,False,39.213,Low
95,4,6,True,30.959,Low
95,4,6,False,34.266,Low
95,5,0,True,45.042,Moderate
95,5,0,False,47.798,Moderate
95,5,1,True,40.272,Low
95,5,1,False,42.648,Low
95,5,2,True,38.912,Low
95,5,2,False,40.526,Low
95,5,3,True,37.662,Low
95,5,3,False,39.911,Low
95,5,4,True,37.172,Low
95,5,4,False,39.063,Low
95,5,5,True,37.322,Low
95,5,5,False,39.213,Low
95,5,6,True,30.959,Low
95,5,6,False,34.266,Low
95,6,0,True,43.119,Low
95,6,0,False,38.731,Low
95,6,1,True,40.429,Low
95,6,1,False,35.515,Low
95,6,2,True,39.411,Low
95,6,2,False,33.736,Low
95,6,3,True,39.146,Low
95,6,3,False,33.494,Low
95,6,4,True,40.6,Low
95,6,4,False,35.165,Low
95,6,5,True,44.227,Low
95,6,5,False,38.793,Low
95,6,6,True,38.406,Low
95,6,6,False,34.916,Low
95,7,0,True,33.758,Low
95,7,0,False,32.119,Low
95,7,1,True,32.032,Low
95,7,1,False,29.555,Low
95,7,2,True,33.664,Low
95,7,2,False,30.553,Low
95,7,3,True,35.652,Low
95,7,3,False,32.525,Low
95,7,4,True,35.605,Low
95,7,4,False,32.004,Low
95,7,5,True,39.178,Low
95,7,5,False,35.577,Low
95,7,6,True,34.695,Low
95,7,6,False,31.707,Low
95,8,0,True,49.735,Moderate
95,8,0,False,50.625,Moderate
95,8,1,True,46.13,Moderate
95,8,1,False,46.518,Moderate
95,8,2,True,46.555,Moderate
95,8,2,False,46.895,Moderate
95,8,3,True,48.609,Moderate
95,8,3,False,49.925,Moderate
95,8,4,True,48.195,Moderate
95,8,4,False,49.523,Moderate
95,8,5,True,47.589,Moderate
95,8,5,False,48.918,Moderate
95,8,6,True,45.964,Moderate
95,8,6,False,47.662,Moderate
95,9,0,True,59.432,Moderate
95,9,0,False,59.322,Moderate
95,9,1,True,59.086,Moderate
95,9,1,False,58.883,Moderate
95,9,2,True,56.897,Moderate
95,9,2,False,56.447,Moderate
95,9,3,True,56.009,Moderate
95,9,3,False,55.535,Moderate
95,9,4,True,57.648,Moderate
95,9,4,False,56.978,Moderate
95,9,5,True,57.977,Moderate
95,9,5,False,57.307,Moderate
95,9,6,True,56.917,Moderate
95,9,6,False,56.626,Moderate
95,10,0,True,61.449,Moderate
95,10,0,False,62.217,Moderate
95,10,1,True,61.179,Moderate
95,10,1,False,61.517,Moderate
95,10,2,True,56.492,Moderate
95,10,2,False,56.314,Moderate
95,10,3,True,60.618,Moderate
95,10,3,False,60.772,Moderate
95,10,4,True,58.83,Moderate
95,10,4,False,59.144,Moderate
95,10,5,True,58.983,Moderate
95,10,5,False,59.296,Moderate
95,10,6,True,55.013,Moderate
95,10,6,False,55.797,Moderate
95,11,0,True,83.781,High
95,11,0,False,77.719,High
95,11,1,True,79.804,High
95,11,1,False,71.639,High
95,11,2,True,84.532,High
95,11,2,False,77.857,High
95,11,3,True,86.796,High
95,11,3,False,79.904,High
95,11,4,True,84.572,High
95,11,4,False,75.065,High
95,11,5,True,88.05,High
95,11,5,False,78.544,High
95,11,6,True,84.488,High
95,11,6,False,79.593,High
95,12,0,True,88.735,High
95,12,0,False,90.078,High
95,12,1,True,83.098,High
95,12,1,False,81.697,High
95,12,2,True,79.076,High
95,12,2,False,77.451,High
95,12,3,True,82.165,High
95,12,3,False,81.142,High
95,12,4,True,75.908,High
95,12,4,False,73.421,High
95,12,5,True,75.757,High
95,12,5,False,73.27,High
95,12,6,True,76.516,High
95,12,6,False,75.204,High
95,13,0,True,69.403,Moderate
95,13,0,False,68.671,Moderate
95,13,1,True,66.662,Moderate
95,13,1,False,62.455,Moderate
95,13,2,True,67.227,Moderate
95,13,2,False,64.995,Moderate
95,13,3,True,71.8,High
95,13,3,False,69.923,Moderate
95,13,4,True,64.786,Moderate
95,13,4,False,59.29,Moderate
95,13,5,True,68.171,Moderate
95,13,5,False,62.675,Moderate
95,13,6,True,69.511,Moderate
95,13,6,False,66.137,Moderate
95,14,0,True,66.636,Moderate
95,14,0,False,55.186,Moderate
95,14,1,True,76.952,High
95,14,1,False,64.269,Moderate
95,14,2,True,77.674,High
95,14,2,False,60.776,Moderate
95,14,3,True,81.405,High
95,14,3,False,64.406,Moderate
95,14,4,True,88.733,High
95,14,4,False,74.156,High
95,14,5,True,97.476,High
95,14,5,False,82.9,High
95,14,6,True,80.082,High
95,14,6,False,74.708,High
95,15,0,True,74.834,High
95,15,0,False,76.119,High
95,15,1,True,95.666,High
95,15,1,False,98.731,High
95,15,2,True,73.505,High
95,15,2,False,68.051,Moderate
95,15,3,True,69.437,Moderate
95,15,3,False,61.35,Moderate
95,15,4,True,78.401,High
95,15,4,False,71.191,High
95,15,5,True,84.756,High
95,15,5,False,77.546,High
95,15,6,True,61.575,Moderate
95,15,6,False,63.232,Moderate
95,16,0,True,58.93,Moderate
95,16,0,False,53.369,Moderate
95,16,1,True,66.626,Moderate
95,16,1,False,62.85,Moderate
95,16,2,True,80.067,High
95,16,2,False,77.478,High
95,16,3,True,84.392,High
95,16,3,False,84.855,High
95,16,4,True,76.268,High
95,16,4,False,71.328,High
95,16,5,True,78.08,High
95,16,5,False,73.14,High
95,16,6,True,49.584,Moderate
95,16,6,False,51.251,Moderate
95,17,0,True,35.578,Low
95,17,0,False,35.917,Low
95,17,1,True,26.545,Low
95,17,1,False,25.158,Low
95,17,2,True,45.586,Moderate
95,17,2,False,46.093,Moderate
95,17,3,True,48.173,Moderate
95,17,3,False,50.294,Moderate
95,17,4,True,53.354,Moderate
95,17,4,False,60.144,Moderate
95,17,5,True,47.451,Moderate
95,17,5,False,54.242,Moderate
95,17,6,True,41.876,Low
95,17,6,False,49.466,Moderate
95,18,0,True,35.876,Low
95,18,0,False,39.985,Low
95,18,1,True,31.557,Low
95,18,1,False,35.862,Low
95,18,2,True,45.565,Moderate
95,18,2,False,53.341,Moderate
95,18,3,True,44.882,Moderate
95,18,3,False,54.855,Moderate
95,18,4,True,48.014,Moderate
95,18,4,False,60.39,Moderate
95,18,5,True,40.402,Low
95,18,5,False,52.778,Moderate
95,18,6,True,42.226,Low
95,18,6,False,53.225,Moderate
95,19,0,True,61.751,Moderate
95,19,0,False,64.736,Moderate
95,19,1,True,61.055,Moderate
95,19,1,False,62.258,Moderate
95,19,2,True,60.251,Moderate
95,19,2,False,68.387,Moderate
95,19,3,True,50.143,Moderate
95,19,3,False,62.185,Moderate
95,19,4,True,41.006,Low
95,19,4,False,53.486,Moderate
95,19,5,True,35.376,Low
95,19,5,False,47.856,Moderate
95,19,6,True,49.323,Moderate
95,19,6,False,51.982,Moderate
95,20,0,True,155.736,High
95,20,0,False,168.114,High
95,20,1,True,176.772,High
95,20,1,False,198.3,High
95,20,2,True,103.236,High
95,20,2,False,120.345,High
95,20,3,True,85.03,High
95,20,3,False,104.172,High
95,20,4,True,59.384,Moderate
95,20,4,False,76.715,High
95,20,5,True,50.842,Moderate
95,20,5,False,68.173,Moderate
95,20,6,True,58.624,Moderate
95,20,6,False,69.209,Moderate
95,21,0,True,109.811,High
95,21,0,False,118.123,High
95,21,1,True,131.144,High
95,21,1,False,147.471,High
95,21,2,True,64.032,Moderate
95,21,2,False,73.324,High
95,21,3,True,62.51,Moderate
95,21,3,False,77.56,High
95,21,4,True,71.791,High
95,21,4,False,100.091,High
95,21,5,True,59.025,Moderate
95,21,5,False,87.325,High
95,21,6,True,44.546,Low
95,21,6,False,75.695,High
95,22,0,True,101.856,High
95,22,0,False,106.271,High
95,22,1,True,123.419,High
95,22,1,False,135.906,High
95,22,2,True,60.419,Moderate
95,22,2,False,67.884,Moderate
95,22,3,True,58.733,Moderate
95,22,3,False,70.846,High
95,22,4,True,64.167,Moderate
95,22,4,False,86.775,High
95,22,5,True,55.646,Moderate
95,22,5,False,78.254,High
95,22,6,True,41.632,Low
95,22,6,False,66.525,Moderate
95,23,0,True,101.866,High
95,23,0,False,106.301,High
95,23,1,True,123.429,High
95,23,1,False,135.935,High
95,23,2,True,60.428,Moderate
95,23,2,False,67.912,Moderate
95,23,3,True,58.742,Moderate
95,23,3,False,70.873,High
95,23,4,True,64.176,Moderate
95,23,4,False,86.802,High
95,23,5,True,55.655,Moderate
95,23,5,False,78.281,High
95,23,6,True,41.642,Low
95,23,6,False,66.553,Moderate
102,0,0,True,38.331,Low
102,0,0,False,41.891,Low
102,0,1,True,33.007,Low
102,0,1,False,36.581,Low
102,0,2,True,30.934,Low
102,0,2,False,34.247,Low
102,0,3,True,29.731,Low
102,0,3,False,33.932,Low
102,0,4,True,29.944,Low
102,0,4,False,33.905,Low
102,0,5,True,29.958,Low
102,0,5,False,33.919,Low
102,0,6,True,26.466,Low
102,0,6,False,30.148,Low
102,1,0,True,38.331,Low
102,1,0,False,41.891,Low
102,1,1,True,33.007,Low
102,1,1,False,36.581,Low
102,1,2,True,30.934,Low
102,1,2,False,34.247,Low
102,1,3,True,29.731,Low
102,1,3,False,33.932,Low
102,1,4,True,29.944,Low
102,1,4,False,33.905,Low
102,1,5,True,29.958,Low
102,1,5,False,33.919,Low
102,1,6,True,26.466,Low
102,1,6,False,30.148,Low
102,2,0,True,38.331,Low
102,2,0,False,41.891,Low
102,2,1,True,33.007,Low
102,2,1,False,36.581,Low
102,2,2,True,30.934,Low
102,2,2,False,34.247,Low
102,2,3,True,29.731,Low
102,2,3,False,33.932,Low
102,2,4,True,29.944,Low
102,2,4,False,33.905,Low
102,2,5,True,29.958,Low
102,2,5,False,33.919,Low
102,2,6,True,26.466,Low
102,2,6,False,30.148,Low
102,3,0,True,38.331,Low
102,3,0,False,41.891,Low
102,3,1,True,33.007,Low
102,3,1,False,36.581,Low
102,3,2,True,30.934,Low
102,3,2,False,34.247,Low
102,3,3,True,29.731,Low
102,3,3,False,33.932,Low
102,3,4,True,29.944,Low
102,3,4,False,33.905,Low
102,3,5,True,29.958,Low
102,3,5,False,33.919,Low
102,3,6,True,26.466,Low
102,3,6,False,30.148,Low
102,4,0,True,38.331,Low
102,4,0,False,41.891,Low
102,4,1,True,33.007,Low
102,4,1,False,36.581,Low
102,4,2,True,30.934,Low
102,4,2,False,34.247,Low
102,4,3,True,29.731,Low
102,4,3,False,33.932,Low
102,4,4,True,29.944,Low
102,4,4,False,33.905,Low
102,4,5,True,29.958,Low
102,4,5,False,33.919,Low
102,4,6,True,26.466,Low
102,4,6,False,30.148,Low
102,5,0,True,38.331,Low
102,5,0,False,41.891,Low
102,5,1,True,33.007,Low
102,5,1,False,36.581,Low
102,5,2,True,30.934,Low
102,5,2,False,34.247,Low
102,5,3,True,29.731,Low
102,5,3,False,33.932,Low
102,5,4,True,29.944,Low
102,5,4,False,33.905,Low
102,5,5,True,29.958,Low
102,5,5,False,33.919,Low
102,5,6,True,26.466,Low
102,5,6,False,30.148,Low
102,6,0,True,34.899,Low
102,6,0,False,31.337,Low
102,6,1,True,30.706,Low
102,6,1,False,27.012,Low
102,6,2,True,28.89,Low
102,6,2,False,24.936,Low
102,6,3,True,28.991,Low
102,6,3,False,25.291,Low
102,6,4,True,32.435,Low
102,6,4,False,28.978,Low
102,6,5,True,36.001,Low
102,6,5,False,32.544,Low
102,6,6,True,34.553,Low
102,6,6,False,31.485,Low
102,7,0,True,26.435,Low
102,7,0,False,22.553,Low
102,7,1,True,22.92,Low
102,7,1,False,19.016,Low
102,7,2,True,24.521,Low
102,7,2,False,19.982,Low
102,7,3,True,28.49,Low
102,7,3,False,24.181,Low
102,7,4,True,30.847,Low
102,7,4,False,26.181,Low
102,7,5,True,35.197,Low
102,7,5,False,30.531,Low
102,7,6,True,30.356,Low
102,7,6,False,26.41,Low
102,8,0,True,34.425,Low
102,8,0,False,31.528,Low
102,8,1,True,29.046,Low
102,8,1,False,25.916,Low
102,8,2,True,32.478,Low
102,8,2,False,29.38,Low
102,8,3,True,41.931,Low
102,8,3,False,40.095,Low
102,8,4,True,47.084,Moderate
102,8,4,False,45.609,Moderate
102,8,5,True,47.309,Moderate
102,8,5,False,45.833,Moderate
102,8,6,True,45.739,Moderate
102,8,6,False,44.744,Moderate
102,9,0,True,54.649,Moderate
102,9,0,False,53.98,Moderate
102,9,1,True,54.332,Moderate
102,9,1,False,53.553,Moderate
102,9,2,True,55.171,Moderate
102,9,2,False,54.373,Moderate
102,9,3,True,55.77,Moderate
102,9,3,False,54.809,Moderate
102,9,4,True,58.191,Moderate
102,9,4,False,57.72,Moderate
102,9,5,True,58.549,Moderate
102,9,5,False,58.079,Moderate
102,9,6,True,56.93,Moderate
102,9,6,False,56.893,Moderate
102,10,0,True,54.766,Moderate
102,10,0,False,54.115,Moderate
102,10,1,True,54.63,Moderate
102,10,1,False,53.979,Moderate
102,10,2,True,54.774,Moderate
102,10,2,False,54.163,Moderate
102,10,3,True,57.366,Moderate
102,10,3,False,56.734,Moderate
102,10,4,True,57.343,Moderate
102,10,4,False,56.937,Moderate
102,10,5,True,57.631,Moderate
102,10,5,False,57.225,Moderate
102,10,6,True,55.689,Moderate
102,10,6,False,55.772,Moderate
102,11,0,True,70.381,High
102,11,0,False,69.593,Moderate
102,11,1,True,71.435,High
102,11,1,False,70.699,High
102,11,2,True,67.257,Moderate
102,11,2,False,65.965,Moderate
102,11,3,True,68.243,Moderate
102,11,3,False,67.029,Moderate
102,11,4,True,70.231,Moderate
102,11,4,False,69.379,Moderate
102,11,5,True,72.706,High
102,11,5,False,71.853,High
102,11,6,True,69.253,Moderate
102,11,6,False,70.371,High
102,12,0,True,118.969,High
102,12,0,False,121.129,High
102,12,1,True,120.387,High
102,12,1,False,122.575,High
102,12,2,True,116.451,High
102,12,2,False,117.592,High
102,12,3,True,112.951,High
102,12,3,False,113.059,High
102,12,4,True,121.724,High
102,12,4,False,138.509,High
102,12,5,True,117.316,High
102,12,5,False,134.101,High
102,12,6,True,121.549,High
102,12,6,False,136.261,High
102,13,0,True,108.051,High
102,13,0,False,108.153,High
102,13,1,True,106.905,High
102,13,1,False,107.431,High
102,13,2,True,109.981,High
102,13,2,False,113.081,High
102,13,3,True,104.741,High
102,13,3,False,107.165,High
102,13,4,True,104.324,High
102,13,4,False,112.379,High
102,13,5,True,106.922,High
102,13,5,False,114.976,High
102,13,6,True,106.671,High
102,13,6,False,114.127,High
102,14,0,True,78.705,High
102,14,0,False,67.404,Moderate
102,14,1,True,80.541,High
102,14,1,False,69.38,Moderate
102,14,2,True,94.016,High
102,14,2,False,83.845,High
102,14,3,True,95.514,High
102,14,3,False,85.601,High
102,14,4,True,93.13,High
102,14,4,False,78.582,High
102,14,5,True,102.043,High
102,14,5,False,87.495,High
102,14,6,True,102.246,High
102,14,6,False,87.761,High
102,15,0,True,72.041,High
102,15,0,False,54.436,Moderate
102,15,1,True,73.408,High
102,15,1,False,55.067,Moderate
102,15,2,True,80.649,High
102,15,2,False,65.078,Moderate
102,15,3,True,86.299,High
102,15,3,False,72.457,High
102,15,4,True,86.65,High
102,15,4,False,70.513,High
102,15,5,True,92.378,High
102,15,5,False,76.241,High
102,15,6,True,85.5,High
102,15,6,False,72.011,High
102,16,0,True,124.967,High
102,16,0,False,98.996,High
102,16,1,True,125.156,High
102,16,1,False,96.329,High
102,16,2,True,131.384,High
102,16,2,False,95.849,High
102,16,3,True,133.202,High
102,16,3,False,95.989,High
102,16,4,True,119.525,High
102,16,4,False,66.538,Moderate
102,16,5,True,141.423,High
102,16,5,False,88.436,High
102,16,6,True,119.542,High
102,16,6,False,76.113,High
102,17,0,True,23.197,Low
102,17,0,False,19.284,Low
102,17,1,True,28.386,Low
102,17,1,False,22.98,Low
102,17,2,True,38.298,Low
102,17,2,False,31.734,Low
102,17,3,True,38.653,Low
102,17,3,False,30.42,Low
102,17,4,True,60.52,Moderate
102,17,4,False,59.153,Moderate
102,17,5,True,60.498,Moderate
102,17,5,False,59.131,Moderate
102,17,6,True,40.219,Low
102,17,6,False,43.383,Low
102,18,0,True,20.71,Low
102,18,0,False,13.944,Low
102,18,1,True,25.316,Low
102,18,1,False,17.181,Low
102,18,2,True,37.619,Low
102,18,2,False,24.891,Low
102,18,3,True,37.229,Low
102,18,3,False,24.605,Low
102,18,4,True,75.187,High
102,18,4,False,66.19,Moderate
102,18,5,True,73.85,High
102,18,5,False,64.853,Moderate
102,18,6,True,54.386,Moderate
102,18,6,False,51.324,Moderate
102,19,0,True,56.045,Moderate
102,19,0,False,54.54,Moderate
102,19,1,True,60.685,Moderate
102,19,1,False,60.988,Moderate
102,19,2,True,60.396,Moderate
102,19,2,False,62.936,Moderate
102,19,3,True,54.512,Moderate
102,19,3,False,61.103,Moderate
102,19,4,True,61.286,Moderate
102,19,4,False,68.095,Moderate
102,19,5,True,57.656,Moderate
102,19,5,False,64.466,Moderate
102,19,6,True,57.731,Moderate
102,19,6,False,63.769,Moderate
102,20,0,True,115.64,High
102,20,0,False,118.342,High
102,20,1,True,136.592,High
102,20,1,False,144.478,High
102,20,2,True,86.632,High
102,20,2,False,92.511,High
102,20,3,True,74.608,High
102,20,3,False,85.452,High
102,20,4,True,64.8,Moderate
102,20,4,False,75.072,High
102,20,5,True,58.422,Moderate
102,20,5,False,68.693,Moderate
102,20,6,True,60.868,Moderate
102,20,6,False,68.958,Moderate
102,21,0,True,85.467,High
102,21,0,False,89.041,High
102,21,1,True,103.533,High
102,21,1,False,114.824,High
102,21,2,True,56.288,Moderate
102,21,2,False,63.747,Moderate
102,21,3,True,55.688,Moderate
102,21,3,False,67.857,Moderate
102,21,4,True,59.444,Moderate
102,21,4,False,76.777,High
102,21,5,True,49.143,Moderate
102,21,5,False,66.476,Moderate
102,21,6,True,44.239,Low
102,21,6,False,60.776,Moderate
102,22,0,True,81.526,High
102,22,0,False,84.267,High
102,22,1,True,99.821,High
102,22,1,False,110.337,High
102,22,2,True,54.676,Moderate
102,22,2,False,61.418,Moderate
102,22,3,True,53.886,Moderate
102,22,3,False,65.276,Moderate
102,22,4,True,56.55,Moderate
102,22,4,False,73.285,High
102,22,5,True,47.942,Moderate
102,22,5,False,64.678,Moderate
102,22,6,True,43.039,Low
102,22,6,False,58.978,Moderate
102,23,0,True,81.535,High
102,23,0,False,84.297,High
102,23,1,True,99.83,High
102,23,1,False,110.367,High
102,23,2,True,54.685,Moderate
102,23,2,False,61.446,Moderate
102,23,3,True,53.896,Moderate
102,23,3,False,65.303,Moderate
102,23,4,True,56.559,Moderate
102,23,4,False,73.313,High
102,23,5,True,47.952,Moderate
102,23,5,False,64.706,Moderate
102,23,6,True,43.048,Low
102,23,6,False,59.006,Moderate
111,0,0,True,49.812,Moderate
111,0,0,False,66.594,Moderate
111,0,1,True,47.112,Moderate
111,0,1,False,63.741,Moderate
111,0,2,True,41.146,Low
111,0,2,False,57.513,Moderate
111,0,3,True,30.529,Low
111,0,3,False,47.835,Moderate
111,0,4,True,29.783,Low
111,0,4,False,50.16,Moderate
111,0,5,True,24.242,Low
111,0,5,False,44.619,Moderate
111,0,6,True,22.81,Low
111,0,6,False,42.07,Low
111,1,0,True,49.812,Moderate
111,1,0,False,66.594,Moderate
111,1,1,True,47.112,Moderate
111,1,1,False,63.741,Moderate
111,1,2,True,41.146,Low
111,1,2,False,57.513,Moderate
111,1,3,True,30.529,Low
111,1,3,False,47.835,Moderate
111,1,4,True,29.783,Low
111,1,4,False,50.16,Moderate
111,1,5,True,24.242,Low
111,1,5,False,44.619,Moderate
111,1,6,True,22.81,Low
111,1,6,False,42.07,Low
111,2,0,True,49.812,Moderate
111,2,0,False,66.594,Moderate
111,2,1,True,47.112,Moderate
111,2,1,False,63.741,Moderate
111,2,2,True,41.146,Low
111,2,2,False,57.513,Moderate
111,2,3,True,30.529,Low
111,2,3,False,47.835,Moderate
111,2,4,True,29.783,Low
111,2,4,False,50.16,Moderate
111,2,5,True,24.242,Low
111,2,5,False,44.619,Moderate
111,2,6,True,22.81,Low
111,2,6,False,42.07,Low
111,3,0,True,49.812,Moderate
111,3,0,False,66.594,Moderate
111,3,1,True,47.112,Moderate
111,3,1,False,63.741,Moderate
111,3,2,True,41.146,Low
111,3,2,False,57.513,Moderate
111,3,3,True,30.529,Low
111,3,3,False,47.835,Moderate
111,3,4,True,29.783,Low
111,3,4,False,50.16,Moderate
111,3,5,True,24.242,Low
111,3,5,False,44.619,Moderate
111,3,6,True,22.81,Low
111,3,6,False,42.07,Low
111,4,0,True,49.812,Moderate
111,4,0,False,66.594,Moderate
111,4,1,True,47.112,Moderate
111,4,1,False,63.741,Moderate
111,4,2,True,41.146,Low
111,4,2,False,57.513,Moderate
111,4,3,True,30.529,Low
111,4,3,False,47.835,Moderate
111,4,4,True,29.783,Low
111,4,4,False,50.16,Moderate
111,4,5,True,24.242,Low
111,4,5,False,44.619,Moderate
111,4,6,True,22.81,Low
111,4,6,False,42.07,Low
111,5,0,True,49.812,Moderate
111,5,0,False,66.594,Moderate
111,5,1,True,47.112,Moderate
111,5,1,False,63.741,Moderate
111,5,2,True,41.146,Low
111,5,2,False,57.513,Moderate
111,5,3,True,30.529,Low
111,5,3,False,47.835,Moderate
111,5,4,True,29.783,Low
111,5,4,False,50.16,Moderate
111,5,5,True,24.242,Low
111,5,5,False,44.619,Moderate
111,5,6,True,22.81,Low
111,5,6,False,42.07,Low
111,6,0,True,49.48,Moderate
111,6,0,False,50.353,Moderate
111,6,1,True,48.327,Moderate
111,6,1,False,49.2,Moderate
111,6,2,True,40.888,Low
111,6,2,False,41.278,Low
111,6,3,True,34.441,Low
111,6,3,False,33.994,Low
111,6,4,True,40.092,Low
111,6,4,False,40.515,Low
111,6,5,True,42.704,Low
111,6,5,False,43.127,Low
111,6,6,True,53.222,Moderate
111,6,6,False,50.873,Moderate
111,7,0,True,57.795,Moderate
111,7,0,False,52.272,Moderate
111,7,1,True,66.852,Moderate
111,7,1,False,60.909,Moderate
111,7,2,True,62.905,Moderate
111,7,2,False,57.247,Moderate
111,7,3,True,65.621,Moderate
111,7,3,False,60.017,Moderate
111,7,4,True,83.993,High
111,7,4,False,77.849,High
111,7,5,True,93.324,High
111,7,5,False,87.179,High
111,7,6,True,68.469,Moderate
111,7,6,False,67.231,Moderate
111,8,0,True,64.297,Moderate
111,8,0,False,61.361,Moderate
111,8,1,True,73.36,High
111,8,1,False,69.949,Moderate
111,8,2,True,69.884,Moderate
111,8,2,False,66.186,Moderate
111,8,3,True,72.557,High
111,8,3,False,68.775,Moderate
111,8,4,True,86.838,High
111,8,4,False,84.168,High
111,8,5,True,89.013,High
111,8,5,False,86.342,High
111,8,6,True,73.845,High
111,8,6,False,75.654,High
111,9,0,True,77.93,High
111,9,0,False,71.67,High
111,9,1,True,81.078,High
111,9,1,False,75.136,High
111,9,2,True,74.184,High
111,9,2,False,66.679,Moderate
111,9,3,True,77.515,High
111,9,3,False,70.187,Moderate
111,9,4,True,88.481,High
111,9,4,False,81.299,High
111,9,5,True,92.194,High
111,9,5,False,85.012,High
111,9,6,True,86.428,High
111,9,6,False,81.82,High
111,10,0,True,77.418,High
111,10,0,False,74.331,High
111,10,1,True,78.873,High
111,10,1,False,75.827,High
111,10,2,True,77.251,High
111,10,2,False,73.404,High
111,10,3,True,79.027,High
111,10,3,False,75.517,High
111,10,4,True,81.53,High
111,10,4,False,77.816,High
111,10,5,True,83.594,High
111,10,5,False,79.88,High
111,10,6,True,82.358,High
111,10,6,False,79.857,High
111,11,0,True,66.092,Moderate
111,11,0,False,65.667,Moderate
111,11,1,True,65.442,Moderate
111,11,1,False,64.988,Moderate
111,11,2,True,65.846,Moderate
111,11,2,False,64.82,Moderate
111,11,3,True,68.783,Moderate
111,11,3,False,67.908,Moderate
111,11,4,True,71.351,High
111,11,4,False,70.524,High
111,11,5,True,71.717,High
111,11,5,False,70.889,High
111,11,6,True,67.778,Moderate
111,11,6,False,67.61,Moderate
111,12,0,True,59.194,Moderate
111,12,0,False,59.87,Moderate
111,12,1,True,60.896,Moderate
111,12,1,False,61.543,Moderate
111,12,2,True,52.699,Moderate
111,12,2,False,52.413,Moderate
111,12,3,True,50.835,Moderate
111,12,3,False,50.75,Moderate
111,12,4,True,50.617,Moderate
111,12,4,False,49.193,Moderate
111,12,5,True,51.884,Moderate
111,12,5,False,50.459,Moderate
111,12,6,True,49.804,Moderate
111,12,6,False,48.738,Moderate
111,13,0,True,52.255,Moderate
111,13,0,False,51.736,Moderate
111,13,1,True,48.529,Moderate
111,13,1,False,47.99,Moderate
111,13,2,True,47.302,Moderate
111,13,2,False,45.894,Moderate
111,13,3,True,50.735,Moderate
111,13,3,False,49.71,Moderate
111,13,4,True,48.745,Moderate
111,13,4,False,45.245,Moderate
111,13,5,True,51.594,Moderate
111,13,5,False,48.094,Moderate
111,13,6,True,50.69,Moderate
111,13,6,False,47.844,Moderate
111,14,0,True,55.664,Moderate
111,14,0,False,53.517,Moderate
111,14,1,True,53.347,Moderate
111,14,1,False,50.619,Moderate
111,14,2,True,55.124,Moderate
111,14,2,False,52.37,Moderate
111,14,3,True,57.605,Moderate
111,14,3,False,54.534,Moderate
111,14,4,True,60.343,Moderate
111,14,4,False,55.702,Moderate
111,14,5,True,62.431,Moderate
111,14,5,False,57.79,Moderate
111,14,6,True,62.386,Moderate
111,14,6,False,60.34,Moderate
111,15,0,True,52.976,Moderate
111,15,0,False,50.001,Moderate
111,15,1,True,51.084,Moderate
111,15,1,False,47.586,Moderate
111,15,2,True,54.413,Moderate
111,15,2,False,51.245,Moderate
111,15,3,True,58.013,Moderate
111,15,3,False,55.266,Moderate
111,15,4,True,58.086,Moderate
111,15,4,False,53.694,Moderate
111,15,5,True,61.821,Moderate
111,15,5,False,57.428,Moderate
111,15,6,True,52.881,Moderate
111,15,6,False,52.124,Moderate
111,16,0,True,40.297,Low
111,16,0,False,40.599,Low
111,16,1,True,52.221,Moderate
111,16,1,False,52.755,Moderate
111,16,2,True,47.231,Moderate
111,16,2,False,47.31,Moderate
111,16,3,True,48.713,Moderate
111,16,3,False,50.346,Moderate
111,16,4,True,48.661,Moderate
111,16,4,False,51.515,Moderate
111,16,5,True,47.483,Moderate
111,16,5,False,50.336,Moderate
111,16,6,True,45.462,Moderate
111,16,6,False,47.881,Moderate
111,17,0,True,42.357,Low
111,17,0,False,43.023,Low
111,17,1,True,54.446,Moderate
111,17,1,False,58.994,Moderate
111,17,2,True,44.551,Moderate
111,17,2,False,47.676,Moderate
111,17,3,True,43.617,Low
111,17,3,False,46.925,Moderate
111,17,4,True,41.337,Low
111,17,4,False,44.294,Low
111,17,5,True,39.121,Low
111,17,5,False,42.077,Low
111,17,6,True,55.457,Moderate
111,17,6,False,54.477,Moderate
111,18,0,True,42.0,Low
111,18,0,False,44.82,Moderate
111,18,1,True,55.813,Moderate
111,18,1,False,62.388,Moderate
111,18,2,True,52.36,Moderate
111,18,2,False,60.137,Moderate
111,18,3,True,55.085,Moderate
111,18,3,False,64.531,Moderate
111,18,4,True,55.888,Moderate
111,18,4,False,70.311,High
111,18,5,True,47.942,Moderate
111,18,5,False,62.365,Moderate
111,18,6,True,51.533,Moderate
111,18,6,False,63.17,Moderate
111,19,0,True,35.097,Low
111,19,0,False,36.803,Low
111,19,1,True,50.502,Moderate
111,19,1,False,56.983,Moderate
111,19,2,True,39.483,Low
111,19,2,False,44.476,Low
111,19,3,True,39.695,Low
111,19,3,False,46.18,Moderate
111,19,4,True,28.834,Low
111,19,4,False,35.113,Low
111,19,5,True,27.621,Low
111,19,5,False,33.901,Low
111,19,6,True,23.616,Low
111,19,6,False,30.151,Low
111,20,0,True,35.313,Low
111,20,0,False,37.453,Low
111,20,1,True,54.025,Moderate
111,20,1,False,59.627,Moderate
111,20,2,True,43.512,Low
111,20,2,False,49.187,Moderate
111,20,3,True,46.877,Moderate
111,20,3,False,54.181,Moderate
111,20,4,True,32.835,Low
111,20,4,False,40.209,Low
111,20,5,True,31.536,Low
111,20,5,False,38.91,Low
111,20,6,True,28.241,Low
111,20,6,False,34.068,Low
111,21,0,True,16.774,Low
111,21,0,False,16.651,Low
111,21,1,True,31.331,Low
111,21,1,False,35.859,Low
111,21,2,True,24.679,Low
111,21,2,False,28.577,Low
111,21,3,True,26.185,Low
111,21,3,False,31.31,Low
111,21,4,True,21.247,Low
111,21,4,False,30.866,Low
111,21,5,True,17.251,Low
111,21,5,False,26.87,Low
111,21,6,True,15.157,Low
111,21,6,False,23.169,Low
111,22,0,True,15.275,Low
111,22,0,False,14.78,Low
111,22,1,True,30.061,Low
111,22,1,False,34.275,Low
111,22,2,True,23.522,Low
111,22,2,False,27.22,Low
111,22,3,True,25.028,Low
111,22,3,False,29.865,Low
111,22,4,True,18.998,Low
111,22,4,False,28.329,Low
111,22,5,True,16.61,Low
111,22,5,False,25.942,Low
111,22,6,True,14.567,Low
111,22,6,False,22.291,Low
111,23,0,True,15.285,Low
111,23,0,False,14.82,Low
111,23,1,True,30.071,Low
111,23,1,False,34.315,Low
111,23,2,True,23.544,Low
111,23,2,False,27.271,Low
111,23,3,True,25.037,Low
111,23,3,False,29.904,Low
111,23,4,True,19.007,Low
111,23,4,False,28.368,Low
111,23,5,True,16.62,Low
111,23,5,False,25.98,Low
111,23,6,True,14.576,Low
111,23,6,False,22.33,Low
115,0,0,True,73.957,High
115,0,0,False,90.135,High
115,0,1,True,68.864,Moderate
115,0,1,False,84.889,High
115,0,2,True,62.499,Moderate
115,0,2,False,77.745,High
115,0,3,True,55.279,Moderate
115,0,3,False,71.69,High
115,0,4,True,76.089,High
115,0,4,False,96.126,High
115,0,5,True,68.782,Moderate
115,0,5,False,88.819,High
115,0,6,True,66.421,Moderate
115,0,6,False,86.284,High
115,1,0,True,73.957,High
115,1,0,False,90.135,High
115,1,1,True,68.864,Moderate
115,1,1,False,84.889,High
115,1,2,True,62.499,Moderate
115,1,2,False,77.745,High
115,1,3,True,55.279,Moderate
115,1,3,False,71.69,High
115,1,4,True,76.089,High
115,1,4,False,96.126,High
115,1,5,True,68.782,Moderate
115,1,5,False,88.819,High
115,1,6,True,66.421,Moderate
115,1,6,False,86.284,High
115,2,0,True,73.957,High
115,2,0,False,90.135,High
115,2,1,True,68.864,Moderate
115,2,1,False,84.889,High
115,2,2,True,62.499,Moderate
115,2,2,False,77.745,High
115,2,3,True,55.279,Moderate
115,2,3,False,71.69,High
115,2,4,True,76.089,High
115,2,4,False,96.126,High
115,2,5,True,68.782,Moderate
115,2,5,False,88.819,High
115,2,6,True,66.421,Moderate
115,2,6,False,86.284,High
115,3,0,True,73.957,High
115,3,0,False,90.135,High
115,3,1,True,68.864,Moderate
115,3,1,False,84.889,High
115,3,2,True,62.499,Moderate
115,3,2,False,77.745,High
115,3,3,True,55.279,Moderate
115,3,3,False,71.69,High
115,3,4,True,76.089,High
115,3,4,False,96.126,High
115,3,5,True,68.782,Moderate
115,3,5,False,88.819,High
115,3,6,True,66.421,Moderate
115,3,6,False,86.284,High
115,4,0,True,73.957,High
115,4,0,False,90.135,High
115,4,1,True,68.864,Moderate
115,4,1,False,84.889,High
115,4,2,True,62.499,Moderate
115,4,2,False,77.745,High
115,4,3,True,55.279,Moderate
115,4,3,False,71.69,High
115,4,4,True,76.089,High
115,4,4,False,96.126,High
115,4,5,True,68.782,Moderate
115,4,5,False,88.819,High
115,4,6,True,66.421,Moderate
115,4,6,False,86.284,High
115,5,0,True,73.957,High
115,5,0,False,90.135,High
115,5,1,True,68.864,Moderate
115,5,1,False,84.889,High
115,5,2,True,62.499,Moderate
115,5,2,False,77.745,High
115,5,3,True,55.279,Moderate
115,5,3,False,71.69,High
115,5,4,True,76.089,High
115,5,4,False,96.126,High
115,5,5,True,68.782,Moderate
115,5,5,False,88.819,High
115,5,6,True,66.421,Moderate
115,5,6,False,86.284,High
115,6,0,True,80.796,High
115,6,0,False,83.43,High
115,6,1,True,73.375,High
115,6,1,False,74.923,High
115,6,2,True,59.093,Moderate
115,6,2,False,59.123,Moderate
115,6,3,True,48.165,Moderate
115,6,3,False,49.141,Moderate
115,6,4,True,85.475,High
115,6,4,False,89.163,High
115,6,5,True,86.524,High
115,6,5,False,90.212,High
115,6,6,True,96.205,High
115,6,6,False,97.104,High
115,7,0,True,51.169,Moderate
115,7,0,False,51.321,Moderate
115,7,1,True,49.337,Moderate
115,7,1,False,49.34,Moderate
115,7,2,True,40.388,Low
115,7,2,False,38.951,Low
115,7,3,True,37.784,Low
115,7,3,False,36.71,Low
115,7,4,True,48.561,Moderate
115,7,4,False,49.601,Moderate
115,7,5,True,47.498,Moderate
115,7,5,False,48.538,Moderate
115,7,6,True,50.433,Moderate
115,7,6,False,50.373,Moderate
115,8,0,True,42.498,Low
115,8,0,False,41.883,Low
115,8,1,True,44.357,Low
115,8,1,False,43.993,Low
115,8,2,True,39.449,Low
115,8,2,False,39.074,Low
115,8,3,True,37.694,Low
115,8,3,False,37.155,Low
115,8,4,True,40.93,Low
115,8,4,False,40.517,Low
115,8,5,True,39.275,Low
115,8,5,False,38.862,Low
115,8,6,True,41.392,Low
115,8,6,False,40.927,Low
115,9,0,True,59.663,Moderate
115,9,0,False,58.317,Moderate
115,9,1,True,61.799,Moderate
115,9,1,False,60.912,Moderate
115,9,2,True,61.823,Moderate
115,9,2,False,60.778,Moderate
115,9,3,True,61.493,Moderate
115,9,3,False,59.961,Moderate
115,9,4,True,62.902,Moderate
115,9,4,False,60.884,Moderate
115,9,5,True,63.295,Moderate
115,9,5,False,61.277,Moderate
115,9,6,True,63.18,Moderate
115,9,6,False,61.418,Moderate
115,10,0,True,57.935,Moderate
115,10,0,False,58.134,Moderate
115,10,1,True,54.561,Moderate
115,10,1,False,54.347,Moderate
115,10,2,True,56.601,Moderate
115,10,2,False,56.236,Moderate
115,10,3,True,57.768,Moderate
115,10,3,False,57.732,Moderate
115,10,4,True,57.248,Moderate
115,10,4,False,56.607,Moderate
115,10,5,True,55.931,Moderate
115,10,5,False,55.291,Moderate
115,10,6,True,56.687,Moderate
115,10,6,False,56.144,Moderate
115,11,0,True,45.308,Moderate
115,11,0,False,46.466,Moderate
115,11,1,True,42.266,Low
115,11,1,False,43.803,Low
115,11,2,True,48.739,Moderate
115,11,2,False,52.173,Moderate
115,11,3,True,46.158,Moderate
115,11,3,False,50.159,Moderate
115,11,4,True,37.018,Low
115,11,4,False,41.547,Low
115,11,5,True,36.338,Low
115,11,5,False,40.867,Low
115,11,6,True,36.562,Low
115,11,6,False,40.697,Low
115,12,0,True,63.351,Moderate
115,12,0,False,65.567,Moderate
115,12,1,True,65.93,Moderate
115,12,1,False,68.497,Moderate
115,12,2,True,51.688,Moderate
115,12,2,False,53.811,Moderate
115,12,3,True,44.279,Low
115,12,3,False,46.504,Moderate
115,12,4,True,36.19,Low
115,12,4,False,39.06,Low
115,12,5,True,35.282,Low
115,12,5,False,38.153,Low
115,12,6,True,35.378,Low
115,12,6,False,37.5,Low
115,13,0,True,44.195,Low
115,13,0,False,45.557,Moderate
115,13,1,True,39.48,Low
115,13,1,False,40.988,Low
115,13,2,True,38.406,Low
115,13,2,False,39.158,Low
115,13,3,True,41.786,Low
115,13,3,False,42.769,Low
115,13,4,True,33.416,Low
115,13,4,False,34.178,Low
115,13,5,True,32.982,Low
115,13,5,False,33.743,Low
115,13,6,True,33.867,Low
115,13,6,False,34.179,Low
115,14,0,True,73.973,High
115,14,0,False,76.782,High
115,14,1,True,71.618,High
115,14,1,False,73.445,High
115,14,2,True,69.292,Moderate
115,14,2,False,71.318,High
115,14,3,True,73.741,High
115,14,3,False,75.947,High
115,14,4,True,29.033,Low
115,14,4,False,29.257,Low
115,14,5,True,27.871,Low
115,14,5,False,28.095,Low
115,14,6,True,38.802,Low
115,14,6,False,38.57,Low
115,15,0,True,63.12,Moderate
115,15,0,False,66.76,Moderate
115,15,1,True,62.169,Moderate
115,15,1,False,65.96,Moderate
115,15,2,True,57.418,Moderate
115,15,2,False,61.371,Moderate
115,15,3,True,61.754,Moderate
115,15,3,False,66.167,Moderate
115,15,4,True,29.064,Low
115,15,4,False,30.063,Low
115,15,5,True,28.8,Low
115,15,5,False,29.799,Low
115,15,6,True,35.862,Low
115,15,6,False,35.39,Low
115,16,0,True,28.97,Low
115,16,0,False,30.026,Low
115,16,1,True,78.127,High
115,16,1,False,79.65,High
115,16,2,True,46.716,Moderate
115,16,2,False,49.027,Moderate
115,16,3,True,42.586,Low
115,16,3,False,45.689,Moderate
115,16,4,True,25.905,Low
115,16,4,False,25.445,Low
115,16,5,True,26.433,Low
115,16,5,False,25.972,Low
115,16,6,True,35.275,Low
115,16,6,False,33.194,Low
115,17,0,True,33.814,Low
115,17,0,False,34.685,Low
115,17,1,True,90.914,High
115,17,1,False,100.943,High
115,17,2,True,38.574,Low
115,17,2,False,45.081,Moderate
115,17,3,True,33.08,Low
115,17,3,False,40.044,Low
115,17,4,True,30.31,Low
115,17,4,False,38.395,Low
115,17,5,True,26.289,Low
115,17,5,False,34.373,Low
115,17,6,True,102.46,High
115,17,6,False,98.235,High
115,18,0,True,27.813,Low
115,18,0,False,28.881,Low
115,18,1,True,59.772,Moderate
115,18,1,False,64.343,Moderate
115,18,2,True,34.229,Low
115,18,2,False,37.25,Low
115,18,3,True,27.531,Low
115,18,3,False,31.693,Low
115,18,4,True,26.677,Low
115,18,4,False,31.566,Low
115,18,5,True,23.008,Low
115,18,5,False,27.897,Low
115,18,6,True,55.009,Moderate
115,18,6,False,52.806,Moderate
115,19,0,True,23.78,Low
115,19,0,False,19.668,Low
115,19,1,True,40.511,Low
115,19,1,False,37.142,Low
115,19,2,True,32.051,Low
115,19,2,False,24.914,Low
115,19,3,True,35.546,Low
115,19,3,False,28.817,Low
115,19,4,True,36.26,Low
115,19,4,False,28.427,Low
115,19,5,True,39.907,Low
115,19,5,False,32.074,Low
115,19,6,True,33.169,Low
115,19,6,False,31.196,Low
115,20,0,True,31.32,Low
115,20,0,False,31.418,Low
115,20,1,True,45.67,Moderate
115,20,1,False,46.423,Moderate
115,20,2,True,37.978,Low
115,20,2,False,37.385,Low
115,20,3,True,43.629,Low
115,20,3,False,45.108,Moderate
115,20,4,True,32.582,Low
115,20,4,False,33.241,Low
115,20,5,True,32.051,Low
115,20,5,False,32.71,Low
115,20,6,True,25.725,Low
115,20,6,False,28.526,Low
115,21,0,True,14.857,Low
115,21,0,False,14.825,Low
115,21,1,True,26.063,Low
115,21,1,False,28.302,Low
115,21,2,True,19.786,Low
115,21,2,False,21.381,Low
115,21,3,True,21.764,Low
115,21,3,False,24.849,Low
115,21,4,True,22.775,Low
115,21,4,False,27.34,Low
115,21,5,True,19.649,Low
115,21,5,False,24.213,Low
115,21,6,True,15.884,Low
115,21,6,False,19.889,Low
115,22,0,True,13.351,Low
115,22,0,False,12.944,Low
115,22,1,True,24.713,Low
115,22,1,False,26.635,Low
115,22,2,True,18.589,Low
115,22,2,False,20.158,Low
115,22,3,True,20.528,Low
115,22,3,False,23.5,Low
115,22,4,True,20.448,Low
115,22,4,False,24.899,Low
115,22,5,True,18.907,Low
115,22,5,False,23.358,Low
115,22,6,True,15.128,Low
115,22,6,False,19.02,Low
115,23,0,True,13.383,Low
115,23,0,False,13.01,Low
115,23,1,True,24.758,Low
115,23,1,False,26.713,Low
115,23,2,True,18.659,Low
115,23,2,False,20.26,Low
115,23,3,True,20.547,Low
115,23,3,False,23.552,Low
115,23,4,True,20.467,Low
115,23,4,False,24.95,Low
115,23,5,True,18.926,Low
115,23,5,False,23.409,Low
115,23,6,True,15.147,Low
115,23,6,False,19.072,Low
118,0,0,True,125.991,High
118,0,0,False,137.207,High
118,0,1,True,126.941,High
118,0,1,False,138.658,High
118,0,2,True,125.439,High
118,0,2,False,138.161,High
118,0,3,True,122.968,High
118,0,3,False,139.871,High
118,0,4,True,120.582,High
118,0,4,False,137.919,High
118,0,5,True,112.333,High
118,0,5,False,129.67,High
118,0,6,True,109.428,High
118,0,6,False,128.142,High
118,1,0,True,125.991,High
118,1,0,False,137.207,High
118,1,1,True,126.941,High
118,1,1,False,138.658,High
118,1,2,True,125.439,High
118,1,2,False,138.161,High
118,1,3,True,122.968,High
118,1,3,False,139.871,High
118,1,4,True,120.582,High
118,1,4,False,137.919,High
118,1,5,True,112.333,High
118,1,5,False,129.67,High
118,1,6,True,109.428,High
118,1,6,False,128.142,High
118,2,0,True,125.991,High
118,2,0,False,137.207,High
118,2,1,True,126.941,High
118,2,1,False,138.658,High
118,2,2,True,125.439,High
118,2,2,False,138.161,High
118,2,3,True,122.968,High
118,2,3,False,139.871,High
118,2,4,True,120.582,High
118,2,4,False,137.919,High
118,2,5,True,112.333,High
118,2,5,False,129.67,High
118,2,6,True,109.428,High
118,2,6,False,128.142,High
118,3,0,True,125.991,High
118,3,0,False,137.207,High
118,3,1,True,126.941,High
118,3,1,False,138.658,High
118,3,2,True,125.439,High
118,3,2,False,138.161,High
118,3,3,True,122.968,High
118,3,3,False,139.871,High
118,3,4,True,120.582,High
118,3,4,False,137.919,High
118,3,5,True,112.333,High
118,3,5,False,129.67,High
118,3,6,True,109.428,High
118,3,6,False,128.142,High
118,4,0,True,125.991,High
118,4,0,False,137.207,High
118,4,1,True,126.941,High
118,4,1,False,138.658,High
118,4,2,True,125.439,High
118,4,2,False,138.161,High
118,4,3,True,122.968,High
118,4,3,False,139.871,High
118,4,4,True,120.582,High
118,4,4,False,137.919,High
118,4,5,True,112.333,High
118,4,5,False,129.67,High
118,4,6,True,109.428,High
118,4,6,False,128.142,High
118,5,0,True,125.991,High
118,5,0,False,137.207,High
118,5,1,True,126.941,High
118,5,1,False,138.658,High
118,5,2,True,125.439,High
118,5,2,False,138.161,High
118,5,3,True,122.968,High
118,5,3,False,139.871,High
118,5,4,True,120.582,High
118,5,4,False,137.919,High
118,5,5,True,112.333,High
118,5,5,False,129.67,High
118,5,6,True,109.428,High
118,5,6,False,128.142,High
118,6,0,True,125.441,High
118,6,0,False,136.179,High
118,6,1,True,126.046,High
118,6,1,False,136.506,High
118,6,2,True,123.321,High
118,6,2,False,134.786,High
118,6,3,True,119.983,High
118,6,3,False,136.015,High
118,6,4,True,120.14,High
118,6,4,False,136.913,High
118,6,5,True,112.598,High
118,6,5,False,129.371,High
118,6,6,True,112.86,High
118,6,6,False,130.084,High
118,7,0,True,102.531,High
118,7,0,False,108.158,High
118,7,1,True,103.32,High
118,7,1,False,108.232,High
118,7,2,True,102.713,High
118,7,2,False,108.551,High
118,7,3,True,100.823,High
118,7,3,False,108.659,High
118,7,4,True,93.302,High
118,7,4,False,101.813,High
118,7,5,True,83.831,High
118,7,5,False,92.343,High
118,7,6,True,90.67,High
118,7,6,False,98.495,High
118,8,0,True,96.131,High
118,8,0,False,104.788,High
118,8,1,True,100.58,High
118,8,1,False,111.289,High
118,8,2,True,99.909,High
118,8,2,False,112.074,High
118,8,3,True,94.119,High
118,8,3,False,106.504,High
118,8,4,True,74.691,High
118,8,4,False,88.228,High
118,8,5,True,64.011,Moderate
118,8,5,False,77.549,High
118,8,6,True,75.91,High
118,8,6,False,86.238,High
118,9,0,True,173.229,High
118,9,0,False,193.701,High
118,9,1,True,175.624,High
118,9,1,False,197.15,High
118,9,2,True,177.693,High
118,9,2,False,201.629,High
118,9,3,True,169.948,High
118,9,3,False,193.365,High
118,9,4,True,160.834,High
118,9,4,False,184.258,High
118,9,5,True,141.94,High
118,9,5,False,165.364,High
118,9,6,True,146.931,High
118,9,6,False,168.966,High
118,10,0,True,132.16,High
118,10,0,False,132.951,High
118,10,1,True,134.214,High
118,10,1,False,135.518,High
118,10,2,True,133.612,High
118,10,2,False,135.054,High
118,10,3,True,118.776,High
118,10,3,False,118.2,High
118,10,4,True,118.333,High
118,10,4,False,117.721,High
118,10,5,True,116.833,High
118,10,5,False,116.22,High
118,10,6,True,120.591,High
118,10,6,False,119.233,High
118,11,0,True,137.404,High
118,11,0,False,139.043,High
118,11,1,True,133.542,High
118,11,1,False,134.983,High
118,11,2,True,131.954,High
118,11,2,False,133.495,High
118,11,3,True,119.9,High
118,11,3,False,121.989,High
118,11,4,True,117.946,High
118,11,4,False,120.003,High
118,11,5,True,115.808,High
118,11,5,False,117.865,High
118,11,6,True,118.826,High
118,11,6,False,120.172,High
118,12,0,True,124.977,High
118,12,0,False,129.085,High
118,12,1,True,126.213,High
118,12,1,False,130.022,High
118,12,2,True,120.406,High
118,12,2,False,124.317,High
118,12,3,True,117.732,High
118,12,3,False,121.723,High
118,12,4,True,123.016,High
118,12,4,False,127.113,High
118,12,5,True,122.418,High
118,12,5,False,126.514,High
118,12,6,True,124.866,High
118,12,6,False,126.779,High
118,13,0,True,109.575,High
118,13,0,False,113.336,High
118,13,1,True,96.864,High
118,13,1,False,98.253,High
118,13,2,True,84.009,High
118,13,2,False,82.834,High
118,13,3,True,92.54,High
118,13,3,False,91.976,High
118,13,4,True,103.383,High
118,13,4,False,102.109,High
118,13,5,True,103.283,High
118,13,5,False,102.009,High
118,13,6,True,107.481,High
118,13,6,False,103.467,High
118,14,0,True,73.608,High
118,14,0,False,89.615,High
118,14,1,True,59.966,Moderate
118,14,1,False,75.234,High
118,14,2,True,59.357,Moderate
118,14,2,False,76.029,High
118,14,3,True,62.309,Moderate
118,14,3,False,80.783,High
118,14,4,True,61.513,Moderate
118,14,4,False,79.201,High
118,14,5,True,54.769,Moderate
118,14,5,False,72.457,High
118,14,6,True,88.357,High
118,14,6,False,92.206,High
118,15,0,True,56.575,Moderate
118,15,0,False,69.274,Moderate
118,15,1,True,35.775,Low
118,15,1,False,47.07,Moderate
118,15,2,True,35.214,Low
118,15,2,False,48.134,Moderate
118,15,3,True,43.212,Low
118,15,3,False,61.07,Moderate
118,15,4,True,41.489,Low
118,15,4,False,59.353,Moderate
118,15,5,True,29.238,Low
118,15,5,False,47.102,Moderate
118,15,6,True,57.558,Moderate
118,15,6,False,60.83,Moderate
118,16,0,True,25.486,Low
118,16,0,False,31.624,Low
118,16,1,True,50.045,Moderate
118,16,1,False,54.979,Moderate
118,16,2,True,28.695,Low
118,16,2,False,34.493,Low
118,16,3,True,33.33,Low
118,16,3,False,41.809,Low
118,16,4,True,29.938,Low
118,16,4,False,37.296,Low
118,16,5,True,26.054,Low
118,16,5,False,33.412,Low
118,16,6,True,42.787,Low
118,16,6,False,42.637,Low
118,17,0,True,30.0,Low
118,17,0,False,32.1,Low
118,17,1,True,70.129,Moderate
118,17,1,False,80.509,High
118,17,2,True,31.5,Low
118,17,2,False,37.786,Low
118,17,3,True,29.644,Low
118,17,3,False,38.028,Low
118,17,4,True,27.868,Low
118,17,4,False,37.685,Low
118,17,5,True,23.988,Low
118,17,5,False,33.806,Low
118,17,6,True,91.759,High
118,17,6,False,87.646,High
118,18,0,True,26.811,Low
118,18,0,False,28.572,Low
118,18,1,True,51.228,Moderate
118,18,1,False,55.323,Moderate
118,18,2,True,31.302,Low
118,18,2,False,34.208,Low
118,18,3,True,24.84,Low
118,18,3,False,28.846,Low
118,18,4,True,25.422,Low
118,18,4,False,30.761,Low
118,18,5,True,21.724,Low
118,18,5,False,27.062,Low
118,18,6,True,51.963,Moderate
118,18,6,False,49.02,Moderate
118,19,0,True,24.399,Low
118,19,0,False,20.034,Low
118,19,1,True,38.382,Low
118,19,1,False,34.47,Low
118,19,2,True,32.243,Low
118,19,2,False,24.939,Low
118,19,3,True,35.373,Low
118,19,3,False,28.133,Low
118,19,4,True,35.389,Low
118,19,4,False,27.256,Low
118,19,5,True,39.036,Low
118,19,5,False,30.903,Low
118,19,6,True,32.776,Low
118,19,6,False,30.275,Low
118,20,0,True,30.819,Low
118,20,0,False,30.917,Low
118,20,1,True,42.98,Low
118,20,1,False,43.733,Low
118,20,2,True,36.511,Low
118,20,2,False,35.918,Low
118,20,3,True,41.719,Low
118,20,3,False,43.198,Low
118,20,4,True,30.982,Low
118,20,4,False,31.869,Low
118,20,5,True,30.452,Low
118,20,5,False,31.339,Low
118,20,6,True,24.722,Low
118,20,6,False,27.523,Low
118,21,0,True,14.349,Low
118,21,0,False,14.317,Low
118,21,1,True,24.679,Low
118,21,1,False,26.918,Low
118,21,2,True,18.445,Low
118,21,2,False,20.04,Low
118,21,3,True,19.994,Low
118,21,3,False,23.16,Low
118,21,4,True,21.677,Low
118,21,4,False,26.322,Low
118,21,5,True,18.552,Low
118,21,5,False,23.197,Low
118,21,6,True,15.205,Low
118,21,6,False,19.291,Low
118,22,0,True,12.852,Low
118,22,0,False,12.445,Low
118,22,1,True,23.338,Low
118,22,1,False,25.26,Low
118,22,2,True,17.256,Low
118,22,2,False,18.825,Low
118,22,3,True,18.758,Low
118,22,3,False,21.811,Low
118,22,4,True,19.35,Low
118,22,4,False,23.881,Low
118,22,5,True,17.81,Low
118,22,5,False,22.341,Low
118,22,6,True,14.444,Low
118,22,6,False,18.417,Low
118,23,0,True,12.896,Low
118,23,0,False,12.523,Low
118,23,1,True,23.396,Low
118,23,1,False,25.351,Low
118,23,2,True,17.339,Low
118,23,2,False,18.94,Low
118,23,3,True,18.79,Low
118,23,3,False,21.875,Low
118,23,4,True,19.379,Low
118,23,4,False,23.943,Low
118,23,5,True,17.838,Low
118,23,5,False,22.402,Low
118,23,6,True,14.473,Low
118,23,6,False,18.478,Low
128,0,0,True,125.187,High
128,0,0,False,132.518,High
128,0,1,True,134.376,High
128,0,1,False,143.253,High
128,0,2,True,137.291,High
128,0,2,False,147.772,High
128,0,3,True,143.93,High
128,0,3,False,161.848,High
128,0,4,True,140.831,High
128,0,4,False,159.789,High
128,0,5,True,134.587,High
128,0,5,False,153.545,High
128,0,6,True,132.228,High
128,0,6,False,153.405,High
128,1,0,True,125.187,High
128,1,0,False,132.518,High
128,1,1,True,134.376,High
128,1,1,False,143.253,High
128,1,2,True,137.291,High
128,1,2,False,147.772,High
128,1,3,True,143.93,High
128,1,3,False,161.848,High
128,1,4,True,140.831,High
128,1,4,False,159.789,High
128,1,5,True,134.587,High
128,1,5,False,153.545,High
128,1,6,True,132.228,High
128,1,6,False,153.405,High
128,2,0,True,125.187,High
128,2,0,False,132.518,High
128,2,1,True,134.376,High
128,2,1,False,143.253,High
128,2,2,True,137.291,High
128,2,2,False,147.772,High
128,2,3,True,143.93,High
128,2,3,False,161.848,High
128,2,4,True,140.831,High
128,2,4,False,159.789,High
128,2,5,True,134.587,High
128,2,5,False,153.545,High
128,2,6,True,132.228,High
128,2,6,False,153.405,High
128,3,0,True,125.187,High
128,3,0,False,132.518,High
128,3,1,True,134.376,High
128,3,1,False,143.253,High
128,3,2,True,137.291,High
128,3,2,False,147.772,High
128,3,3,True,143.93,High
128,3,3,False,161.848,High
128,3,4,True,140.831,High
128,3,4,False,159.789,High
128,3,5,True,134.587,High
128,3,5,False,153.545,High
128,3,6,True,132.228,High
128,3,6,False,153.405,High
128,4,0,True,125.187,High
128,4,0,False,132.518,High
128,4,1,True,134.376,High
128,4,1,False,143.253,High
128,4,2,True,137.291,High
128,4,2,False,147.772,High
128,4,3,True,143.93,High
128,4,3,False,161.848,High
128,4,4,True,140.831,High
128,4,4,False,159.789,High
128,4,5,True,134.587,High
128,4,5,False,153.545,High
128,4,6,True,132.228,High
128,4,6,False,153.405,High
128,5,0,True,125.187,High
128,5,0,False,132.518,High
128,5,1,True,134.376,High
128,5,1,False,143.253,High
128,5,2,True,137.291,High
128,5,2,False,147.772,High
128,5,3,True,143.93,High
128,5,3,False,161.848,High
128,5,4,True,140.831,High
128,5,4,False,159.789,High
128,5,5,True,134.587,High
128,5,5,False,153.545,High
128,5,6,True,132.228,High
128,5,6,False,153.405,High
128,6,0,True,125.187,High
128,6,0,False,132.518,High
128,6,1,True,134.376,High
128,6,1,False,143.253,High
128,6,2,True,137.291,High
128,6,2,False,147.772,High
128,6,3,True,144.045,High
128,6,3,False,162.35,High
128,6,4,True,140.947,High
128,6,4,False,160.291,High
128,6,5,True,134.703,High
128,6,5,False,154.047,High
128,6,6,True,132.222,High
128,6,6,False,153.907,High
128,7,0,True,92.166,High
128,7,0,False,94.864,High
128,7,1,True,93.167,High
128,7,1,False,94.701,High
128,7,2,True,100.93,High
128,7,2,False,104.73,High
128,7,3,True,110.645,High
128,7,3,False,119.928,High
128,7,4,True,99.643,High
128,7,4,False,111.908,High
128,7,5,True,90.086,High
128,7,5,False,102.351,High
128,7,6,True,115.399,High
128,7,6,False,121.577,High
128,8,0,True,93.044,High
128,8,0,False,106.691,High
128,8,1,True,108.995,High
128,8,1,False,125.084,High
128,8,2,True,113.117,High
128,8,2,False,130.538,High
128,8,3,True,114.521,High
128,8,3,False,136.137,High
128,8,4,True,67.515,Moderate
128,8,4,False,92.253,High
128,8,5,True,50.985,Moderate
128,8,5,False,75.723,High
128,8,6,True,80.638,High
128,8,6,False,94.493,High
128,9,0,True,99.971,High
128,9,0,False,100.869,High
128,9,1,True,103.764,High
128,9,1,False,104.56,High
128,9,2,True,102.372,High
128,9,2,False,103.535,High
128,9,3,True,100.415,High
128,9,3,False,101.712,High
128,9,4,True,102.267,High
128,9,4,False,103.314,High
128,9,5,True,100.285,High
128,9,5,False,101.332,High
128,9,6,True,99.579,High
128,9,6,False,99.749,High
128,10,0,True,100.697,High
128,10,0,False,102.813,High
128,10,1,True,102.754,High
128,10,1,False,105.312,High
128,10,2,True,100.559,High
128,10,2,False,102.816,High
128,10,3,True,102.263,High
128,10,3,False,105.777,High
128,10,4,True,101.341,High
128,10,4,False,104.848,High
128,10,5,True,99.712,High
128,10,5,False,103.219,High
128,10,6,True,99.168,High
128,10,6,False,101.196,High
128,11,0,True,85.263,High
128,11,0,False,85.696,High
128,11,1,True,84.834,High
128,11,1,False,84.847,High
128,11,2,True,87.803,High
128,11,2,False,88.727,High
128,11,3,True,89.348,High
128,11,3,False,91.27,High
128,11,4,True,90.116,High
128,11,4,False,91.532,High
128,11,5,True,89.162,High
128,11,5,False,90.579,High
128,11,6,True,91.069,High
128,11,6,False,90.924,High
128,12,0,True,64.907,Moderate
128,12,0,False,64.446,Moderate
128,12,1,True,66.801,Moderate
128,12,1,False,66.393,Moderate
128,12,2,True,66.367,Moderate
128,12,2,False,66.112,Moderate
128,12,3,True,69.022,Moderate
128,12,3,False,68.6,Moderate
128,12,4,True,68.763,Moderate
128,12,4,False,67.961,Moderate
128,12,5,True,69.284,Moderate
128,12,5,False,68.482,Moderate
128,12,6,True,69.428,Moderate
128,12,6,False,68.547,Moderate
128,13,0,True,54.921,Moderate
128,13,0,False,54.998,Moderate
128,13,1,True,54.464,Moderate
128,13,1,False,54.585,Moderate
128,13,2,True,57.516,Moderate
128,13,2,False,57.931,Moderate
128,13,3,True,57.104,Moderate
128,13,3,False,57.585,Moderate
128,13,4,True,51.985,Moderate
128,13,4,False,51.956,Moderate
128,13,5,True,52.156,Moderate
128,13,5,False,52.127,Moderate
128,13,6,True,51.174,Moderate
128,13,6,False,51.328,Moderate
128,14,0,True,50.66,Moderate
128,14,0,False,51.067,Moderate
128,14,1,True,50.942,Moderate
128,14,1,False,50.848,Moderate
128,14,2,True,52.959,Moderate
128,14,2,False,53.008,Moderate
128,14,3,True,53.395,Moderate
128,14,3,False,53.115,Moderate
128,14,4,True,52.98,Moderate
128,14,4,False,52.463,Moderate
128,14,5,True,52.875,Moderate
128,14,5,False,52.358,Moderate
128,14,6,True,56.059,Moderate
128,14,6,False,55.868,Moderate
128,15,0,True,49.164,Moderate
128,15,0,False,49.426,Moderate
128,15,1,True,45.353,Moderate
128,15,1,False,45.413,Moderate
128,15,2,True,41.269,Low
128,15,2,False,41.261,Low
128,15,3,True,40.839,Low
128,15,3,False,41.303,Low
128,15,4,True,42.671,Low
128,15,4,False,42.566,Low
128,15,5,True,42.798,Low
128,15,5,False,42.693,Low
128,15,6,True,48.981,Moderate
128,15,6,False,47.24,Moderate
128,16,0,True,36.667,Low
128,16,0,False,36.584,Low
128,16,1,True,45.998,Moderate
128,16,1,False,45.915,Moderate
128,16,2,True,33.504,Low
128,16,2,False,32.857,Low
128,16,3,True,36.527,Low
128,16,3,False,36.821,Low
128,16,4,True,34.596,Low
128,16,4,False,33.661,Low
128,16,5,True,35.032,Low
128,16,5,False,34.096,Low
128,16,6,True,36.661,Low
128,16,6,False,35.022,Low
128,17,0,True,39.09,Low
128,17,0,False,39.169,Low
128,17,1,True,45.614,Moderate
128,17,1,False,46.143,Moderate
128,17,2,True,32.653,Low
128,17,2,False,31.108,Low
128,17,3,True,28.045,Low
128,17,3,False,25.533,Low
128,17,4,True,31.2,Low
128,17,4,False,28.95,Low
128,17,5,True,31.17,Low
128,17,5,False,28.92,Low
128,17,6,True,78.303,High
128,17,6,False,73.242,High
128,18,0,True,34.979,Low
128,18,0,False,34.198,Low
128,18,1,True,44.174,Low
128,18,1,False,43.507,Low
128,18,2,True,34.266,Low
128,18,2,False,33.312,Low
128,18,3,True,21.408,Low
128,18,3,False,17.671,Low
128,18,4,True,26.868,Low
128,18,4,False,23.822,Low
128,18,5,True,25.954,Low
128,18,5,False,22.908,Low
128,18,6,True,50.96,Moderate
128,18,6,False,46.478,Moderate
128,19,0,True,19.505,Low
128,19,0,False,12.02,Low
128,19,1,True,21.456,Low
128,19,1,False,13.548,Low
128,19,2,True,30.956,Low
128,19,2,False,25.216,Low
128,19,3,True,25.947,Low
128,19,3,False,15.808,Low
128,19,4,True,18.434,Low
128,19,4,False,7.055,Low
128,19,5,True,23.13,Low
128,19,5,False,11.751,Low
128,19,6,True,40.569,Low
128,19,6,False,31.214,Low
128,20,0,True,16.273,Low
128,20,0,False,15.2,Low
128,20,1,True,8.338,Low
128,20,1,False,7.348,Low
128,20,2,True,7.863,Low
128,20,2,False,6.861,Low
128,20,3,True,13.642,Low
128,20,3,False,12.684,Low
128,20,4,True,1.922,Low
128,20,4,False,1.04,Low
128,20,5,True,1.836,Low
128,20,5,False,0.953,Low
128,20,6,True,11.961,Low
128,20,6,False,10.899,Low
128,21,0,True,6.452,Low
128,21,0,False,5.871,Low
128,21,1,True,3.166,Low
128,21,1,False,2.587,Low
128,21,2,True,2.734,Low
128,21,2,False,2.095,Low
128,21,3,True,3.648,Low
128,21,3,False,3.395,Low
128,21,4,True,3.065,Low
128,21,4,False,2.803,Low
128,21,5,True,3.234,Low
128,21,5,False,2.972,Low
128,21,6,True,5.618,Low
128,21,6,False,5.253,Low
128,22,0,True,5.261,Low
128,22,0,False,4.928,Low
128,22,1,True,2.051,Low
128,22,1,False,1.718,Low
128,22,2,True,1.848,Low
128,22,2,False,1.514,Low
128,22,3,True,2.57,Low
128,22,3,False,2.543,Low
128,22,4,True,2.021,Low
128,22,4,False,1.986,Low
128,22,5,True,2.069,Low
128,22,5,False,2.034,Low
128,22,6,True,3.877,Low
128,22,6,False,3.79,Low
128,23,0,True,5.669,Low
128,23,0,False,5.427,Low
128,23,1,True,2.533,Low
128,23,1,False,2.291,Low
128,23,2,True,2.454,Low
128,23,2,False,2.21,Low
128,23,3,True,2.949,Low
128,23,3,False,3.012,Low
128,23,4,True,2.345,Low
128,23,4,False,2.401,Low
128,23,5,True,2.369,Low
128,23,5,False,2.424,Low
128,23,6,True,4.089,Low
128,23,6,False,4.068,Low
137,0,0,True,55.067,Moderate
137,0,0,False,56.679,Moderate
137,0,1,True,57.898,Moderate
137,0,1,False,60.078,Moderate
137,0,2,True,60.048,Moderate
137,0,2,False,62.595,Moderate
137,0,3,True,62.312,Moderate
137,0,3,False,65.154,Moderate
137,0,4,True,57.758,Moderate
137,0,4,False,60.378,Moderate
137,0,5,True,56.104,Moderate
137,0,5,False,58.724,Moderate
137,0,6,True,53.703,Moderate
137,0,6,False,57.314,Moderate
137,1,0,True,55.067,Moderate
137,1,0,False,56.679,Moderate
137,1,1,True,57.898,Moderate
137,1,1,False,60.078,Moderate
137,1,2,True,60.048,Moderate
137,1,2,False,62.595,Moderate
137,1,3,True,62.312,Moderate
137,1,3,False,65.154,Moderate
137,1,4,True,57.758,Moderate
137,1,4,False,60.378,Moderate
137,1,5,True,56.104,Moderate
137,1,5,False,58.724,Moderate
137,1,6,True,53.703,Moderate
137,1,6,False,57.314,Moderate
137,2,0,True,55.067,Moderate
137,2,0,False,56.679,Moderate
137,2,1,True,57.898,Moderate
137,2,1,False,60.078,Moderate
137,2,2,True,60.048,Moderate
137,2,2,False,62.595,Moderate
137,2,3,True,62.312,Moderate
137,2,3,False,65.154,Moderate
137,2,4,True,57.758,Moderate
137,2,4,False,60.378,Moderate
137,2,5,True,56.104,Moderate
137,2,5,False,58.724,Moderate
137,2,6,True,53.703,Moderate
137,2,6,False,57.314,Moderate
137,3,0,True,55.067,Moderate
137,3,0,False,56.679,Moderate
137,3,1,True,57.898,Moderate
137,3,1,False,60.078,Moderate
137,3,2,True,60.048,Moderate
137,3,2,False,62.595,Moderate
137,3,3,True,62.312,Moderate
137,3,3,False,65.154,Moderate
137,3,4,True,57.758,Moderate
137,3,4,False,60.378,Moderate
137,3,5,True,56.104,Moderate
137,3,5,False,58.724,Moderate
137,3,6,True,53.703,Moderate
137,3,6,False,57.314,Moderate
137,4,0,True,55.067,Moderate
137,4,0,False,56.679,Moderate
137,4,1,True,57.898,Moderate
137,4,1,False,60.078,Moderate
137,4,2,True,60.048,Moderate
137,4,2,False,62.595,Moderate
137,4,3,True,62.312,Moderate
137,4,3,False,65.154,Moderate
137,4,4,True,57.758,Moderate
137,4,4,False,60.378,Moderate
137,4,5,True,56.104,Moderate
137,4,5,False,58.724,Moderate
137,4,6,True,53.703,Moderate
137,4,6,False,57.314,Moderate
137,5,0,True,55.067,Moderate
137,5,0,False,56.679,Moderate
137,5,1,True,57.898,Moderate
137,5,1,False,60.078,Moderate
137,5,2,True,60.048,Moderate
137,5,2,False,62.595,Moderate
137,5,3,True,62.312,Moderate
137,5,3,False,65.154,Moderate
137,5,4,True,57.758,Moderate
137,5,4,False,60.378,Moderate
137,5,5,True,56.104,Moderate
137,5,5,False,58.724,Moderate
137,5,6,True,53.703,Moderate
137,5,6,False,57.314,Moderate
137,6,0,True,55.067,Moderate
137,6,0,False,56.679,Moderate
137,6,1,True,57.898,Moderate
137,6,1,False,60.078,Moderate
137,6,2,True,60.048,Moderate
137,6,2,False,62.595,Moderate
137,6,3,True,62.312,Moderate
137,6,3,False,65.154,Moderate
137,6,4,True,57.758,Moderate
137,6,4,False,60.378,Moderate
137,6,5,True,56.104,Moderate
137,6,5,False,58.724,Moderate
137,6,6,True,53.703,Moderate
137,6,6,False,57.314,Moderate
137,7,0,True,51.567,Moderate
137,7,0,False,52.628,Moderate
137,7,1,True,53.047,Moderate
137,7,1,False,54.291,Moderate
137,7,2,True,56.755,Moderate
137,7,2,False,58.418,Moderate
137,7,3,True,57.771,Moderate
137,7,3,False,59.252,Moderate
137,7,4,True,52.822,Moderate
137,7,4,False,54.441,Moderate
137,7,5,True,51.414,Moderate
137,7,5,False,53.033,Moderate
137,7,6,True,50.709,Moderate
137,7,6,False,52.533,Moderate
137,8,0,True,54.875,Moderate
137,8,0,False,56.867,Moderate
137,8,1,True,55.216,Moderate
137,8,1,False,57.444,Moderate
137,8,2,True,57.76,Moderate
137,8,2,False,60.416,Moderate
137,8,3,True,57.973,Moderate
137,8,3,False,60.747,Moderate
137,8,4,True,47.931,Moderate
137,8,4,False,51.131,Moderate
137,8,5,True,44.818,Moderate
137,8,5,False,48.017,Moderate
137,8,6,True,43.981,Low
137,8,6,False,47.124,Moderate
137,9,0,True,53.191,Moderate
137,9,0,False,53.887,Moderate
137,9,1,True,52.827,Moderate
137,9,1,False,53.543,Moderate
137,9,2,True,56.99,Moderate
137,9,2,False,58.121,Moderate
137,9,3,True,56.074,Moderate
137,9,3,False,56.936,Moderate
137,9,4,True,48.859,Moderate
137,9,4,False,50.221,Moderate
137,9,5,True,48.228,Moderate
137,9,5,False,49.591,Moderate
137,9,6,True,47.18,Moderate
137,9,6,False,48.466,Moderate
137,10,0,True,53.083,Moderate
137,10,0,False,52.773,Moderate
137,10,1,True,53.169,Moderate
137,10,1,False,52.752,Moderate
137,10,2,True,55.311,Moderate
137,10,2,False,55.156,Moderate
137,10,3,True,55.002,Moderate
137,10,3,False,54.785,Moderate
137,10,4,True,52.725,Moderate
137,10,4,False,52.375,Moderate
137,10,5,True,52.639,Moderate
137,10,5,False,52.289,Moderate
137,10,6,True,50.308,Moderate
137,10,6,False,50.257,Moderate
137,11,0,True,58.451,Moderate
137,11,0,False,54.417,Moderate
137,11,1,True,59.943,Moderate
137,11,1,False,55.363,Moderate
137,11,2,True,60.544,Moderate
137,11,2,False,55.413,Moderate
137,11,3,True,59.888,Moderate
137,11,3,False,54.155,Moderate
137,11,4,True,60.266,Moderate
137,11,4,False,53.182,Moderate
137,11,5,True,62.931,Moderate
137,11,5,False,55.847,Moderate
137,11,6,True,59.381,Moderate
137,11,6,False,53.708,Moderate
137,12,0,True,57.628,Moderate
137,12,0,False,57.826,Moderate
137,12,1,True,60.362,Moderate
137,12,1,False,60.457,Moderate
137,12,2,True,59.059,Moderate
137,12,2,False,59.471,Moderate
137,12,3,True,58.044,Moderate
137,12,3,False,58.216,Moderate
137,12,4,True,56.209,Moderate
137,12,4,False,54.502,Moderate
137,12,5,True,56.846,Moderate
137,12,5,False,55.139,Moderate
137,12,6,True,53.648,Moderate
137,12,6,False,53.16,Moderate
137,13,0,True,79.128,High
137,13,0,False,80.504,High
137,13,1,True,66.8,Moderate
137,13,1,False,67.862,Moderate
137,13,2,True,60.128,Moderate
137,13,2,False,59.922,Moderate
137,13,3,True,57.465,Moderate
137,13,3,False,57.242,Moderate
137,13,4,True,55.881,Moderate
137,13,4,False,55.391,Moderate
137,13,5,True,56.089,Moderate
137,13,5,False,55.6,Moderate
137,13,6,True,54.349,Moderate
137,13,6,False,54.341,Moderate
137,14,0,True,78.748,High
137,14,0,False,79.238,High
137,14,1,True,85.268,High
137,14,1,False,85.706,High
137,14,2,True,82.739,High
137,14,2,False,83.329,High
137,14,3,True,72.44,High
137,14,3,False,71.957,High
137,14,4,True,72.811,High
137,14,4,False,71.612,High
137,14,5,True,73.077,High
137,14,5,False,71.878,High
137,14,6,True,72.216,High
137,14,6,False,71.477,High
137,15,0,True,82.914,High
137,15,0,False,82.976,High
137,15,1,True,86.162,High
137,15,1,False,86.438,High
137,15,2,True,83.27,High
137,15,2,False,83.623,High
137,15,3,True,76.111,High
137,15,3,False,75.614,High
137,15,4,True,75.18,High
137,15,4,False,75.226,High
137,15,5,True,75.229,High
137,15,5,False,75.275,High
137,15,6,True,74.344,High
137,15,6,False,74.423,High
137,16,0,True,61.007,Moderate
137,16,0,False,62.508,Moderate
137,16,1,True,56.071,Moderate
137,16,1,False,57.49,Moderate
137,16,2,True,41.46,Low
137,16,2,False,42.539,Low
137,16,3,True,45.884,Moderate
137,16,3,False,47.451,Moderate
137,16,4,True,44.166,Low
137,16,4,False,46.064,Moderate
137,16,5,True,43.175,Low
137,16,5,False,45.073,Moderate
137,16,6,True,47.764,Moderate
137,16,6,False,48.878,Moderate
137,17,0,True,61.608,Moderate
137,17,0,False,62.709,Moderate
137,17,1,True,51.379,Moderate
137,17,1,False,50.858,Moderate
137,17,2,True,54.245,Moderate
137,17,2,False,56.817,Moderate
137,17,3,True,55.513,Moderate
137,17,3,False,58.649,Moderate
137,17,4,True,50.943,Moderate
137,17,4,False,54.461,Moderate
137,17,5,True,48.655,Moderate
137,17,5,False,52.173,Moderate
137,17,6,True,86.142,High
137,17,6,False,84.352,High
137,18,0,True,64.694,Moderate
137,18,0,False,68.587,Moderate
137,18,1,True,60.035,Moderate
137,18,1,False,62.614,Moderate
137,18,2,True,57.678,Moderate
137,18,2,False,61.208,Moderate
137,18,3,True,54.583,Moderate
137,18,3,False,58.989,Moderate
137,18,4,True,51.777,Moderate
137,18,4,False,56.665,Moderate
137,18,5,True,47.431,Moderate
137,18,5,False,52.32,Moderate
137,18,6,True,75.238,High
137,18,6,False,74.655,High
137,19,0,True,25.709,Low
137,19,0,False,41.29,Low
137,19,1,True,37.457,Low
137,19,1,False,53.869,Moderate
137,19,2,True,34.491,Low
137,19,2,False,53.757,Moderate
137,19,3,True,63.228,Moderate
137,19,3,False,99.499,High
137,19,4,True,39.922,Low
137,19,4,False,75.308,High
137,19,5,True,25.707,Low
137,19,5,False,61.093,Moderate
137,19,6,True,38.649,Low
137,19,6,False,73.747,High
137,20,0,True,99.278,High
137,20,0,False,157.388,High
137,20,1,True,96.585,High
137,20,1,False,154.714,High
137,20,2,True,112.977,High
137,20,2,False,192.173,High
137,20,3,True,148.42,High
137,20,3,False,248.98,High
137,20,4,True,93.645,High
137,20,4,False,194.183,High
137,20,5,True,35.968,Low
137,20,5,False,136.505,High
137,20,6,True,54.878,Moderate
137,20,6,False,151.22,High
137,21,0,True,63.861,Moderate
137,21,0,False,117.869,High
137,21,1,True,60.782,Moderate
137,21,1,False,114.723,High
137,21,2,True,78.984,High
137,21,2,False,150.862,High
137,21,3,True,103.382,High
137,21,3,False,193.082,High
137,21,4,True,68.077,Moderate
137,21,4,False,157.828,High
137,21,5,True,21.093,Low
137,21,5,False,110.845,High
137,21,6,True,27.016,Low
137,21,6,False,115.422,High
137,22,0,True,63.071,Moderate
137,22,0,False,117.255,High
137,22,1,True,60.073,Moderate
137,22,1,False,114.187,High
137,22,2,True,78.44,High
137,22,2,False,150.548,High
137,22,3,True,102.768,High
137,22,3,False,192.613,High
137,22,4,True,67.472,Moderate
137,22,4,False,157.313,High
137,22,5,True,20.368,Low
137,22,5,False,110.209,High
137,22,6,True,25.777,Low
137,22,6,False,114.318,High
137,23,0,True,63.214,Moderate
137,23,0,False,117.457,High
137,23,1,True,60.252,Moderate
137,23,1,False,114.425,High
137,23,2,True,78.717,High
137,23,2,False,150.882,High
137,23,3,True,102.916,High
137,23,3,False,192.819,High
137,23,4,True,67.58,Moderate
137,23,4,False,157.478,High
137,23,5,True,20.463,Low
137,23,5,False,110.361,High
137,23,6,True,25.815,Low
137,23,6,False,114.395,High
140,0,0,True,34.234,Low
140,0,0,False,34.836,Low
140,0,1,True,36.791,Low
140,0,1,False,37.382,Low
140,0,2,True,35.364,Low
140,0,2,False,35.927,Low
140,0,3,True,36.654,Low
140,0,3,False,37.457,Low
140,0,4,True,36.927,Low
140,0,4,False,37.811,Low
140,0,5,True,36.693,Low
140,0,5,False,37.577,Low
140,0,6,True,36.158,Low
140,0,6,False,37.191,Low
140,1,0,True,34.234,Low
140,1,0,False,34.836,Low
140,1,1,True,36.791,Low
140,1,1,False,37.382,Low
140,1,2,True,35.364,Low
140,1,2,False,35.927,Low
140,1,3,True,36.654,Low
140,1,3,False,37.457,Low
140,1,4,True,36.927,Low
140,1,4,False,37.811,Low
140,1,5,True,36.693,Low
140,1,5,False,37.577,Low
140,1,6,True,36.158,Low
140,1,6,False,37.191,Low
140,2,0,True,34.234,Low
140,2,0,False,34.836,Low
140,2,1,True,36.791,Low
140,2,1,False,37.382,Low
140,2,2,True,35.364,Low
140,2,2,False,35.927,Low
140,2,3,True,36.654,Low
140,2,3,False,37.457,Low
140,2,4,True,36.927,Low
140,2,4,False,37.811,Low
140,2,5,True,36.693,Low
140,2,5,False,37.577,Low
140,2,6,True,36.158,Low
140,2,6,False,37.191,Low
140,3,0,True,34.234,Low
140,3,0,False,34.836,Low
140,3,1,True,36.791,Low
140,3,1,False,37.382,Low
140,3,2,True,35.364,Low
140,3,2,False,35.927,Low
140,3,3,True,36.654,Low
140,3,3,False,37.457,Low
140,3,4,True,36.927,Low
140,3,4,False,37.811,Low
140,3,5,True,36.693,Low
140,3,5,False,37.577,Low
140,3,6,True,36.158,Low
140,3,6,False,37.191,Low
140,4,0,True,34.234,Low
140,4,0,False,34.836,Low
140,4,1,True,36.791,Low
140,4,1,False,37.382,Low
140,4,2,True,35.364,Low
140,4,2,False,35.927,Low
140,4,3,True,36.654,Low
140,4,3,False,37.457,Low
140,4,4,True,36.927,Low
140,4,4,False,37.811,Low
140,4,5,True,36.693,Low
140,4,5,False,37.577,Low
140,4,6,True,36.158,Low
140,4,6,False,37.191,Low
140,5,0,True,34.234,Low
140,5,0,False,34.836,Low
140,5,1,True,36.791,Low
140,5,1,False,37.382,Low
140,5,2,True,35.364,Low
140,5,2,False,35.927,Low
140,5,3,True,36.654,Low
140,5,3,False,37.457,Low
140,5,4,True,36.927,Low
140,5,4,False,37.811,Low
140,5,5,True,36.693,Low
140,5,5,False,37.577,Low
140,5,6,True,36.158,Low
140,5,6,False,37.191,Low
140,6,0,True,34.234,Low
140,6,0,False,34.836,Low
140,6,1,True,36.791,Low
140,6,1,False,37.382,Low
140,6,2,True,35.364,Low
140,6,2,False,35.927,Low
140,6,3,True,36.654,Low
140,6,3,False,37.457,Low
140,6,4,True,36.927,Low
140,6,4,False,37.811,Low
140,6,5,True,36.693,Low
140,6,5,False,37.577,Low
140,6,6,True,36.158,Low
140,6,6,False,37.191,Low
140,7,0,True,33.401,Low
140,7,0,False,32.582,Low
140,7,1,True,35.638,Low
140,7,1,False,34.852,Low
140,7,2,True,35.776,Low
140,7,2,False,34.884,Low
140,7,3,True,35.817,Low
140,7,3,False,34.89,Low
140,7,4,True,36.542,Low
140,7,4,False,35.701,Low
140,7,5,True,36.856,Low
140,7,5,False,36.015,Low
140,7,6,True,38.964,Low
140,7,6,False,38.354,Low
140,8,0,True,32.341,Low
140,8,0,False,32.281,Low
140,8,1,True,33.476,Low
140,8,1,False,33.412,Low
140,8,2,True,33.273,Low
140,8,2,False,33.104,Low
140,8,3,True,33.62,Low
140,8,3,False,33.514,Low
140,8,4,True,33.958,Low
140,8,4,False,33.86,Low
140,8,5,True,33.971,Low
140,8,5,False,33.873,Low
140,8,6,True,33.994,Low
140,8,6,False,34.003,Low
140,9,0,True,35.814,Low
140,9,0,False,35.705,Low
140,9,1,True,36.138,Low
140,9,1,False,35.534,Low
140,9,2,True,35.592,Low
140,9,2,False,34.883,Low
140,9,3,True,35.502,Low
140,9,3,False,34.773,Low
140,9,4,True,35.36,Low
140,9,4,False,34.65,Low
140,9,5,True,35.188,Low
140,9,5,False,34.477,Low
140,9,6,True,33.78,Low
140,9,6,False,33.133,Low
140,10,0,True,39.368,Low
140,10,0,False,37.619,Low
140,10,1,True,40.086,Low
140,10,1,False,37.67,Low
140,10,2,True,41.471,Low
140,10,2,False,39.189,Low
140,10,3,True,39.878,Low
140,10,3,False,36.602,Low
140,10,4,True,40.2,Low
140,10,4,False,36.942,Low
140,10,5,True,41.42,Low
140,10,5,False,38.163,Low
140,10,6,True,33.303,Low
140,10,6,False,31.289,Low
140,11,0,True,66.763,Moderate
140,11,0,False,47.49,Moderate
140,11,1,True,68.36,Moderate
140,11,1,False,45.555,Moderate
140,11,2,True,66.703,Moderate
140,11,2,False,41.367,Low
140,11,3,True,66.274,Moderate
140,11,3,False,40.311,Low
140,11,4,True,67.816,Moderate
140,11,4,False,41.908,Low
140,11,5,True,82.696,High
140,11,5,False,56.789,Moderate
140,11,6,True,73.953,High
140,11,6,False,51.775,Moderate
140,12,0,True,60.119,Moderate
140,12,0,False,56.532,Moderate
140,12,1,True,59.015,Moderate
140,12,1,False,53.146,Moderate
140,12,2,True,54.918,Moderate
140,12,2,False,46.874,Moderate
140,12,3,True,51.29,Moderate
140,12,3,False,42.595,Low
140,12,4,True,51.866,Moderate
140,12,4,False,43.714,Low
140,12,5,True,55.08,Moderate
140,12,5,False,46.928,Moderate
140,12,6,True,47.086,Moderate
140,12,6,False,42.771,Low
140,13,0,True,79.25,High
140,13,0,False,81.571,High
140,13,1,True,70.888,High
140,13,1,False,71.09,High
140,13,2,True,57.052,Moderate
140,13,2,False,55.387,Moderate
140,13,3,True,53.849,Moderate
140,13,3,False,50.929,Moderate
140,13,4,True,55.043,Moderate
140,13,4,False,52.398,Moderate
140,13,5,True,56.679,Moderate
140,13,5,False,54.034,Moderate
140,13,6,True,53.343,Moderate
140,13,6,False,53.288,Moderate
140,14,0,True,69.757,Moderate
140,14,0,False,69.695,Moderate
140,14,1,True,65.007,Moderate
140,14,1,False,63.372,Moderate
140,14,2,True,61.178,Moderate
140,14,2,False,59.209,Moderate
140,14,3,True,59.533,Moderate
140,14,3,False,56.726,Moderate
140,14,4,True,61.362,Moderate
140,14,4,False,58.523,Moderate
140,14,5,True,63.071,Moderate
140,14,5,False,60.232,Moderate
140,14,6,True,63.386,Moderate
140,14,6,False,61.097,Moderate
140,15,0,True,94.481,High
140,15,0,False,94.783,High
140,15,1,True,94.433,High
140,15,1,False,94.723,High
140,15,2,True,96.25,High
140,15,2,False,95.8,High
140,15,3,True,99.376,High
140,15,3,False,99.936,High
140,15,4,True,82.101,High
140,15,4,False,82.296,High
140,15,5,True,82.749,High
140,15,5,False,82.944,High
140,15,6,True,88.619,High
140,15,6,False,88.423,High
140,16,0,True,113.883,High
140,16,0,False,111.441,High
140,16,1,True,122.399,High
140,16,1,False,119.92,High
140,16,2,True,108.86,High
140,16,2,False,102.068,High
140,16,3,True,119.69,High
140,16,3,False,116.32,High
140,16,4,True,111.08,High
140,16,4,False,99.359,High
140,16,5,True,113.986,High
140,16,5,False,102.264,High
140,16,6,True,78.21,High
140,16,6,False,75.185,High
140,17,0,True,92.354,High
140,17,0,False,90.575,High
140,17,1,True,60.191,Moderate
140,17,1,False,54.655,Moderate
140,17,2,True,66.99,Moderate
140,17,2,False,62.0,Moderate
140,17,3,True,113.231,High
140,17,3,False,123.92,High
140,17,4,True,109.275,High
140,17,4,False,116.452,High
140,17,5,True,108.362,High
140,17,5,False,115.539,High
140,17,6,True,94.222,High
140,17,6,False,107.022,High
140,18,0,True,92.132,High
140,18,0,False,91.378,High
140,18,1,True,61.084,Moderate
140,18,1,False,57.075,Moderate
140,18,2,True,89.013,High
140,18,2,False,87.5,High
140,18,3,True,120.676,High
140,18,3,False,132.758,High
140,18,4,True,129.399,High
140,18,4,False,145.758,High
140,18,5,True,127.725,High
140,18,5,False,144.084,High
140,18,6,True,125.833,High
140,18,6,False,140.294,High
140,19,0,True,29.491,Low
140,19,0,False,26.296,Low
140,19,1,True,29.808,Low
140,19,1,False,25.711,Low
140,19,2,True,29.406,Low
140,19,2,False,28.346,Low
140,19,3,True,61.421,Moderate
140,19,3,False,75.19,High
140,19,4,True,47.752,Moderate
140,19,4,False,60.137,Moderate
140,19,5,True,34.0,Low
140,19,5,False,46.385,Moderate
140,19,6,True,42.35,Low
140,19,6,False,56.98,Moderate
140,20,0,True,59.547,Moderate
140,20,0,False,76.509,High
140,20,1,True,49.478,Moderate
140,20,1,False,66.46,Moderate
140,20,2,True,66.06,Moderate
140,20,2,False,103.464,High
140,20,3,True,97.965,High
140,20,3,False,153.949,High
140,20,4,True,65.097,Moderate
140,20,4,False,121.511,High
140,20,5,True,23.353,Low
140,20,5,False,79.767,High
140,20,6,True,38.931,Low
140,20,6,False,92.975,High
140,21,0,True,41.372,Low
140,21,0,False,57.696,Moderate
140,21,1,True,36.315,Low
140,21,1,False,52.573,Moderate
140,21,2,True,54.905,Moderate
140,21,2,False,88.449,High
140,21,3,True,77.577,High
140,21,3,False,126.124,High
140,21,4,True,53.324,Moderate
140,21,4,False,102.205,High
140,21,5,True,11.829,Low
140,21,5,False,60.71,Moderate
140,21,6,True,15.705,Low
140,21,6,False,64.191,Moderate
140,22,0,True,40.404,Low
140,22,0,False,56.911,Moderate
140,22,1,True,35.429,Low
140,22,1,False,51.866,Moderate
140,22,2,True,54.371,Moderate
140,22,2,False,88.184,High
140,22,3,True,76.986,High
140,22,3,False,125.726,High
140,22,4,True,52.748,Moderate
140,22,4,False,101.772,High
140,22,5,True,11.126,Low
140,22,5,False,60.151,Moderate
140,22,6,True,14.493,Low
140,22,6,False,63.121,Moderate
140,23,0,True,40.49,Low
140,23,0,False,57.05,Moderate
140,23,1,True,35.547,Low
140,23,1,False,52.037,Moderate
140,23,2,True,54.551,Moderate
140,23,2,False,88.415,High
140,23,3,True,77.103,High
140,23,3,False,125.898,High
140,23,4,True,52.827,Moderate
140,23,4,False,101.907,High
140,23,5,True,11.196,Low
140,23,5,False,60.276,Moderate
140,23,6,True,14.512,Low
140,23,6,False,63.172,Moderate
143,0,0,True,218.305,High
143,0,0,False,218.414,High
143,0,1,True,222.419,High
143,0,1,False,222.745,High
143,0,2,True,222.325,High
143,0,2,False,222.651,High
143,0,3,True,237.353,High
143,0,3,False,238.236,High
143,0,4,True,238.422,High
143,0,4,False,239.305,High
143,0,5,True,238.354,High
143,0,5,False,239.237,High
143,0,6,True,237.502,High
143,0,6,False,238.982,High
143,1,0,True,218.305,High
143,1,0,False,218.414,High
143,1,1,True,222.419,High
143,1,1,False,222.745,High
143,1,2,True,222.325,High
143,1,2,False,222.651,High
143,1,3,True,237.353,High
143,1,3,False,238.236,High
143,1,4,True,238.422,High
143,1,4,False,239.305,High
143,1,5,True,238.354,High
143,1,5,False,239.237,High
143,1,6,True,237.502,High
143,1,6,False,238.982,High
143,2,0,True,218.305,High
143,2,0,False,218.414,High
143,2,1,True,222.419,High
143,2,1,False,222.745,High
143,2,2,True,222.325,High
143,2,2,False,222.651,High
143,2,3,True,237.353,High
143,2,3,False,238.236,High
143,2,4,True,238.422,High
143,2,4,False,239.305,High
143,2,5,True,238.354,High
143,2,5,False,239.237,High
143,2,6,True,237.502,High
143,2,6,False,238.982,High
143,3,0,True,218.305,High
143,3,0,False,218.414,High
143,3,1,True,222.419,High
143,3,1,False,222.745,High
143,3,2,True,222.325,High
143,3,2,False,222.651,High
143,3,3,True,237.353,High
143,3,3,False,238.236,High
143,3,4,True,238.422,High
143,3,4,False,239.305,High
143,3,5,True,238.354,High
143,3,5,False,239.237,High
143,3,6,True,237.502,High
143,3,6,False,238.982,High
143,4,0,True,218.305,High
143,4,0,False,218.414,High
143,4,1,True,222.419,High
143,4,1,False,222.745,High
143,4,2,True,222.325,High
143,4,2,False,222.651,High
143,4,3,True,237.353,High
143,4,3,False,238.236,High
143,4,4,True,238.422,High
143,4,4,False,239.305,High
143,4,5,True,238.354,High
143,4,5,False,239.237,High
143,4,6,True,237.502,High
143,4,6,False,238.982,High
143,5,0,True,218.305,High
143,5,0,False,218.414,High
143,5,1,True,222.419,High
143,5,1,False,222.745,High
143,5,2,True,222.325,High
143,5,2,False,222.651,High
143,5,3,True,237.353,High
143,5,3,False,238.236,High
143,5,4,True,238.422,High
143,5,4,False,239.305,High
143,5,5,True,238.354,High
143,5,5,False,239.237,High
143,5,6,True,237.502,High
143,5,6,False,238.982,High
143,6,0,True,218.305,High
143,6,0,False,218.414,High
143,6,1,True,222.419,High
143,6,1,False,222.745,High
143,6,2,True,222.325,High
143,6,2,False,222.651,High
143,6,3,True,237.353,High
143,6,3,False,238.236,High
143,6,4,True,238.422,High
143,6,4,False,239.305,High
143,6,5,True,238.354,High
143,6,5,False,239.237,High
143,6,6,True,237.502,High
143,6,6,False,238.982,High
143,7,0,True,218.305,High
143,7,0,False,218.414,High
143,7,1,True,222.419,High
143,7,1,False,222.745,High
143,7,2,True,222.325,High
143,7,2,False,222.651,High
143,7,3,True,237.353,High
143,7,3,False,238.236,High
143,7,4,True,238.422,High
143,7,4,False,239.305,High
143,7,5,True,238.354,High
143,7,5,False,239.237,High
143,7,6,True,237.502,High
143,7,6,False,238.982,High
143,8,0,True,190.02,High
143,8,0,False,185.581,High
143,8,1,True,190.035,High
143,8,1,False,184.738,High
143,8,2,True,189.941,High
143,8,2,False,184.644,High
143,8,3,True,213.071,High
143,8,3,False,205.296,High
143,8,4,True,216.706,High
143,8,4,False,208.931,High
143,8,5,True,218.064,High
143,8,5,False,210.29,High
143,8,6,True,214.873,High
143,8,6,False,209.4,High
143,9,0,True,158.946,High
143,9,0,False,156.851,High
143,9,1,True,159.135,High
143,9,1,False,155.832,High
143,9,2,True,157.661,High
143,9,2,False,152.808,High
143,9,3,True,160.247,High
143,9,3,False,155.818,High
143,9,4,True,160.464,High
143,9,4,False,153.428,High
143,9,5,True,162.473,High
143,9,5,False,155.437,High
143,9,6,True,164.768,High
143,9,6,False,157.322,High
143,10,0,True,157.863,High
143,10,0,False,156.147,High
143,10,1,True,158.434,High
143,10,1,False,155.773,High
143,10,2,True,162.528,High
143,10,2,False,161.255,High
143,10,3,True,164.249,High
143,10,3,False,163.677,High
143,10,4,True,164.392,High
143,10,4,False,162.234,High
143,10,5,True,164.479,High
143,10,5,False,162.32,High
143,10,6,True,164.48,High
143,10,6,False,162.476,High
143,11,0,True,125.706,High
143,11,0,False,122.328,High
143,11,1,True,129.742,High
143,11,1,False,126.717,High
143,11,2,True,144.71,High
143,11,2,False,143.755,High
143,11,3,True,127.46,High
143,11,3,False,119.164,High
143,11,4,True,143.127,High
143,11,4,False,132.76,High
143,11,5,True,146.919,High
143,11,5,False,136.552,High
143,11,6,True,146.434,High
143,11,6,False,136.738,High
143,12,0,True,62.436,Moderate
143,12,0,False,60.505,Moderate
143,12,1,True,55.413,Moderate
143,12,1,False,52.937,Moderate
143,12,2,True,76.462,High
143,12,2,False,74.872,High
143,12,3,True,71.765,High
143,12,3,False,67.791,Moderate
143,12,4,True,74.846,High
143,12,4,False,71.326,High
143,12,5,True,77.041,High
143,12,5,False,73.522,High
143,12,6,True,85.064,High
143,12,6,False,81.899,High
143,13,0,True,66.107,Moderate
143,13,0,False,67.067,Moderate
143,13,1,True,58.083,Moderate
143,13,1,False,58.653,Moderate
143,13,2,True,76.971,High
143,13,2,False,78.717,High
143,13,3,True,70.585,High
143,13,3,False,71.891,High
143,13,4,True,70.803,High
143,13,4,False,72.612,High
143,13,5,True,69.675,Moderate
143,13,5,False,71.484,High
143,13,6,True,71.92,High
143,13,6,False,72.545,High
143,14,0,True,58.784,Moderate
143,14,0,False,60.402,Moderate
143,14,1,True,58.353,Moderate
143,14,1,False,60.363,Moderate
143,14,2,True,78.621,High
143,14,2,False,83.405,High
143,14,3,True,66.066,Moderate
143,14,3,False,70.249,High
143,14,4,True,65.116,Moderate
143,14,4,False,69.337,Moderate
143,14,5,True,62.186,Moderate
143,14,5,False,66.408,Moderate
143,14,6,True,60.476,Moderate
143,14,6,False,63.678,Moderate
143,15,0,True,37.273,Low
143,15,0,False,39.261,Low
143,15,1,True,30.391,Low
143,15,1,False,31.422,Low
143,15,2,True,28.613,Low
143,15,2,False,30.909,Low
143,15,3,True,25.558,Low
143,15,3,False,27.087,Low
143,15,4,True,41.192,Low
143,15,4,False,53.104,Moderate
143,15,5,True,34.366,Low
143,15,5,False,46.278,Moderate
143,15,6,True,51.431,Moderate
143,15,6,False,55.245,Moderate
143,16,0,True,77.408,High
143,16,0,False,75.707,High
143,16,1,True,73.03,High
143,16,1,False,69.738,Moderate
143,16,2,True,75.208,High
143,16,2,False,71.778,High
143,16,3,True,77.652,High
143,16,3,False,75.765,High
143,16,4,True,78.494,High
143,16,4,False,77.869,High
143,16,5,True,75.783,High
143,16,5,False,75.158,High
143,16,6,True,70.575,High
143,16,6,False,70.604,High
143,17,0,True,67.108,Moderate
143,17,0,False,67.801,Moderate
143,17,1,True,56.737,Moderate
143,17,1,False,58.63,Moderate
143,17,2,True,71.361,High
143,17,2,False,73.65,High
143,17,3,True,77.047,High
143,17,3,False,81.549,High
143,17,4,True,45.874,Moderate
143,17,4,False,45.432,Moderate
143,17,5,True,47.217,Moderate
143,17,5,False,46.775,Moderate
143,17,6,True,48.98,Moderate
143,17,6,False,49.545,Moderate
143,18,0,True,43.077,Low
143,18,0,False,42.44,Low
143,18,1,True,33.863,Low
143,18,1,False,32.388,Low
143,18,2,True,46.661,Moderate
143,18,2,False,46.023,Moderate
143,18,3,True,46.481,Moderate
143,18,3,False,47.644,Moderate
143,18,4,True,29.912,Low
143,18,4,False,29.217,Low
143,18,5,True,30.136,Low
143,18,5,False,29.441,Low
143,18,6,True,34.221,Low
143,18,6,False,33.902,Low
143,19,0,True,24.201,Low
143,19,0,False,20.118,Low
143,19,1,True,27.634,Low
143,19,1,False,22.649,Low
143,19,2,True,24.699,Low
143,19,2,False,22.702,Low
143,19,3,True,51.907,Moderate
143,19,3,False,64.095,Moderate
143,19,4,True,36.832,Low
143,19,4,False,47.151,Moderate
143,19,5,True,28.16,Low
143,19,5,False,38.479,Low
143,19,6,True,33.896,Low
143,19,6,False,46.862,Moderate
143,20,0,True,44.655,Moderate
143,20,0,False,61.258,Moderate
143,20,1,True,36.696,Low
143,20,1,False,53.326,Moderate
143,20,2,True,43.332,Low
143,20,2,False,73.079,High
143,20,3,True,68.894,Moderate
143,20,3,False,112.785,High
143,20,4,True,43.962,Low
143,20,4,False,88.085,High
143,20,5,True,16.82,Low
143,20,5,False,60.943,Moderate
143,20,6,True,31.47,Low
143,20,6,False,72.902,High
143,21,0,True,27.486,Low
143,21,0,False,42.884,Low
143,21,1,True,24.043,Low
143,21,1,False,39.373,Low
143,21,2,True,32.541,Low
143,21,2,False,57.534,Moderate
143,21,3,True,50.376,Moderate
143,21,3,False,89.496,High
143,21,4,True,33.931,Low
143,21,4,False,73.185,High
143,21,5,True,7.432,Low
143,21,5,False,46.687,Moderate
143,21,6,True,10.944,Low
143,21,6,False,49.491,Moderate
143,22,0,True,26.622,Low
143,22,0,False,42.09,Low
143,22,1,True,23.257,Low
143,22,1,False,38.656,Low
143,22,2,True,32.103,Low
143,22,2,False,57.254,Moderate
143,22,3,True,49.883,Moderate
143,22,3,False,89.129,High
143,22,4,True,33.454,Low
143,22,4,False,72.703,High
143,22,5,True,6.827,Low
143,22,5,False,46.076,Moderate
143,22,6,True,9.845,Low
143,22,6,False,48.465,Moderate
143,23,0,True,26.682,Low
143,23,0,False,42.189,Low
143,23,1,True,23.349,Low
143,23,1,False,38.786,Low
143,23,2,True,32.257,Low
143,23,2,False,57.447,Moderate
143,23,3,True,49.999,Moderate
143,23,3,False,89.288,High
143,23,4,True,33.534,Low
143,23,4,False,72.825,High
143,23,5,True,6.897,Low
143,23,5,False,46.189,Moderate
143,23,6,True,9.864,Low
143,23,6,False,48.503,Moderate
146,0,0,True,68.611,Moderate
146,0,0,False,67.819,Moderate
146,0,1,True,82.21,High
146,0,1,False,82.648,High
146,0,2,True,70.644,High
146,0,2,False,69.263,Moderate
146,0,3,True,66.393,Moderate
146,0,3,False,60.64,Moderate
146,0,4,True,65.33,Moderate
146,0,4,False,59.558,Moderate
146,0,5,True,67.248,Moderate
146,0,5,False,61.476,Moderate
146,0,6,True,68.463,Moderate
146,0,6,False,63.179,Moderate
146,1,0,True,68.611,Moderate
146,1,0,False,67.819,Moderate
146,1,1,True,82.21,High
146,1,1,False,82.648,High
146,1,2,True,70.644,High
146,1,2,False,69.263,Moderate
146,1,3,True,66.393,Moderate
146,1,3,False,60.64,Moderate
146,1,4,True,65.33,Moderate
146,1,4,False,59.558,Moderate
146,1,5,True,67.248,Moderate
146,1,5,False,61.476,Moderate
146,1,6,True,68.463,Moderate
146,1,6,False,63.179,Moderate
146,2,0,True,68.611,Moderate
146,2,0,False,67.819,Moderate
146,2,1,True,82.21,High
146,2,1,False,82.648,High
146,2,2,True,70.644,High
146,2,2,False,69.263,Moderate
146,2,3,True,66.393,Moderate
146,2,3,False,60.64,Moderate
146,2,4,True,65.33,Moderate
146,2,4,False,59.558,Moderate
146,2,5,True,67.248,Moderate
146,2,5,False,61.476,Moderate
146,2,6,True,68.463,Moderate
146,2,6,False,63.179,Moderate
146,3,0,True,68.611,Moderate
146,3,0,False,67.819,Moderate
146,3,1,True,82.21,High
146,3,1,False,82.648,High
146,3,2,True,70.644,High
146,3,2,False,69.263,Moderate
146,3,3,True,66.393,Moderate
146,3,3,False,60.64,Moderate
146,3,4,True,65.33,Moderate
146,3,4,False,59.558,Moderate
146,3,5,True,67.248,Moderate
146,3,5,False,61.476,Moderate
146,3,6,True,68.463,Moderate
146,3,6,False,63.179,Moderate
146,4,0,True,68.611,Moderate
146,4,0,False,67.819,Moderate
146,4,1,True,82.21,High
146,4,1,False,82.648,High
146,4,2,True,70.644,High
146,4,2,False,69.263,Moderate
146,4,3,True,66.393,Moderate
146,4,3,False,60.64,Moderate
146,4,4,True,65.33,Moderate
146,4,4,False,59.558,Moderate
146,4,5,True,67.248,Moderate
146,4,5,False,61.476,Moderate
146,4,6,True,68.463,Moderate
146,4,6,False,63.179,Moderate
146,5,0,True,68.611,Moderate
146,5,0,False,67.819,Moderate
146,5,1,True,82.21,High
146,5,1,False,82.648,High
146,5,2,True,70.644,High
146,5,2,False,69.263,Moderate
146,5,3,True,66.393,Moderate
146,5,3,False,60.64,Moderate
146,5,4,True,65.33,Moderate
146,5,4,False,59.558,Moderate
146,5,5,True,67.248,Moderate
146,5,5,False,61.476,Moderate
146,5,6,True,68.463,Moderate
146,5,6,False,63.179,Moderate
146,6,0,True,64.08,Moderate
146,6,0,False,62.984,Moderate
146,6,1,True,68.337,Moderate
146,6,1,False,67.267,Moderate
146,6,2,True,59.042,Moderate
146,6,2,False,57.696,Moderate
146,6,3,True,71.223,High
146,6,3,False,68.709,Moderate
146,6,4,True,68.464,Moderate
146,6,4,False,64.177,Moderate
146,6,5,True,69.407,Moderate
146,6,5,False,65.119,Moderate
146,6,6,True,72.138,High
146,6,6,False,69.112,Moderate
146,7,0,True,64.803,Moderate
146,7,0,False,63.776,Moderate
146,7,1,True,67.482,Moderate
146,7,1,False,66.504,Moderate
146,7,2,True,61.315,Moderate
146,7,2,False,60.475,Moderate
146,7,3,True,78.56,High
146,7,3,False,77.123,High
146,7,4,True,68.138,Moderate
146,7,4,False,63.635,Moderate
146,7,5,True,69.739,Moderate
146,7,5,False,65.235,Moderate
146,7,6,True,78.459,High
146,7,6,False,74.058,High
146,8,0,True,60.036,Moderate
146,8,0,False,61.111,Moderate
146,8,1,True,64.038,Moderate
146,8,1,False,65.173,Moderate
146,8,2,True,60.357,Moderate
146,8,2,False,62.816,Moderate
146,8,3,True,77.447,High
146,8,3,False,80.266,High
146,8,4,True,65.233,Moderate
146,8,4,False,67.415,Moderate
146,8,5,True,63.449,Moderate
146,8,5,False,65.631,Moderate
146,8,6,True,71.498,High
146,8,6,False,72.467,High
146,9,0,True,56.944,Moderate
146,9,0,False,58.024,Moderate
146,9,1,True,61.916,Moderate
146,9,1,False,63.055,Moderate
146,9,2,True,67.577,Moderate
146,9,2,False,71.417,High
146,9,3,True,68.71,Moderate
146,9,3,False,73.295,High
146,9,4,True,64.044,Moderate
146,9,4,False,71.395,High
146,9,5,True,60.95,Moderate
146,9,5,False,68.302,Moderate
146,9,6,True,64.254,Moderate
146,9,6,False,69.482,Moderate
146,10,0,True,59.489,Moderate
146,10,0,False,63.309,Moderate
146,10,1,True,56.221,Moderate
146,10,1,False,59.694,Moderate
146,10,2,True,62.624,Moderate
146,10,2,False,68.997,Moderate
146,10,3,True,65.11,Moderate
146,10,3,False,75.131,High
146,10,4,True,67.252,Moderate
146,10,4,False,83.442,High
146,10,5,True,56.807,Moderate
146,10,5,False,72.996,High
146,10,6,True,67.743,Moderate
146,10,6,False,77.683,High
146,11,0,True,73.313,High
146,11,0,False,75.108,High
146,11,1,True,73.624,High
146,11,1,False,75.633,High
146,11,2,True,73.827,High
146,11,2,False,76.187,High
146,11,3,True,73.479,High
146,11,3,False,77.713,High
146,11,4,True,73.255,High
146,11,4,False,82.265,High
146,11,5,True,68.93,Moderate
146,11,5,False,77.94,High
146,11,6,True,80.254,High
146,11,6,False,84.173,High
146,12,0,True,52.268,Moderate
146,12,0,False,49.928,Moderate
146,12,1,True,43.424,Low
146,12,1,False,39.096,Low
146,12,2,True,43.364,Low
146,12,2,False,39.015,Low
146,12,3,True,44.099,Low
146,12,3,False,40.57,Low
146,12,4,True,45.089,Moderate
146,12,4,False,42.477,Low
146,12,5,True,43.856,Low
146,12,5,False,41.244,Low
146,12,6,True,38.189,Low
146,12,6,False,37.179,Low
146,13,0,True,47.028,Moderate
146,13,0,False,50.983,Moderate
146,13,1,True,35.049,Low
146,13,1,False,40.06,Low
146,13,2,True,33.185,Low
146,13,2,False,38.155,Low
146,13,3,True,31.937,Low
146,13,3,False,37.505,Low
146,13,4,True,32.053,Low
146,13,4,False,38.151,Low
146,13,5,True,27.179,Low
146,13,5,False,33.276,Low
146,13,6,True,23.301,Low
146,13,6,False,29.763,Low
146,14,0,True,45.986,Moderate
146,14,0,False,51.471,Moderate
146,14,1,True,34.038,Low
146,14,1,False,41.059,Low
146,14,2,True,32.66,Low
146,14,2,False,40.253,Low
146,14,3,True,30.238,Low
146,14,3,False,38.441,Low
146,14,4,True,32.41,Low
146,14,4,False,41.221,Low
146,14,5,True,26.237,Low
146,14,5,False,35.048,Low
146,14,6,True,25.475,Low
146,14,6,False,32.892,Low
146,15,0,True,50.496,Moderate
146,15,0,False,55.118,Moderate
146,15,1,True,37.037,Low
146,15,1,False,41.832,Low
146,15,2,True,36.457,Low
146,15,2,False,41.571,Low
146,15,3,True,40.811,Low
146,15,3,False,47.896,Moderate
146,15,4,True,40.059,Low
146,15,4,False,49.589,Moderate
146,15,5,True,32.989,Low
146,15,5,False,42.519,Low
146,15,6,True,33.889,Low
146,15,6,False,40.977,Low
146,16,0,True,49.923,Moderate
146,16,0,False,51.623,Moderate
146,16,1,True,32.902,Low
146,16,1,False,33.774,Low
146,16,2,True,36.557,Low
146,16,2,False,37.964,Low
146,16,3,True,48.711,Moderate
146,16,3,False,50.311,Moderate
146,16,4,True,47.745,Moderate
146,16,4,False,50.043,Moderate
146,16,5,True,45.636,Moderate
146,16,5,False,47.934,Moderate
146,16,6,True,42.665,Low
146,16,6,False,43.947,Low
146,17,0,True,38.377,Low
146,17,0,False,38.995,Low
146,17,1,True,30.115,Low
146,17,1,False,32.366,Low
146,17,2,True,42.793,Low
146,17,2,False,45.805,Moderate
146,17,3,True,55.736,Moderate
146,17,3,False,61.375,Moderate
146,17,4,True,32.244,Low
146,17,4,False,32.11,Low
146,17,5,True,32.818,Low
146,17,5,False,32.684,Low
146,17,6,True,35.667,Low
146,17,6,False,35.667,Low
146,18,0,True,17.317,Low
146,18,0,False,17.663,Low
146,18,1,True,14.164,Low
146,18,1,False,14.417,Low
146,18,2,True,18.654,Low
146,18,2,False,20.027,Low
146,18,3,True,24.826,Low
146,18,3,False,27.979,Low
146,18,4,True,9.058,Low
146,18,4,False,9.246,Low
146,18,5,True,8.592,Low
146,18,5,False,8.78,Low
146,18,6,True,13.823,Low
146,18,6,False,14.041,Low
146,19,0,True,13.104,Low
146,19,0,False,5.737,Low
146,19,1,True,13.556,Low
146,19,1,False,5.145,Low
146,19,2,True,17.776,Low
146,19,2,False,10.187,Low
146,19,3,True,24.949,Low
146,19,3,False,16.852,Low
146,19,4,True,20.531,Low
146,19,4,False,10.488,Low
146,19,5,True,25.391,Low
146,19,5,False,15.348,Low
146,19,6,True,27.084,Low
146,19,6,False,21.735,Low
146,20,0,True,15.937,Low
146,20,0,False,16.807,Low
146,20,1,True,9.217,Low
146,20,1,False,10.206,Low
146,20,2,True,8.529,Low
146,20,2,False,12.906,Low
146,20,3,True,12.498,Low
146,20,3,False,16.907,Low
146,20,4,True,5.375,Low
146,20,4,False,10.217,Low
146,20,5,True,5.696,Low
146,20,5,False,10.538,Low
146,20,6,True,11.503,Low
146,20,6,False,15.85,Low
146,21,0,True,10.028,Low
146,21,0,False,10.623,Low
146,21,1,True,7.64,Low
146,21,1,False,8.259,Low
146,21,2,True,6.566,Low
146,21,2,False,10.525,Low
146,21,3,True,6.522,Low
146,21,3,False,10.448,Low
146,21,4,True,2.968,Low
146,21,4,False,7.221,Low
146,21,5,True,3.348,Low
146,21,5,False,7.601,Low
146,21,6,True,5.705,Low
146,21,6,False,9.825,Low
146,22,0,True,9.035,Low
146,22,0,False,9.587,Low
146,22,1,True,6.829,Low
146,22,1,False,7.402,Low
146,22,2,True,6.447,Low
146,22,2,False,10.384,Low
146,22,3,True,6.419,Low
146,22,3,False,10.344,Low
146,22,4,True,2.91,Low
146,22,4,False,7.031,Low
146,22,5,True,3.268,Low
146,22,5,False,7.389,Low
146,22,6,True,5.09,Low
146,22,6,False,9.156,Low
146,23,0,True,9.082,Low
146,23,0,False,9.654,Low
146,23,1,True,6.895,Low
146,23,1,False,7.489,Low
146,23,2,True,6.55,Low
146,23,2,False,10.508,Low
146,23,3,True,6.519,Low
146,23,3,False,10.47,Low
146,23,4,True,2.971,Low
146,23,4,False,7.117,Low
146,23,5,True,3.319,Low
146,23,5,False,7.465,Low
146,23,6,True,5.09,Low
146,23,6,False,9.156,Low
151,0,0,True,71.67,High
151,0,0,False,70.533,High
151,0,1,True,83.031,High
151,0,1,False,84.413,High
151,0,2,True,73.515,High
151,0,2,False,72.79,High
151,0,3,True,75.009,High
151,0,3,False,68.86,Moderate
151,0,4,True,68.978,Moderate
151,0,4,False,61.063,Moderate
151,0,5,True,71.133,High
151,0,5,False,63.218,Moderate
151,0,6,True,70.834,High
151,0,6,False,64.415,Moderate
151,1,0,True,71.67,High
151,1,0,False,70.533,High
151,1,1,True,83.031,High
151,1,1,False,84.413,High
151,1,2,True,73.515,High
151,1,2,False,72.79,High
151,1,3,True,75.009,High
151,1,3,False,68.86,Moderate
151,1,4,True,68.978,Moderate
151,1,4,False,61.063,Moderate
151,1,5,True,71.133,High
151,1,5,False,63.218,Moderate
151,1,6,True,70.834,High
151,1,6,False,64.415,Moderate
151,2,0,True,71.67,High
151,2,0,False,70.533,High
151,2,1,True,83.031,High
151,2,1,False,84.413,High
151,2,2,True,73.515,High
151,2,2,False,72.79,High
151,2,3,True,75.009,High
151,2,3,False,68.86,Moderate
151,2,4,True,68.978,Moderate
151,2,4,False,61.063,Moderate
151,2,5,True,71.133,High
151,2,5,False,63.218,Moderate
151,2,6,True,70.834,High
151,2,6,False,64.415,Moderate
151,3,0,True,71.67,High
151,3,0,False,70.533,High
151,3,1,True,83.031,High
151,3,1,False,84.413,High
151,3,2,True,73.515,High
151,3,2,False,72.79,High
151,3,3,True,75.009,High
151,3,3,False,68.86,Moderate
151,3,4,True,68.978,Moderate
151,3,4,False,61.063,Moderate
151,3,5,True,71.133,High
151,3,5,False,63.218,Moderate
151,3,6,True,70.834,High
151,3,6,False,64.415,Moderate
151,4,0,True,71.67,High
151,4,0,False,70.533,High
151,4,1,True,83.031,High
151,4,1,False,84.413,High
151,4,2,True,73.515,High
151,4,2,False,72.79,High
151,4,3,True,75.009,High
151,4,3,False,68.86,Moderate
151,4,4,True,68.978,Moderate
151,4,4,False,61.063,Moderate
151,4,5,True,71.133,High
151,4,5,False,63.218,Moderate
151,4,6,True,70.834,High
151,4,6,False,64.415,Moderate
151,5,0,True,71.67,High
151,5,0,False,70.533,High
151,5,1,True,83.031,High
151,5,1,False,84.413,High
151,5,2,True,73.515,High
151,5,2,False,72.79,High
151,5,3,True,75.009,High
151,5,3,False,68.86,Moderate
151,5,4,True,68.978,Moderate
151,5,4,False,61.063,Moderate
151,5,5,True,71.133,High
151,5,5,False,63.218,Moderate
151,5,6,True,70.834,High
151,5,6,False,64.415,Moderate
151,6,0,True,63.072,Moderate
151,6,0,False,60.742,Moderate
151,6,1,True,62.925,Moderate
151,6,1,False,60.795,Moderate
151,6,2,True,57.66,Moderate
151,6,2,False,55.212,Moderate
151,6,3,True,83.361,High
151,6,3,False,78.609,High
151,6,4,True,73.866,High
151,6,4,False,65.133,Moderate
151,6,5,True,75.809,High
151,6,5,False,67.077,Moderate
151,6,6,True,76.674,High
151,6,6,False,70.495,High
151,7,0,True,64.798,Moderate
151,7,0,False,61.04,Moderate
151,7,1,True,61.834,Moderate
151,7,1,False,58.298,Moderate
151,7,2,True,60.999,Moderate
151,7,2,False,57.559,Moderate
151,7,3,True,94.535,High
151,7,3,False,89.228,High
151,7,4,True,74.752,High
151,7,4,False,63.468,Moderate
151,7,5,True,77.762,High
151,7,5,False,66.478,Moderate
151,7,6,True,85.87,High
151,7,6,False,75.415,High
151,8,0,True,59.733,Moderate
151,8,0,False,57.89,Moderate
151,8,1,True,57.062,Moderate
151,8,1,False,55.452,Moderate
151,8,2,True,62.433,Moderate
151,8,2,False,62.158,Moderate
151,8,3,True,98.769,High
151,8,3,False,100.443,High
151,8,4,True,74.654,High
151,8,4,False,69.616,Moderate
151,8,5,True,73.976,High
151,8,5,False,68.938,Moderate
151,8,6,True,79.216,High
151,8,6,False,73.908,High
151,9,0,True,58.066,Moderate
151,9,0,False,57.508,Moderate
151,9,1,True,58.621,Moderate
151,9,1,False,58.296,Moderate
151,9,2,True,67.668,Moderate
151,9,2,False,69.669,Moderate
151,9,3,True,76.686,High
151,9,3,False,77.785,High
151,9,4,True,67.351,Moderate
151,9,4,False,68.33,Moderate
151,9,5,True,65.908,Moderate
151,9,5,False,66.886,Moderate
151,9,6,True,66.316,Moderate
151,9,6,False,67.106,Moderate
151,10,0,True,61.738,Moderate
151,10,0,False,64.069,Moderate
151,10,1,True,60.478,Moderate
151,10,1,False,62.531,Moderate
151,10,2,True,63.567,Moderate
151,10,2,False,67.306,Moderate
151,10,3,True,65.548,Moderate
151,10,3,False,71.028,High
151,10,4,True,65.76,Moderate
151,10,4,False,72.212,High
151,10,5,True,60.113,Moderate
151,10,5,False,66.565,Moderate
151,10,6,True,67.518,Moderate
151,10,6,False,70.997,High
151,11,0,True,73.55,High
151,11,0,False,74.291,High
151,11,1,True,73.2,High
151,11,1,False,74.168,High
151,11,2,True,74.198,High
151,11,2,False,75.571,High
151,11,3,True,75.0,High
151,11,3,False,76.912,High
151,11,4,True,72.13,High
151,11,4,False,74.748,High
151,11,5,True,70.284,High
151,11,5,False,72.902,High
151,11,6,True,76.535,High
151,11,6,False,77.025,High
151,12,0,True,68.086,Moderate
151,12,0,False,69.351,Moderate
151,12,1,True,67.482,Moderate
151,12,1,False,68.242,Moderate
151,12,2,True,67.692,Moderate
151,12,2,False,68.635,Moderate
151,12,3,True,68.97,Moderate
151,12,3,False,71.353,High
151,12,4,True,68.437,Moderate
151,12,4,False,69.269,Moderate
151,12,5,True,67.801,Moderate
151,12,5,False,68.632,Moderate
151,12,6,True,52.732,Moderate
151,12,6,False,55.081,Moderate
151,13,0,True,59.562,Moderate
151,13,0,False,58.615,Moderate
151,13,1,True,60.833,Moderate
151,13,1,False,60.922,Moderate
151,13,2,True,55.444,Moderate
151,13,2,False,55.039,Moderate
151,13,3,True,53.108,Moderate
151,13,3,False,52.731,Moderate
151,13,4,True,59.12,Moderate
151,13,4,False,58.562,Moderate
151,13,5,True,57.792,Moderate
151,13,5,False,57.234,Moderate
151,13,6,True,49.453,Moderate
151,13,6,False,50.23,Moderate
151,14,0,True,58.67,Moderate
151,14,0,False,60.141,Moderate
151,14,1,True,58.742,Moderate
151,14,1,False,61.456,Moderate
151,14,2,True,54.854,Moderate
151,14,2,False,57.882,Moderate
151,14,3,True,49.455,Moderate
151,14,3,False,52.765,Moderate
151,14,4,True,58.637,Moderate
151,14,4,False,62.213,Moderate
151,14,5,True,56.373,Moderate
151,14,5,False,59.95,Moderate
151,14,6,True,50.172,Moderate
151,14,6,False,53.15,Moderate
151,15,0,True,70.997,High
151,15,0,False,74.192,High
151,15,1,True,66.888,Moderate
151,15,1,False,69.688,Moderate
151,15,2,True,63.214,Moderate
151,15,2,False,66.023,Moderate
151,15,3,True,71.607,High
151,15,3,False,76.988,High
151,15,4,True,67.276,Moderate
151,15,4,False,74.167,High
151,15,5,True,63.42,Moderate
151,15,5,False,70.311,High
151,15,6,True,59.054,Moderate
151,15,6,False,64.275,Moderate
151,16,0,True,42.646,Low
151,16,0,False,42.597,Low
151,16,1,True,21.341,Low
151,16,1,False,19.09,Low
151,16,2,True,28.167,Low
151,16,2,False,24.773,Low
151,16,3,True,46.222,Moderate
151,16,3,False,44.152,Low
151,16,4,True,44.197,Low
151,16,4,False,37.651,Low
151,16,5,True,46.602,Moderate
151,16,5,False,40.056,Low
151,16,6,True,41.703,Low
151,16,6,False,38.131,Low
151,17,0,True,24.86,Low
151,17,0,False,22.882,Low
151,17,1,True,15.675,Low
151,17,1,False,12.86,Low
151,17,2,True,30.862,Low
151,17,2,False,29.811,Low
151,17,3,True,55.483,Moderate
151,17,3,False,59.198,Moderate
151,17,4,True,33.938,Low
151,17,4,False,25.809,Low
151,17,5,True,37.095,Low
151,17,5,False,28.966,Low
151,17,6,True,35.404,Low
151,17,6,False,30.254,Low
151,18,0,True,9.118,Low
151,18,0,False,6.633,Low
151,18,1,True,9.643,Low
151,18,1,False,6.195,Low
151,18,2,True,15.031,Low
151,18,2,False,13.368,Low
151,18,3,True,31.738,Low
151,18,3,False,32.569,Low
151,18,4,True,18.999,Low
151,18,4,False,15.336,Low
151,18,5,True,20.41,Low
151,18,5,False,16.748,Low
151,18,6,True,18.213,Low
151,18,6,False,16.812,Low
151,19,0,True,11.597,Low
151,19,0,False,4.173,Low
151,19,1,True,11.549,Low
151,19,1,False,3.189,Low
151,19,2,True,16.26,Low
151,19,2,False,9.05,Low
151,19,3,True,20.788,Low
151,19,3,False,13.069,Low
151,19,4,True,20.217,Low
151,19,4,False,10.511,Low
151,19,5,True,25.451,Low
151,19,5,False,15.744,Low
151,19,6,True,26.166,Low
151,19,6,False,20.74,Low
151,20,0,True,9.252,Low
151,20,0,False,9.472,Low
151,20,1,True,1.708,Low
151,20,1,False,1.956,Low
151,20,2,True,1.424,Low
151,20,2,False,1.607,Low
151,20,3,True,1.751,Low
151,20,3,False,2.076,Low
151,20,4,True,1.771,Low
151,20,4,False,2.437,Low
151,20,5,True,1.992,Low
151,20,5,False,2.658,Low
151,20,6,True,9.79,Low
151,20,6,False,10.151,Low
151,21,0,True,4.656,Low
151,21,0,False,4.611,Low
151,21,1,True,2.136,Low
151,21,1,False,2.094,Low
151,21,2,True,0.824,Low
151,21,2,False,0.687,Low
151,21,3,True,0.739,Low
151,21,3,False,0.551,Low
151,21,4,True,0.809,Low
151,21,4,False,0.935,Low
151,21,5,True,1.191,Low
151,21,5,False,1.316,Low
151,21,6,True,4.209,Low
151,21,6,False,4.319,Low
151,22,0,True,3.564,Low
151,22,0,False,3.476,Low
151,22,1,True,1.227,Low
151,22,1,False,1.138,Low
151,22,2,True,0.653,Low
151,22,2,False,0.498,Low
151,22,3,True,0.612,Low
151,22,3,False,0.431,Low
151,22,4,True,0.729,Low
151,22,4,False,0.73,Low
151,22,5,True,1.105,Low
151,22,5,False,1.106,Low
151,22,6,True,3.839,Low
151,22,6,False,3.895,Low
151,23,0,True,3.611,Low
151,23,0,False,3.543,Low
151,23,1,True,1.293,Low
151,23,1,False,1.225,Low
151,23,2,True,0.756,Low
151,23,2,False,0.622,Low
151,23,3,True,0.712,Low
151,23,3,False,0.557,Low
151,23,4,True,0.789,Low
151,23,4,False,0.817,Low
151,23,5,True,1.156,Low
151,23,5,False,1.183,Low
151,23,6,True,3.839,Low
151,23,6,False,3.895,Low
156,0,0,True,104.031,High
156,0,0,False,103.834,High
156,0,1,True,107.493,High
156,0,1,False,108.817,High
156,0,2,True,130.649,High
156,0,2,False,132.319,High
156,0,3,True,97.316,High
156,0,3,False,94.075,High
156,0,4,True,71.009,High
156,0,4,False,65.332,Moderate
156,0,5,True,76.227,High
156,0,5,False,70.549,High
156,0,6,True,76.199,High
156,0,6,False,71.169,High
156,1,0,True,104.031,High
156,1,0,False,103.834,High
156,1,1,True,107.493,High
156,1,1,False,108.817,High
156,1,2,True,130.649,High
156,1,2,False,132.319,High
156,1,3,True,97.316,High
156,1,3,False,94.075,High
156,1,4,True,71.009,High
156,1,4,False,65.332,Moderate
156,1,5,True,76.227,High
156,1,5,False,70.549,High
156,1,6,True,76.199,High
156,1,6,False,71.169,High
156,2,0,True,104.031,High
156,2,0,False,103.834,High
156,2,1,True,107.493,High
156,2,1,False,108.817,High
156,2,2,True,130.649,High
156,2,2,False,132.319,High
156,2,3,True,97.316,High
156,2,3,False,94.075,High
156,2,4,True,71.009,High
156,2,4,False,65.332,Moderate
156,2,5,True,76.227,High
156,2,5,False,70.549,High
156,2,6,True,76.199,High
156,2,6,False,71.169,High
156,3,0,True,104.031,High
156,3,0,False,103.834,High
156,3,1,True,107.493,High
156,3,1,False,108.817,High
156,3,2,True,130.649,High
156,3,2,False,132.319,High
156,3,3,True,97.316,High
156,3,3,False,94.075,High
156,3,4,True,71.009,High
156,3,4,False,65.332,Moderate
156,3,5,True,76.227,High
156,3,5,False,70.549,High
156,3,6,True,76.199,High
156,3,6,False,71.169,High
156,4,0,True,104.031,High
156,4,0,False,103.834,High
156,4,1,True,107.493,High
156,4,1,False,108.817,High
156,4,2,True,130.649,High
156,4,2,False,132.319,High
156,4,3,True,97.316,High
156,4,3,False,94.075,High
156,4,4,True,71.009,High
156,4,4,False,65.332,Moderate
156,4,5,True,76.227,High
156,4,5,False,70.549,High
156,4,6,True,76.199,High
156,4,6,False,71.169,High
156,5,0,True,104.031,High
156,5,0,False,103.834,High
156,5,1,True,107.493,High
156,5,1,False,108.817,High
156,5,2,True,130.649,High
156,5,2,False,132.319,High
156,5,3,True,97.316,High
156,5,3,False,94.075,High
156,5,4,True,71.009,High
156,5,4,False,65.332,Moderate
156,5,5,True,76.227,High
156,5,5,False,70.549,High
156,5,6,True,76.199,High
156,5,6,False,71.169,High
156,6,0,True,102.86,High
156,6,0,False,102.116,High
156,6,1,True,103.932,High
156,6,1,False,103.547,High
156,6,2,True,126.808,High
156,6,2,False,126.751,High
156,6,3,True,98.722,High
156,6,3,False,96.497,High
156,6,4,True,73.87,High
156,6,4,False,67.597,Moderate
156,6,5,True,78.331,High
156,6,5,False,72.058,High
156,6,6,True,79.028,High
156,6,6,False,74.148,High
156,7,0,True,107.23,High
156,7,0,False,107.053,High
156,7,1,True,105.808,High
156,7,1,False,106.011,High
156,7,2,True,134.835,High
156,7,2,False,135.981,High
156,7,3,True,107.323,High
156,7,3,False,106.753,High
156,7,4,True,73.391,High
156,7,4,False,68.065,Moderate
156,7,5,True,77.908,High
156,7,5,False,72.582,High
156,7,6,True,81.559,High
156,7,6,False,76.83,High
156,8,0,True,106.466,High
156,8,0,False,107.429,High
156,8,1,True,105.069,High
156,8,1,False,106.413,High
156,8,2,True,136.02,High
156,8,2,False,138.307,High
156,8,3,True,108.689,High
156,8,3,False,109.528,High
156,8,4,True,72.975,High
156,8,4,False,68.339,Moderate
156,8,5,True,76.026,High
156,8,5,False,71.39,High
156,8,6,True,79.724,High
156,8,6,False,75.202,High
156,9,0,True,117.51,High
156,9,0,False,118.845,High
156,9,1,True,119.843,High
156,9,1,False,121.639,High
156,9,2,True,158.084,High
156,9,2,False,160.824,High
156,9,3,True,122.229,High
156,9,3,False,121.055,High
156,9,4,True,83.399,High
156,9,4,False,78.546,High
156,9,5,True,87.223,High
156,9,5,False,82.371,High
156,9,6,True,86.209,High
156,9,6,False,81.47,High
156,10,0,True,48.883,Moderate
156,10,0,False,47.244,Moderate
156,10,1,True,47.176,Moderate
156,10,1,False,45.359,Moderate
156,10,2,True,49.315,Moderate
156,10,2,False,46.744,Moderate
156,10,3,True,49.042,Moderate
156,10,3,False,47.9,Moderate
156,10,4,True,47.652,Moderate
156,10,4,False,46.307,Moderate
156,10,5,True,49.982,Moderate
156,10,5,False,48.637,Moderate
156,10,6,True,45.927,Moderate
156,10,6,False,45.987,Moderate
156,11,0,True,47.276,Moderate
156,11,0,False,46.724,Moderate
156,11,1,True,45.418,Moderate
156,11,1,False,44.718,Moderate
156,11,2,True,46.41,Moderate
156,11,2,False,45.292,Moderate
156,11,3,True,45.17,Moderate
156,11,3,False,44.395,Low
156,11,4,True,44.095,Low
156,11,4,False,43.25,Low
156,11,5,True,46.119,Moderate
156,11,5,False,45.273,Moderate
156,11,6,True,45.556,Moderate
156,11,6,False,45.3,Moderate
156,12,0,True,33.833,Low
156,12,0,False,32.441,Low
156,12,1,True,34.34,Low
156,12,1,False,33.005,Low
156,12,2,True,34.789,Low
156,12,2,False,32.9,Low
156,12,3,True,34.896,Low
156,12,3,False,33.044,Low
156,12,4,True,34.749,Low
156,12,4,False,32.747,Low
156,12,5,True,35.441,Low
156,12,5,False,33.439,Low
156,12,6,True,36.347,Low
156,12,6,False,34.197,Low
156,13,0,True,28.359,Low
156,13,0,False,27.382,Low
156,13,1,True,27.293,Low
156,13,1,False,26.552,Low
156,13,2,True,31.03,Low
156,13,2,False,30.936,Low
156,13,3,True,31.371,Low
156,13,3,False,31.243,Low
156,13,4,True,29.826,Low
156,13,4,False,27.3,Low
156,13,5,True,31.263,Low
156,13,5,False,28.736,Low
156,13,6,True,32.882,Low
156,13,6,False,29.936,Low
156,14,0,True,31.865,Low
156,14,0,False,31.998,Low
156,14,1,True,26.372,Low
156,14,1,False,27.015,Low
156,14,2,True,30.848,Low
156,14,2,False,31.898,Low
156,14,3,True,31.856,Low
156,14,3,False,32.784,Low
156,14,4,True,26.305,Low
156,14,4,False,25.049,Low
156,14,5,True,26.373,Low
156,14,5,False,25.117,Low
156,14,6,True,28.481,Low
156,14,6,False,26.569,Low
156,15,0,True,33.554,Low
156,15,0,False,34.632,Low
156,15,1,True,24.809,Low
156,15,1,False,26.448,Low
156,15,2,True,30.233,Low
156,15,2,False,33.156,Low
156,15,3,True,32.573,Low
156,15,3,False,36.252,Low
156,15,4,True,23.08,Low
156,15,4,False,26.957,Low
156,15,5,True,20.57,Low
156,15,5,False,24.447,Low
156,15,6,True,20.53,Low
156,15,6,False,23.646,Low
156,16,0,True,26.437,Low
156,16,0,False,27.54,Low
156,16,1,True,19.206,Low
156,16,1,False,19.883,Low
156,16,2,True,26.75,Low
156,16,2,False,29.465,Low
156,16,3,True,36.784,Low
156,16,3,False,42.186,Low
156,16,4,True,18.627,Low
156,16,4,False,23.05,Low
156,16,5,True,16.232,Low
156,16,5,False,20.656,Low
156,16,6,True,18.674,Low
156,16,6,False,21.647,Low
156,17,0,True,22.58,Low
156,17,0,False,18.152,Low
156,17,1,True,21.572,Low
156,17,1,False,16.293,Low
156,17,2,True,23.92,Low
156,17,2,False,17.847,Low
156,17,3,True,51.205,Moderate
156,17,3,False,47.119,Moderate
156,17,4,True,34.89,Low
156,17,4,False,24.297,Low
156,17,5,True,37.33,Low
156,17,5,False,26.737,Low
156,17,6,True,32.669,Low
156,17,6,False,26.899,Low
156,18,0,True,16.093,Low
156,18,0,False,12.697,Low
156,18,1,True,18.429,Low
156,18,1,False,13.998,Low
156,18,2,True,22.424,Low
156,18,2,False,18.147,Low
156,18,3,True,39.667,Low
156,18,3,False,35.707,Low
156,18,4,True,32.349,Low
156,18,4,False,24.298,Low
156,18,5,True,33.118,Low
156,18,5,False,25.067,Low
156,18,6,True,21.057,Low
156,18,6,False,18.512,Low
156,19,0,True,7.69,Low
156,19,0,False,3.999,Low
156,19,1,True,7.104,Low
156,19,1,False,2.359,Low
156,19,2,True,9.912,Low
156,19,2,False,5.792,Low
156,19,3,True,12.976,Low
156,19,3,False,10.802,Low
156,19,4,True,12.449,Low
156,19,4,False,8.895,Low
156,19,5,True,14.218,Low
156,19,5,False,10.664,Low
156,19,6,True,22.019,Low
156,19,6,False,19.253,Low
156,20,0,True,7.604,Low
156,20,0,False,7.38,Low
156,20,1,True,1.445,Low
156,20,1,False,1.165,Low
156,20,2,True,0.957,Low
156,20,2,False,0.464,Low
156,20,3,True,1.35,Low
156,20,3,False,0.868,Low
156,20,4,True,1.567,Low
156,20,4,False,1.372,Low
156,20,5,True,1.592,Low
156,20,5,False,1.397,Low
156,20,6,True,11.072,Low
156,20,6,False,11.096,Low
156,21,0,True,3.345,Low
156,21,0,False,3.21,Low
156,21,1,True,2.153,Low
156,21,1,False,2.006,Low
156,21,2,True,0.786,Low
156,21,2,False,0.496,Low
156,21,3,True,0.703,Low
156,21,3,False,0.371,Low
156,21,4,True,0.742,Low
156,21,4,False,0.633,Low
156,21,5,True,0.956,Low
156,21,5,False,0.847,Low
156,21,6,True,4.776,Low
156,21,6,False,4.8,Low
156,22,0,True,2.221,Low
156,22,0,False,2.038,Low
156,22,1,True,1.256,Low
156,22,1,False,1.059,Low
156,22,2,True,0.651,Low
156,22,2,False,0.356,Low
156,22,3,True,0.592,Low
156,22,3,False,0.277,Low
156,22,4,True,0.708,Low
156,22,4,False,0.485,Low
156,22,5,True,0.899,Low
156,22,5,False,0.675,Low
156,22,6,True,4.396,Low
156,22,6,False,4.365,Low
156,23,0,True,2.27,Low
156,23,0,False,2.108,Low
156,23,1,True,1.329,Low
156,23,1,False,1.153,Low
156,23,2,True,0.767,Low
156,23,2,False,0.492,Low
156,23,3,True,0.701,Low
156,23,3,False,0.411,Low
156,23,4,True,0.779,Low
156,23,4,False,0.581,Low
156,23,5,True,0.948,Low
156,23,5,False,0.75,Low
156,23,6,True,4.396,Low
156,23,6,False,4.365,Low
161,0,0,True,88.878,High
161,0,0,False,93.354,High
161,0,1,True,85.647,High
161,0,1,False,92.018,High
161,0,2,True,84.955,High
161,0,2,False,92.213,High
161,0,3,True,69.743,Moderate
161,0,3,False,73.964,High
161,0,4,True,81.101,High
161,0,4,False,89.707,High
161,0,5,True,79.643,High
161,0,5,False,88.249,High
161,0,6,True,78.097,High
161,0,6,False,87.296,High
161,1,0,True,88.878,High
161,1,0,False,93.354,High
161,1,1,True,85.647,High
161,1,1,False,92.018,High
161,1,2,True,84.955,High
161,1,2,False,92.213,High
161,1,3,True,69.743,Moderate
161,1,3,False,73.964,High
161,1,4,True,81.101,High
161,1,4,False,89.707,High
161,1,5,True,79.643,High
161,1,5,False,88.249,High
161,1,6,True,78.097,High
161,1,6,False,87.296,High
161,2,0,True,88.878,High
161,2,0,False,93.354,High
161,2,1,True,85.647,High
161,2,1,False,92.018,High
161,2,2,True,84.955,High
161,2,2,False,92.213,High
161,2,3,True,69.743,Moderate
161,2,3,False,73.964,High
161,2,4,True,81.101,High
161,2,4,False,89.707,High
161,2,5,True,79.643,High
161,2,5,False,88.249,High
161,2,6,True,78.097,High
161,2,6,False,87.296,High
161,3,0,True,88.878,High
161,3,0,False,93.354,High
161,3,1,True,85.647,High
161,3,1,False,92.018,High
161,3,2,True,84.955,High
161,3,2,False,92.213,High
161,3,3,True,69.743,Moderate
161,3,3,False,73.964,High
161,3,4,True,81.101,High
161,3,4,False,89.707,High
161,3,5,True,79.643,High
161,3,5,False,88.249,High
161,3,6,True,78.097,High
161,3,6,False,87.296,High
161,4,0,True,88.878,High
161,4,0,False,93.354,High
161,4,1,True,85.647,High
161,4,1,False,92.018,High
161,4,2,True,84.955,High
161,4,2,False,92.213,High
161,4,3,True,69.743,Moderate
161,4,3,False,73.964,High
161,4,4,True,81.101,High
161,4,4,False,89.707,High
161,4,5,True,79.643,High
161,4,5,False,88.249,High
161,4,6,True,78.097,High
161,4,6,False,87.296,High
161,5,0,True,88.878,High
161,5,0,False,93.354,High
161,5,1,True,85.647,High
161,5,1,False,92.018,High
161,5,2,True,84.955,High
161,5,2,False,92.213,High
161,5,3,True,69.743,Moderate
161,5,3,False,73.964,High
161,5,4,True,81.101,High
161,5,4,False,89.707,High
161,5,5,True,79.643,High
161,5,5,False,88.249,High
161,5,6,True,78.097,High
161,5,6,False,87.296,High
161,6,0,True,88.471,High
161,6,0,False,92.789,High
161,6,1,True,82.466,High
161,6,1,False,87.518,High
161,6,2,True,82.441,High
161,6,2,False,88.362,High
161,6,3,True,69.508,Moderate
161,6,3,False,73.879,High
161,6,4,True,84.041,High
161,6,4,False,92.254,High
161,6,5,True,82.176,High
161,6,5,False,90.389,High
161,6,6,True,81.185,High
161,6,6,False,90.738,High
161,7,0,True,93.285,High
161,7,0,False,98.17,High
161,7,1,True,85.216,High
161,7,1,False,90.856,High
161,7,2,True,87.089,High
161,7,2,False,94.213,High
161,7,3,True,75.469,High
161,7,3,False,81.496,High
161,7,4,True,85.246,High
161,7,4,False,96.648,High
161,7,5,True,82.649,High
161,7,5,False,94.052,High
161,7,6,True,83.169,High
161,7,6,False,95.116,High
161,8,0,True,80.972,High
161,8,0,False,85.592,High
161,8,1,True,71.969,High
161,8,1,False,77.705,High
161,8,2,True,74.126,High
161,8,2,False,81.707,High
161,8,3,True,61.624,Moderate
161,8,3,False,68.486,Moderate
161,8,4,True,72.614,High
161,8,4,False,91.395,High
161,8,5,True,69.262,Moderate
161,8,5,False,88.043,High
161,8,6,True,71.197,High
161,8,6,False,89.667,High
161,9,0,True,84.831,High
161,9,0,False,85.324,High
161,9,1,True,78.058,High
161,9,1,False,79.304,High
161,9,2,True,85.007,High
161,9,2,False,87.171,High
161,9,3,True,77.64,High
161,9,3,False,78.136,High
161,9,4,True,80.825,High
161,9,4,False,86.981,High
161,9,5,True,79.542,High
161,9,5,False,85.698,High
161,9,6,True,79.82,High
161,9,6,False,86.039,High
161,10,0,True,85.491,High
161,10,0,False,85.592,High
161,10,1,True,83.732,High
161,10,1,False,83.32,High
161,10,2,True,83.424,High
161,10,2,False,82.599,High
161,10,3,True,84.306,High
161,10,3,False,83.531,High
161,10,4,True,84.902,High
161,10,4,False,84.852,High
161,10,5,True,84.851,High
161,10,5,False,84.801,High
161,10,6,True,85.174,High
161,10,6,False,84.945,High
161,11,0,True,80.259,High
161,11,0,False,81.158,High
161,11,1,True,79.346,High
161,11,1,False,80.03,High
161,11,2,True,79.702,High
161,11,2,False,80.441,High
161,11,3,True,78.755,High
161,11,3,False,79.675,High
161,11,4,True,77.891,High
161,11,4,False,79.585,High
161,11,5,True,76.986,High
161,11,5,False,78.68,High
161,11,6,True,76.594,High
161,11,6,False,78.194,High
161,12,0,True,51.904,Moderate
161,12,0,False,50.256,Moderate
161,12,1,True,59.128,Moderate
161,12,1,False,60.294,Moderate
161,12,2,True,63.779,Moderate
161,12,2,False,66.075,Moderate
161,12,3,True,60.36,Moderate
161,12,3,False,62.244,Moderate
161,12,4,True,56.465,Moderate
161,12,4,False,55.136,Moderate
161,12,5,True,56.611,Moderate
161,12,5,False,55.282,Moderate
161,12,6,True,59.334,Moderate
161,12,6,False,56.664,Moderate
161,13,0,True,42.964,Low
161,13,0,False,46.339,Moderate
161,13,1,True,48.334,Moderate
161,13,1,False,58.493,Moderate
161,13,2,True,48.046,Moderate
161,13,2,False,58.922,Moderate
161,13,3,True,40.912,Low
161,13,3,False,51.369,Moderate
161,13,4,True,42.907,Low
161,13,4,False,57.769,Moderate
161,13,5,True,33.993,Low
161,13,5,False,48.855,Moderate
161,13,6,True,49.82,Moderate
161,13,6,False,56.457,Moderate
161,14,0,True,97.094,High
161,14,0,False,106.531,High
161,14,1,True,71.704,High
161,14,1,False,84.123,High
161,14,2,True,68.201,Moderate
161,14,2,False,80.849,High
161,14,3,True,94.542,High
161,14,3,False,128.411,High
161,14,4,True,70.534,High
161,14,4,False,104.498,High
161,14,5,True,61.95,Moderate
161,14,5,False,95.914,High
161,14,6,True,50.039,Moderate
161,14,6,False,77.476,High
161,15,0,True,175.324,High
161,15,0,False,179.869,High
161,15,1,True,80.272,High
161,15,1,False,81.211,High
161,15,2,True,94.541,High
161,15,2,False,96.676,High
161,15,3,True,109.615,High
161,15,3,False,117.687,High
161,15,4,True,80.074,High
161,15,4,False,82.985,High
161,15,5,True,80.447,High
161,15,5,False,83.358,High
161,15,6,True,58.864,Moderate
161,15,6,False,65.085,Moderate
161,16,0,True,93.042,High
161,16,0,False,92.017,High
161,16,1,True,55.41,Moderate
161,16,1,False,54.392,Moderate
161,16,2,True,54.7,Moderate
161,16,2,False,53.446,Moderate
161,16,3,True,48.547,Moderate
161,16,3,False,47.161,Moderate
161,16,4,True,38.305,Low
161,16,4,False,31.918,Low
161,16,5,True,40.362,Low
161,16,5,False,33.975,Low
161,16,6,True,63.479,Moderate
161,16,6,False,58.311,Moderate
161,17,0,True,43.646,Low
161,17,0,False,43.39,Low
161,17,1,True,42.858,Low
161,17,1,False,42.624,Low
161,17,2,True,39.734,Low
161,17,2,False,38.923,Low
161,17,3,True,51.179,Moderate
161,17,3,False,50.128,Moderate
161,17,4,True,37.563,Low
161,17,4,False,32.812,Low
161,17,5,True,39.187,Low
161,17,5,False,34.436,Low
161,17,6,True,36.352,Low
161,17,6,False,33.907,Low
161,18,0,True,35.088,Low
161,18,0,False,35.147,Low
161,18,1,True,47.008,Moderate
161,18,1,False,47.296,Moderate
161,18,2,True,42.561,Low
161,18,2,False,42.168,Low
161,18,3,True,46.096,Moderate
161,18,3,False,45.919,Moderate
161,18,4,True,33.083,Low
161,18,4,False,29.694,Low
161,18,5,True,32.558,Low
161,18,5,False,29.169,Low
161,18,6,True,27.797,Low
161,18,6,False,26.224,Low
161,19,0,True,14.829,Low
161,19,0,False,14.263,Low
161,19,1,True,15.603,Low
161,19,1,False,15.135,Low
161,19,2,True,15.921,Low
161,19,2,False,16.099,Low
161,19,3,True,20.24,Low
161,19,3,False,23.709,Low
161,19,4,True,17.862,Low
161,19,4,False,20.322,Low
161,19,5,True,16.649,Low
161,19,5,False,19.109,Low
161,19,6,True,26.963,Low
161,19,6,False,26.886,Low
161,20,0,True,9.86,Low
161,20,0,False,9.762,Low
161,20,1,True,2.811,Low
161,20,1,False,2.713,Low
161,20,2,True,2.634,Low
161,20,2,False,2.562,Low
161,20,3,True,4.429,Low
161,20,3,False,4.909,Low
161,20,4,True,4.72,Low
161,20,4,False,6.888,Low
161,20,5,True,4.137,Low
161,20,5,False,6.305,Low
161,20,6,True,23.776,Low
161,20,6,False,24.647,Low
161,21,0,True,3.372,Low
161,21,0,False,3.344,Low
161,21,1,True,2.244,Low
161,21,1,False,2.204,Low
161,21,2,True,1.301,Low
161,21,2,False,1.175,Low
161,21,3,True,0.998,Low
161,21,3,False,0.932,Low
161,21,4,True,1.352,Low
161,21,4,False,1.78,Low
161,21,5,True,1.322,Low
161,21,5,False,1.75,Low
161,21,6,True,11.459,Low
161,21,6,False,11.595,Low
161,22,0,True,2.093,Low
161,22,0,False,2.001,Low
161,22,1,True,1.175,Low
161,22,1,False,1.069,Low
161,22,2,True,0.997,Low
161,22,2,False,0.822,Low
161,22,3,True,0.814,Low
161,22,3,False,0.699,Low
161,22,4,True,1.243,Low
161,22,4,False,1.578,Low
161,22,5,True,1.232,Low
161,22,5,False,1.568,Low
161,22,6,True,11.059,Low
161,22,6,False,11.128,Low
161,23,0,True,2.134,Low
161,23,0,False,2.058,Low
161,23,1,True,1.241,Low
161,23,1,False,1.15,Low
161,23,2,True,1.091,Low
161,23,2,False,0.931,Low
161,23,3,True,0.916,Low
161,23,3,False,0.811,Low
161,23,4,True,1.316,Low
161,23,4,False,1.663,Low
161,23,5,True,1.291,Low
161,23,5,False,1.637,Low
161,23,6,True,11.059,Low
161,23,6,False,11.128,Low
162,0,0,True,73.841,High
162,0,0,False,75.789,High
162,0,1,True,74.627,High
162,0,1,False,78.233,High
162,0,2,True,68.029,Moderate
162,0,2,False,71.76,High
162,0,3,True,63.325,Moderate
162,0,3,False,63.064,Moderate
162,0,4,True,68.856,Moderate
162,0,4,False,69.45,Moderate
162,0,5,True,69.016,Moderate
162,0,5,False,69.61,Moderate
162,0,6,True,68.179,Moderate
162,0,6,False,69.307,Moderate
162,1,0,True,73.841,High
162,1,0,False,75.789,High
162,1,1,True,74.627,High
162,1,1,False,78.233,High
162,1,2,True,68.029,Moderate
162,1,2,False,71.76,High
162,1,3,True,63.325,Moderate
162,1,3,False,63.064,Moderate
162,1,4,True,68.856,Moderate
162,1,4,False,69.45,Moderate
162,1,5,True,69.016,Moderate
162,1,5,False,69.61,Moderate
162,1,6,True,68.179,Moderate
162,1,6,False,69.307,Moderate
162,2,0,True,73.841,High
162,2,0,False,75.789,High
162,2,1,True,74.627,High
162,2,1,False,78.233,High
162,2,2,True,68.029,Moderate
162,2,2,False,71.76,High
162,2,3,True,63.325,Moderate
162,2,3,False,63.064,Moderate
162,2,4,True,68.856,Moderate
162,2,4,False,69.45,Moderate
162,2,5,True,69.016,Moderate
162,2,5,False,69.61,Moderate
162,2,6,True,68.179,Moderate
162,2,6,False,69.307,Moderate
162,3,0,True,73.841,High
162,3,0,False,75.789,High
162,3,1,True,74.627,High
162,3,1,False,78.233,High
162,3,2,True,68.029,Moderate
162,3,2,False,71.76,High
162,3,3,True,63.325,Moderate
162,3,3,False,63.064,Moderate
162,3,4,True,68.856,Moderate
162,3,4,False,69.45,Moderate
162,3,5,True,69.016,Moderate
162,3,5,False,69.61,Moderate
162,3,6,True,68.179,Moderate
162,3,6,False,69.307,Moderate
162,4,0,True,73.841,High
162,4,0,False,75.789,High
162,4,1,True,74.627,High
162,4,1,False,78.233,High
162,4,2,True,68.029,Moderate
162,4,2,False,71.76,High
162,4,3,True,63.325,Moderate
162,4,3,False,63.064,Moderate
162,4,4,True,68.856,Moderate
162,4,4,False,69.45,Moderate
162,4,5,True,69.016,Moderate
162,4,5,False,69.61,Moderate
162,4,6,True,68.179,Moderate
162,4,6,False,69.307,Moderate
162,5,0,True,73.841,High
162,5,0,False,75.789,High
162,5,1,True,74.627,High
162,5,1,False,78.233,High
162,5,2,True,68.029,Moderate
162,5,2,False,71.76,High
162,5,3,True,63.325,Moderate
162,5,3,False,63.064,Moderate
162,5,4,True,68.856,Moderate
162,5,4,False,69.45,Moderate
162,5,5,True,69.016,Moderate
162,5,5,False,69.61,Moderate
162,5,6,True,68.179,Moderate
162,5,6,False,69.307,Moderate
162,6,0,True,73.366,High
162,6,0,False,75.384,High
162,6,1,True,71.528,High
162,6,1,False,74.052,High
162,6,2,True,66.011,Moderate
162,6,2,False,68.504,Moderate
162,6,3,True,62.794,Moderate
162,6,3,False,62.61,Moderate
162,6,4,True,71.405,High
162,6,4,False,71.711,High
162,6,5,True,71.159,High
162,6,5,False,71.464,High
162,6,6,True,70.148,Moderate
162,6,6,False,71.735,High
162,7,0,True,75.231,High
162,7,0,False,77.531,High
162,7,1,True,72.781,High
162,7,1,False,75.6,High
162,7,2,True,68.115,Moderate
162,7,2,False,71.356,High
162,7,3,True,65.829,Moderate
162,7,3,False,66.627,Moderate
162,7,4,True,71.518,High
162,7,4,False,73.697,High
162,7,5,True,70.539,High
162,7,5,False,72.718,High
162,7,6,True,70.36,High
162,7,6,False,73.068,High
162,8,0,True,68.557,Moderate
162,8,0,False,68.414,Moderate
162,8,1,True,66.047,Moderate
162,8,1,False,66.348,Moderate
162,8,2,True,61.748,Moderate
162,8,2,False,62.265,Moderate
162,8,3,True,59.805,Moderate
162,8,3,False,58.776,Moderate
162,8,4,True,67.372,Moderate
162,8,4,False,68.479,Moderate
162,8,5,True,66.11,Moderate
162,8,5,False,67.216,Moderate
162,8,6,True,67.157,Moderate
162,8,6,False,68.293,Moderate
162,9,0,True,66.059,Moderate
162,9,0,False,66.046,Moderate
162,9,1,True,64.341,Moderate
162,9,1,False,64.851,Moderate
162,9,2,True,61.551,Moderate
162,9,2,False,62.184,Moderate
162,9,3,True,60.278,Moderate
162,9,3,False,58.991,Moderate
162,9,4,True,65.674,Moderate
162,9,4,False,65.061,Moderate
162,9,5,True,65.155,Moderate
162,9,5,False,64.542,Moderate
162,9,6,True,65.608,Moderate
162,9,6,False,65.03,Moderate
162,10,0,True,70.21,Moderate
162,10,0,False,68.872,Moderate
162,10,1,True,72.835,High
162,10,1,False,71.531,High
162,10,2,True,69.86,Moderate
162,10,2,False,68.073,Moderate
162,10,3,True,70.232,Moderate
162,10,3,False,68.286,Moderate
162,10,4,True,70.533,High
162,10,4,False,67.763,Moderate
162,10,5,True,71.034,High
162,10,5,False,68.264,Moderate
162,10,6,True,73.86,High
162,10,6,False,71.898,High
162,11,0,True,67.658,Moderate
162,11,0,False,66.687,Moderate
162,11,1,True,67.935,Moderate
162,11,1,False,66.973,Moderate
162,11,2,True,65.808,Moderate
162,11,2,False,64.651,Moderate
162,11,3,True,65.145,Moderate
162,11,3,False,63.799,Moderate
162,11,4,True,65.187,Moderate
162,11,4,False,63.505,Moderate
162,11,5,True,65.724,Moderate
162,11,5,False,64.042,Moderate
162,11,6,True,60.935,Moderate
162,11,6,False,60.847,Moderate
162,12,0,True,33.521,Low
162,12,0,False,31.922,Low
162,12,1,True,33.44,Low
162,12,1,False,31.665,Low
162,12,2,True,35.131,Low
162,12,2,False,32.861,Low
162,12,3,True,33.427,Low
162,12,3,False,30.669,Low
162,12,4,True,34.056,Low
162,12,4,False,31.271,Low
162,12,5,True,35.072,Low
162,12,5,False,32.287,Low
162,12,6,True,45.409,Moderate
162,12,6,False,41.073,Low
162,13,0,True,52.921,Moderate
162,13,0,False,52.633,Moderate
162,13,1,True,50.881,Moderate
162,13,1,False,50.112,Moderate
162,13,2,True,54.478,Moderate
162,13,2,False,53.876,Moderate
162,13,3,True,55.139,Moderate
162,13,3,False,54.357,Moderate
162,13,4,True,54.572,Moderate
162,13,4,False,53.304,Moderate
162,13,5,True,54.296,Moderate
162,13,5,False,53.029,Moderate
162,13,6,True,63.641,Moderate
162,13,6,False,61.068,Moderate
162,14,0,True,134.063,High
162,14,0,False,136.573,High
162,14,1,True,140.359,High
162,14,1,False,141.572,High
162,14,2,True,119.588,High
162,14,2,False,119.373,High
162,14,3,True,142.532,High
162,14,3,False,145.813,High
162,14,4,True,152.832,High
162,14,4,False,160.889,High
162,14,5,True,152.025,High
162,14,5,False,160.082,High
162,14,6,True,125.958,High
162,14,6,False,133.781,High
162,15,0,True,168.994,High
162,15,0,False,165.933,High
162,15,1,True,134.34,High
162,15,1,False,127.009,High
162,15,2,True,129.036,High
162,15,2,False,119.033,High
162,15,3,True,161.872,High
162,15,3,False,154.457,High
162,15,4,True,142.809,High
162,15,4,False,116.669,High
162,15,5,True,151.053,High
162,15,5,False,124.913,High
162,15,6,True,120.688,High
162,15,6,False,105.562,High
162,16,0,True,69.976,Moderate
162,16,0,False,60.505,Moderate
162,16,1,True,59.075,Moderate
162,16,1,False,49.146,Moderate
162,16,2,True,53.297,Moderate
162,16,2,False,39.388,Low
162,16,3,True,92.549,High
162,16,3,False,81.633,High
162,16,4,True,89.078,High
162,16,4,False,74.454,High
162,16,5,True,92.101,High
162,16,5,False,77.477,High
162,16,6,True,131.542,High
162,16,6,False,115.244,High
162,17,0,True,35.264,Low
162,17,0,False,35.067,Low
162,17,1,True,32.427,Low
162,17,1,False,31.668,Low
162,17,2,True,31.944,Low
162,17,2,False,31.661,Low
162,17,3,True,73.624,High
162,17,3,False,75.595,High
162,17,4,True,47.456,Moderate
162,17,4,False,50.455,Moderate
162,17,5,True,47.875,Moderate
162,17,5,False,50.874,Moderate
162,17,6,True,20.547,Low
162,17,6,False,26.703,Low
162,18,0,True,38.143,Low
162,18,0,False,41.74,Low
162,18,1,True,39.69,Low
162,18,1,False,42.914,Low
162,18,2,True,37.698,Low
162,18,2,False,41.281,Low
162,18,3,True,82.246,High
162,18,3,False,92.617,High
162,18,4,True,52.43,Moderate
162,18,4,False,62.415,Moderate
162,18,5,True,47.173,Moderate
162,18,5,False,57.158,Moderate
162,18,6,True,19.381,Low
162,18,6,False,27.843,Low
162,19,0,True,20.278,Low
162,19,0,False,21.464,Low
162,19,1,True,17.968,Low
162,19,1,False,18.364,Low
162,19,2,True,17.24,Low
162,19,2,False,18.003,Low
162,19,3,True,21.873,Low
162,19,3,False,25.158,Low
162,19,4,True,18.151,Low
162,19,4,False,21.0,Low
162,19,5,True,16.941,Low
162,19,5,False,19.79,Low
162,19,6,True,26.721,Low
162,19,6,False,27.206,Low
162,20,0,True,10.973,Low
162,20,0,False,11.168,Low
162,20,1,True,3.716,Low
162,20,1,False,3.939,Low
162,20,2,True,3.171,Low
162,20,2,False,3.553,Low
162,20,3,True,7.67,Low
162,20,3,False,9.856,Low
162,20,4,True,9.098,Low
162,20,4,False,15.854,Low
162,20,5,True,6.741,Low
162,20,5,False,13.497,Low
162,20,6,True,28.627,Low
162,20,6,False,31.269,Low
162,21,0,True,3.103,Low
162,21,0,False,3.31,Low
162,21,1,True,2.503,Low
162,21,1,False,2.732,Low
162,21,2,True,1.173,Low
162,21,2,False,1.45,Low
162,21,3,True,1.069,Low
162,21,3,False,1.498,Low
162,21,4,True,1.472,Low
162,21,4,False,3.683,Low
162,21,5,True,1.071,Low
162,21,5,False,3.283,Low
162,21,6,True,13.172,Low
162,21,6,False,13.943,Low
162,22,0,True,1.339,Low
162,22,0,False,1.313,Low
162,22,1,True,0.964,Low
162,22,1,False,0.938,Low
162,22,2,True,0.561,Low
162,22,2,False,0.577,Low
162,22,3,True,0.624,Low
162,22,3,False,0.764,Low
162,22,4,True,1.239,Low
162,22,4,False,3.086,Low
162,22,5,True,0.915,Low
162,22,5,False,2.761,Low
162,22,6,True,12.741,Low
162,22,6,False,13.299,Low
162,23,0,True,1.37,Low
162,23,0,False,1.359,Low
162,23,1,True,1.008,Low
162,23,1,False,0.997,Low
162,23,2,True,0.62,Low
162,23,2,False,0.652,Low
162,23,3,True,0.689,Low
162,23,3,False,0.84,Low
162,23,4,True,1.289,Low
162,23,4,False,3.146,Low
162,23,5,True,0.965,Low
162,23,5,False,2.822,Low
162,23,6,True,12.741,Low
162,23,6,False,13.299,Low
164,0,0,True,52.211,Moderate
164,0,0,False,49.425,Moderate
164,0,1,True,52.489,Moderate
164,0,1,False,50.184,Moderate
164,0,2,True,52.314,Moderate
164,0,2,False,50.134,Moderate
164,0,3,True,50.772,Moderate
164,0,3,False,48.279,Moderate
164,0,4,True,48.719,Moderate
164,0,4,False,45.17,Moderate
164,0,5,True,49.481,Moderate
164,0,5,False,45.933,Moderate
164,0,6,True,47.444,Moderate
164,0,6,False,45.96,Moderate
164,1,0,True,52.211,Moderate
164,1,0,False,49.425,Moderate
164,1,1,True,52.489,Moderate
164,1,1,False,50.184,Moderate
164,1,2,True,52.314,Moderate
164,1,2,False,50.134,Moderate
164,1,3,True,50.772,Moderate
164,1,3,False,48.279,Moderate
164,1,4,True,48.719,Moderate
164,1,4,False,45.17,Moderate
164,1,5,True,49.481,Moderate
164,1,5,False,45.933,Moderate
164,1,6,True,47.444,Moderate
164,1,6,False,45.96,Moderate
164,2,0,True,52.211,Moderate
164,2,0,False,49.425,Moderate
164,2,1,True,52.489,Moderate
164,2,1,False,50.184,Moderate
164,2,2,True,52.314,Moderate
164,2,2,False,50.134,Moderate
164,2,3,True,50.772,Moderate
164,2,3,False,48.279,Moderate
164,2,4,True,48.719,Moderate
164,2,4,False,45.17,Moderate
164,2,5,True,49.481,Moderate
164,2,5,False,45.933,Moderate
164,2,6,True,47.444,Moderate
164,2,6,False,45.96,Moderate
164,3,0,True,52.211,Moderate
164,3,0,False,49.425,Moderate
164,3,1,True,52.489,Moderate
164,3,1,False,50.184,Moderate
164,3,2,True,52.314,Moderate
164,3,2,False,50.134,Moderate
164,3,3,True,50.772,Moderate
164,3,3,False,48.279,Moderate
164,3,4,True,48.719,Moderate
164,3,4,False,45.17,Moderate
164,3,5,True,49.481,Moderate
164,3,5,False,45.933,Moderate
164,3,6,True,47.444,Moderate
164,3,6,False,45.96,Moderate
164,4,0,True,52.211,Moderate
164,4,0,False,49.425,Moderate
164,4,1,True,52.489,Moderate
164,4,1,False,50.184,Moderate
164,4,2,True,52.314,Moderate
164,4,2,False,50.134,Moderate
164,4,3,True,50.772,Moderate
164,4,3,False,48.279,Moderate
164,4,4,True,48.719,Moderate
164,4,4,False,45.17,Moderate
164,4,5,True,49.481,Moderate
164,4,5,False,45.933,Moderate
164,4,6,True,47.444,Moderate
164,4,6,False,45.96,Moderate
164,5,0,True,52.211,Moderate
164,5,0,False,49.425,Moderate
164,5,1,True,52.489,Moderate
164,5,1,False,50.184,Moderate
164,5,2,True,52.314,Moderate
164,5,2,False,50.134,Moderate
164,5,3,True,50.772,Moderate
164,5,3,False,48.279,Moderate
164,5,4,True,48.719,Moderate
164,5,4,False,45.17,Moderate
164,5,5,True,49.481,Moderate
164,5,5,False,45.933,Moderate
164,5,6,True,47.444,Moderate
164,5,6,False,45.96,Moderate
164,6,0,True,51.297,Moderate
164,6,0,False,48.56,Moderate
164,6,1,True,51.563,Moderate
164,6,1,False,48.738,Moderate
164,6,2,True,51.39,Moderate
164,6,2,False,48.689,Moderate
164,6,3,True,50.393,Moderate
164,6,3,False,47.654,Moderate
164,6,4,True,48.34,Moderate
164,6,4,False,44.546,Low
164,6,5,True,49.051,Moderate
164,6,5,False,45.257,Moderate
164,6,6,True,47.014,Moderate
164,6,6,False,45.284,Moderate
164,7,0,True,51.297,Moderate
164,7,0,False,48.56,Moderate
164,7,1,True,51.563,Moderate
164,7,1,False,48.738,Moderate
164,7,2,True,51.39,Moderate
164,7,2,False,48.689,Moderate
164,7,3,True,50.393,Moderate
164,7,3,False,47.654,Moderate
164,7,4,True,48.34,Moderate
164,7,4,False,44.546,Low
164,7,5,True,49.051,Moderate
164,7,5,False,45.257,Moderate
164,7,6,True,47.014,Moderate
164,7,6,False,45.284,Moderate
164,8,0,True,55.695,Moderate
164,8,0,False,52.533,Moderate
164,8,1,True,55.103,Moderate
164,8,1,False,51.505,Moderate
164,8,2,True,57.733,Moderate
164,8,2,False,54.674,Moderate
164,8,3,True,58.289,Moderate
164,8,3,False,55.22,Moderate
164,8,4,True,57.466,Moderate
164,8,4,False,53.747,Moderate
164,8,5,True,57.816,Moderate
164,8,5,False,54.098,Moderate
164,8,6,True,54.919,Moderate
164,8,6,False,53.557,Moderate
164,9,0,True,56.531,Moderate
164,9,0,False,53.689,Moderate
164,9,1,True,53.312,Moderate
164,9,1,False,49.252,Moderate
164,9,2,True,58.687,Moderate
164,9,2,False,54.846,Moderate
164,9,3,True,60.497,Moderate
164,9,3,False,56.823,Moderate
164,9,4,True,59.175,Moderate
164,9,4,False,54.722,Moderate
164,9,5,True,60.06,Moderate
164,9,5,False,55.607,Moderate
164,9,6,True,57.482,Moderate
164,9,6,False,55.064,Moderate
164,10,0,True,59.212,Moderate
164,10,0,False,52.843,Moderate
164,10,1,True,51.323,Moderate
164,10,1,False,42.751,Low
164,10,2,True,61.502,Moderate
164,10,2,False,53.679,Moderate
164,10,3,True,60.626,Moderate
164,10,3,False,48.882,Moderate
164,10,4,True,65.285,Moderate
164,10,4,False,54.575,Moderate
164,10,5,True,68.868,Moderate
164,10,5,False,58.158,Moderate
164,10,6,True,62.742,Moderate
164,10,6,False,56.221,Moderate
164,11,0,True,46.886,Moderate
164,11,0,False,44.333,Low
164,11,1,True,42.392,Low
164,11,1,False,38.75,Low
164,11,2,True,38.065,Low
164,11,2,False,32.753,Low
164,11,3,True,40.389,Low
164,11,3,False,35.029,Low
164,11,4,True,50.657,Moderate
164,11,4,False,47.069,Moderate
164,11,5,True,51.004,Moderate
164,11,5,False,47.416,Moderate
164,11,6,True,53.851,Moderate
164,11,6,False,50.273,Moderate
164,12,0,True,37.507,Low
164,12,0,False,36.846,Low
164,12,1,True,38.517,Low
164,12,1,False,37.405,Low
164,12,2,True,39.795,Low
164,12,2,False,39.032,Low
164,12,3,True,40.464,Low
164,12,3,False,39.319,Low
164,12,4,True,41.417,Low
164,12,4,False,40.452,Low
164,12,5,True,41.853,Low
164,12,5,False,40.889,Low
164,12,6,True,52.051,Moderate
164,12,6,False,50.278,Moderate
164,13,0,True,46.502,Moderate
164,13,0,False,47.938,Moderate
164,13,1,True,35.856,Low
164,13,1,False,36.947,Low
164,13,2,True,41.256,Low
164,13,2,False,43.504,Low
164,13,3,True,42.413,Low
164,13,3,False,46.096,Moderate
164,13,4,True,40.043,Low
164,13,4,False,44.763,Moderate
164,13,5,True,39.561,Low
164,13,5,False,44.28,Low
164,13,6,True,45.569,Moderate
164,13,6,False,47.272,Moderate
164,14,0,True,44.628,Moderate
164,14,0,False,42.53,Low
164,14,1,True,35.734,Low
164,14,1,False,33.112,Low
164,14,2,True,37.629,Low
164,14,2,False,34.856,Low
164,14,3,True,39.388,Low
164,14,3,False,36.914,Low
164,14,4,True,43.941,Low
164,14,4,False,47.599,Moderate
164,14,5,True,42.925,Low
164,14,5,False,46.584,Moderate
164,14,6,True,45.397,Moderate
164,14,6,False,48.125,Moderate
164,15,0,True,106.807,High
164,15,0,False,109.713,High
164,15,1,True,30.739,Low
164,15,1,False,30.361,Low
164,15,2,True,40.737,Low
164,15,2,False,39.493,Low
164,15,3,True,38.017,Low
164,15,3,False,36.349,Low
164,15,4,True,42.665,Low
164,15,4,False,40.315,Low
164,15,5,True,43.305,Low
164,15,5,False,40.956,Low
164,15,6,True,44.931,Moderate
164,15,6,False,43.041,Low
164,16,0,True,55.876,Moderate
164,16,0,False,56.635,Moderate
164,16,1,True,35.756,Low
164,16,1,False,36.915,Low
164,16,2,True,39.354,Low
164,16,2,False,43.35,Low
164,16,3,True,53.049,Moderate
164,16,3,False,59.389,Moderate
164,16,4,True,44.838,Moderate
164,16,4,False,52.405,Moderate
164,16,5,True,41.61,Low
164,16,5,False,49.178,Moderate
164,16,6,True,76.806,High
164,16,6,False,78.441,High
164,17,0,True,51.346,Moderate
164,17,0,False,51.804,Moderate
164,17,1,True,21.561,Low
164,17,1,False,21.382,Low
164,17,2,True,21.224,Low
164,17,2,False,21.955,Low
164,17,3,True,55.351,Moderate
164,17,3,False,52.454,Moderate
164,17,4,True,43.181,Low
164,17,4,False,40.975,Low
164,17,5,True,42.573,Low
164,17,5,False,40.367,Low
164,17,6,True,23.166,Low
164,17,6,False,27.458,Low
164,18,0,True,45.739,Moderate
164,18,0,False,46.752,Moderate
164,18,1,True,28.83,Low
164,18,1,False,28.892,Low
164,18,2,True,27.239,Low
164,18,2,False,27.767,Low
164,18,3,True,54.903,Moderate
164,18,3,False,60.688,Moderate
164,18,4,True,40.655,Low
164,18,4,False,45.386,Moderate
164,18,5,True,37.862,Low
164,18,5,False,42.593,Low
164,18,6,True,24.241,Low
164,18,6,False,27.583,Low
164,19,0,True,43.61,Low
164,19,0,False,44.607,Moderate
164,19,1,True,44.147,Low
164,19,1,False,44.859,Moderate
164,19,2,True,39.255,Low
164,19,2,False,39.977,Low
164,19,3,True,22.367,Low
164,19,3,False,23.201,Low
164,19,4,True,19.766,Low
164,19,4,False,21.065,Low
164,19,5,True,18.756,Low
164,19,5,False,20.055,Low
164,19,6,True,22.885,Low
164,19,6,False,22.833,Low
164,20,0,True,29.309,Low
164,20,0,False,29.713,Low
164,20,1,True,25.298,Low
164,20,1,False,25.606,Low
164,20,2,True,21.755,Low
164,20,2,False,22.035,Low
164,20,3,True,12.94,Low
164,20,3,False,13.647,Low
164,20,4,True,14.233,Low
164,20,4,False,16.48,Low
164,20,5,True,13.447,Low
164,20,5,False,15.693,Low
164,20,6,True,21.645,Low
164,20,6,False,22.31,Low
164,21,0,True,16.318,Low
164,21,0,False,16.628,Low
164,21,1,True,16.072,Low
164,21,1,False,16.369,Low
164,21,2,True,14.162,Low
164,21,2,False,14.355,Low
164,21,3,True,7.587,Low
164,21,3,False,7.83,Low
164,21,4,True,7.991,Low
164,21,4,False,8.933,Low
164,21,5,True,8.041,Low
164,21,5,False,8.983,Low
164,21,6,True,13.581,Low
164,21,6,False,14.08,Low
164,22,0,True,15.24,Low
164,22,0,False,15.413,Low
164,22,1,True,15.107,Low
164,22,1,False,15.255,Low
164,22,2,True,13.788,Low
164,22,2,False,13.842,Low
164,22,3,True,7.329,Low
164,22,3,False,7.42,Low
164,22,4,True,7.806,Low
164,22,4,False,8.521,Low
164,22,5,True,7.913,Low
164,22,5,False,8.628,Low
164,22,6,True,13.301,Low
164,22,6,False,13.632,Low
164,23,0,True,15.255,Low
164,23,0,False,15.443,Low
164,23,1,True,15.135,Low
164,23,1,False,15.298,Low
164,23,2,True,13.831,Low
164,23,2,False,13.901,Low
164,23,3,True,7.379,Low
164,23,3,False,7.481,Low
164,23,4,True,7.856,Low
164,23,4,False,8.582,Low
164,23,5,True,7.963,Low
164,23,5,False,8.689,Low
164,23,6,True,13.301,Low
164,23,6,False,13.632,Low
167,0,0,True,81.992,High
167,0,0,False,80.63,High
167,0,1,True,81.197,High
167,0,1,False,80.319,High
167,0,2,True,103.906,High
167,0,2,False,105.565,High
167,0,3,True,93.29,High
167,0,3,False,92.526,High
167,0,4,True,82.898,High
167,0,4,False,80.845,High
167,0,5,True,84.587,High
167,0,5,False,82.534,High
167,0,6,True,83.715,High
167,0,6,False,81.832,High
167,1,0,True,81.992,High
167,1,0,False,80.63,High
167,1,1,True,81.197,High
167,1,1,False,80.319,High
167,1,2,True,103.906,High
167,1,2,False,105.565,High
167,1,3,True,93.29,High
167,1,3,False,92.526,High
167,1,4,True,82.898,High
167,1,4,False,80.845,High
167,1,5,True,84.587,High
167,1,5,False,82.534,High
167,1,6,True,83.715,High
167,1,6,False,81.832,High
167,2,0,True,81.992,High
167,2,0,False,80.63,High
167,2,1,True,81.197,High
167,2,1,False,80.319,High
167,2,2,True,103.906,High
167,2,2,False,105.565,High
167,2,3,True,93.29,High
167,2,3,False,92.526,High
167,2,4,True,82.898,High
167,2,4,False,80.845,High
167,2,5,True,84.587,High
167,2,5,False,82.534,High
167,2,6,True,83.715,High
167,2,6,False,81.832,High
167,3,0,True,81.992,High
167,3,0,False,80.63,High
167,3,1,True,81.197,High
167,3,1,False,80.319,High
167,3,2,True,103.906,High
167,3,2,False,105.565,High
167,3,3,True,93.29,High
167,3,3,False,92.526,High
167,3,4,True,82.898,High
167,3,4,False,80.845,High
167,3,5,True,84.587,High
167,3,5,False,82.534,High
167,3,6,True,83.715,High
167,3,6,False,81.832,High
167,4,0,True,81.992,High
167,4,0,False,80.63,High
167,4,1,True,81.197,High
167,4,1,False,80.319,High
167,4,2,True,103.906,High
167,4,2,False,105.565,High
167,4,3,True,93.29,High
167,4,3,False,92.526,High
167,4,4,True,82.898,High
167,4,4,False,80.845,High
167,4,5,True,84.587,High
167,4,5,False,82.534,High
167,4,6,True,83.715,High
167,4,6,False,81.832,High
167,5,0,True,81.992,High
167,5,0,False,80.63,High
167,5,1,True,81.197,High
167,5,1,False,80.319,High
167,5,2,True,103.906,High
167,5,2,False,105.565,High
167,5,3,True,93.29,High
167,5,3,False,92.526,High
167,5,4,True,82.898,High
167,5,4,False,80.845,High
167,5,5,True,84.587,High
167,5,5,False,82.534,High
167,5,6,True,83.715,High
167,5,6,False,81.832,High
167,6,0,True,81.25,High
167,6,0,False,79.887,High
167,6,1,True,80.474,High
167,6,1,False,79.596,High
167,6,2,True,103.185,High
167,6,2,False,104.844,High
167,6,3,True,93.114,High
167,6,3,False,92.705,High
167,6,4,True,82.721,High
167,6,4,False,81.024,High
167,6,5,True,84.358,High
167,6,5,False,82.661,High
167,6,6,True,83.487,High
167,6,6,False,81.959,High
167,7,0,True,81.25,High
167,7,0,False,79.887,High
167,7,1,True,80.474,High
167,7,1,False,79.596,High
167,7,2,True,103.185,High
167,7,2,False,104.844,High
167,7,3,True,93.114,High
167,7,3,False,92.705,High
167,7,4,True,82.721,High
167,7,4,False,81.024,High
167,7,5,True,84.358,High
167,7,5,False,82.661,High
167,7,6,True,83.487,High
167,7,6,False,81.959,High
167,8,0,True,81.381,High
167,8,0,False,80.019,High
167,8,1,True,80.586,High
167,8,1,False,79.707,High
167,8,2,True,103.895,High
167,8,2,False,105.553,High
167,8,3,True,93.823,High
167,8,3,False,93.414,High
167,8,4,True,82.97,High
167,8,4,False,81.273,High
167,8,5,True,84.659,High
167,8,5,False,82.961,High
167,8,6,True,83.787,High
167,8,6,False,82.26,High
167,9,0,True,77.243,High
167,9,0,False,75.256,High
167,9,1,True,76.549,High
167,9,1,False,74.456,High
167,9,2,True,78.609,High
167,9,2,False,77.022,High
167,9,3,True,77.52,High
167,9,3,False,75.359,High
167,9,4,True,83.15,High
167,9,4,False,83.268,High
167,9,5,True,84.447,High
167,9,5,False,84.565,High
167,9,6,True,82.408,High
167,9,6,False,82.993,High
167,10,0,True,83.705,High
167,10,0,False,81.097,High
167,10,1,True,85.431,High
167,10,1,False,82.349,High
167,10,2,True,87.451,High
167,10,2,False,84.479,High
167,10,3,True,91.56,High
167,10,3,False,87.934,High
167,10,4,True,94.911,High
167,10,4,False,91.964,High
167,10,5,True,96.601,High
167,10,5,False,93.654,High
167,10,6,True,95.684,High
167,10,6,False,93.265,High
167,11,0,True,111.131,High
167,11,0,False,99.358,High
167,11,1,True,106.282,High
167,11,1,False,90.416,High
167,11,2,True,106.443,High
167,11,2,False,88.561,High
167,11,3,True,111.773,High
167,11,3,False,94.958,High
167,11,4,True,117.554,High
167,11,4,False,100.568,High
167,11,5,True,123.356,High
167,11,5,False,106.37,High
167,11,6,True,114.43,High
167,11,6,False,103.116,High
167,12,0,True,93.941,High
167,12,0,False,76.213,High
167,12,1,True,93.264,High
167,12,1,False,70.89,High
167,12,2,True,93.522,High
167,12,2,False,70.483,High
167,12,3,True,102.868,High
167,12,3,False,79.239,High
167,12,4,True,132.335,High
167,12,4,False,107.903,High
167,12,5,True,139.94,High
167,12,5,False,115.508,High
167,12,6,True,134.36,High
167,12,6,False,112.314,High
167,13,0,True,75.505,High
167,13,0,False,60.604,Moderate
167,13,1,True,67.798,Moderate
167,13,1,False,42.07,Low
167,13,2,True,68.961,Moderate
167,13,2,False,41.783,Low
167,13,3,True,84.324,High
167,13,3,False,59.744,Moderate
167,13,4,True,91.223,High
167,13,4,False,60.104,Moderate
167,13,5,True,104.922,High
167,13,5,False,73.803,High
167,13,6,True,101.182,High
167,13,6,False,71.349,High
167,14,0,True,44.341,Low
167,14,0,False,40.924,Low
167,14,1,True,47.169,Moderate
167,14,1,False,42.261,Low
167,14,2,True,46.653,Moderate
167,14,2,False,40.746,Low
167,14,3,True,49.637,Moderate
167,14,3,False,46.247,Moderate
167,14,4,True,59.904,Moderate
167,14,4,False,73.061,High
167,14,5,True,54.798,Moderate
167,14,5,False,67.956,Moderate
167,14,6,True,58.265,Moderate
167,14,6,False,67.153,Moderate
167,15,0,True,101.383,High
167,15,0,False,100.881,High
167,15,1,True,45.077,Moderate
167,15,1,False,39.666,Low
167,15,2,True,45.235,Moderate
167,15,2,False,38.254,Low
167,15,3,True,48.716,Moderate
167,15,3,False,41.603,Low
167,15,4,True,59.461,Moderate
167,15,4,False,54.747,Moderate
167,15,5,True,60.712,Moderate
167,15,5,False,55.999,Moderate
167,15,6,True,61.924,Moderate
167,15,6,False,57.437,Moderate
167,16,0,True,139.64,High
167,16,0,False,138.445,High
167,16,1,True,72.785,High
167,16,1,False,54.995,Moderate
167,16,2,True,73.535,High
167,16,2,False,52.073,Moderate
167,16,3,True,74.087,High
167,16,3,False,46.15,Moderate
167,16,4,True,83.406,High
167,16,4,False,56.927,Moderate
167,16,5,True,91.593,High
167,16,5,False,65.114,Moderate
167,16,6,True,113.768,High
167,16,6,False,88.661,High
167,17,0,True,105.919,High
167,17,0,False,93.137,High
167,17,1,True,81.719,High
167,17,1,False,60.272,Moderate
167,17,2,True,79.264,High
167,17,2,False,51.747,Moderate
167,17,3,True,89.553,High
167,17,3,False,49.68,Moderate
167,17,4,True,95.863,High
167,17,4,False,56.122,Moderate
167,17,5,True,108.964,High
167,17,5,False,69.223,Moderate
167,17,6,True,91.268,High
167,17,6,False,64.481,Moderate
167,18,0,True,78.49,High
167,18,0,False,76.729,High
167,18,1,True,57.759,Moderate
167,18,1,False,52.075,Moderate
167,18,2,True,52.252,Moderate
167,18,2,False,46.385,Moderate
167,18,3,True,52.859,Moderate
167,18,3,False,49.634,Moderate
167,18,4,True,48.933,Moderate
167,18,4,False,44.957,Moderate
167,18,5,True,51.329,Moderate
167,18,5,False,47.354,Moderate
167,18,6,True,52.786,Moderate
167,18,6,False,45.018,Moderate
167,19,0,True,29.004,Low
167,19,0,False,29.858,Low
167,19,1,True,26.721,Low
167,19,1,False,27.388,Low
167,19,2,True,24.471,Low
167,19,2,False,25.054,Low
167,19,3,True,13.544,Low
167,19,3,False,12.607,Low
167,19,4,True,11.632,Low
167,19,4,False,10.6,Low
167,19,5,True,13.305,Low
167,19,5,False,12.272,Low
167,19,6,True,19.968,Low
167,19,6,False,19.091,Low
167,20,0,True,27.278,Low
167,20,0,False,27.579,Low
167,20,1,True,21.326,Low
167,20,1,False,21.631,Low
167,20,2,True,19.546,Low
167,20,2,False,19.838,Low
167,20,3,True,13.962,Low
167,20,3,False,13.504,Low
167,20,4,True,14.205,Low
167,20,4,False,14.235,Low
167,20,5,True,14.69,Low
167,20,5,False,14.72,Low
167,20,6,True,21.618,Low
167,20,6,False,21.409,Low
167,21,0,True,16.964,Low
167,21,0,False,17.275,Low
167,21,1,True,15.776,Low
167,21,1,False,16.173,Low
167,21,2,True,14.138,Low
167,21,2,False,14.447,Low
167,21,3,True,9.547,Low
167,21,3,False,9.201,Low
167,21,4,True,9.506,Low
167,21,4,False,9.289,Low
167,21,5,True,10.189,Low
167,21,5,False,9.972,Low
167,21,6,True,13.973,Low
167,21,6,False,13.701,Low
167,22,0,True,16.025,Low
167,22,0,False,16.278,Low
167,22,1,True,14.922,Low
167,22,1,False,15.251,Low
167,22,2,True,13.834,Low
167,22,2,False,14.084,Low
167,22,3,True,9.355,Low
167,22,3,False,8.937,Low
167,22,4,True,9.365,Low
167,22,4,False,9.076,Low
167,22,5,True,10.104,Low
167,22,5,False,9.816,Low
167,22,6,True,13.737,Low
167,22,6,False,13.452,Low
167,23,0,True,16.04,Low
167,23,0,False,16.308,Low
167,23,1,True,14.95,Low
167,23,1,False,15.294,Low
167,23,2,True,13.877,Low
167,23,2,False,14.143,Low
167,23,3,True,9.405,Low
167,23,3,False,8.998,Low
167,23,4,True,9.414,Low
167,23,4,False,9.137,Low
167,23,5,True,10.154,Low
167,23,5,False,9.877,Low
167,23,6,True,13.737,Low
167,23,6,False,13.452,Low
